question,sparql
Who was Galileo Galilei's employer in 1592?,"SELECT ?obj WHERE { wd:Q307 p:P108 ?s . ?s ps:P108 ?obj . ?s pq:P580 ?x filter(contains(YEAR(?x),'1592')) }"
When did Helen Caldicott receive the award for Victorian Honour Roll of Women?,SELECT ?value WHERE { wd:Q431092 p:P166 ?s . ?s ps:P166 wd:Q7927224 . ?s pq:P585 ?value}
Tell me vocal group whose name has the word willows in it.,"SELECT DISTINCT ?sbj ?sbj_label WHERE { ?sbj wdt:P31 wd:Q120544 . ?sbj rdfs:label ?sbj_label . FILTER(CONTAINS(lcase(?sbj_label), 'willows')) . FILTER (lang(?sbj_label) = 'en') } LIMIT 25"
When did Iraq become a member of the International Development Association?,SELECT ?value WHERE { wd:Q796 p:P463 ?s . ?s ps:P463 wd:Q827525 . ?s pq:P580 ?value}
When Brad Pitt was awarded Volpi Cup for Best Actor?,SELECT ?value WHERE { wd:Q35332 p:P166 ?s . ?s ps:P166 wd:Q2089923 . ?s pq:P585 ?value}
What is the name in the original language of the daughter of Tyr?,SELECT ?answer WHERE { wd:Q172713 wdt:P22 ?X . ?X wdt:P1705 ?answer}
What is the architecture firm that is based in Saint Longinus?,SELECT ?answer WHERE { wd:Q7401650 wdt:P276 ?X . ?X wdt:P84 ?answer}
What is preceded by the birth of Gideon Adams?,SELECT ?answer WHERE { wd:Q5559554 wdt:P19 ?X . ?X wdt:P1365 ?answer}
Tell me the comics character which start with letter v.,"SELECT DISTINCT ?sbj ?sbj_label WHERE { ?sbj wdt:P31 wd:Q1114461 . ?sbj rdfs:label ?sbj_label . FILTER(STRSTARTS(lcase(?sbj_label), 'v')) . FILTER (lang(?sbj_label) = 'en') } LIMIT 25"
What equipment is operated by the administrator of the B-52 Stratofortress?,SELECT ?answer WHERE { wd:Q174534 wdt:P137 ?X . ?X wdt:P121 ?answer}
What is the next season of the Disney Infinity 2.0: Marvel Super Heroes series?,SELECT ?answer WHERE { wd:Q16971686 wdt:P155 ?X . ?X wdt:P400 ?answer}
WHICH ONE IS THE SPIRAL GALAXY WITH THE MOST RADIAL VELOCITY,select ?ent where { ?ent wdt:P31 wd:Q2488 . ?ent wdt:P2216 ?obj } ORDER BY DESC(?obj)LIMIT 5
Which rare disease killed Lou Gehrig?,select distinct ?obj where { wd:Q357444 wdt:P509 ?obj . ?obj wdt:P31 wd:Q42303753 }
How many people worshipped Yahweh?,SELECT (COUNT(?obj) AS ?value ) { wd:Q766677 wdt:P1049 ?obj }
Tell me  system whose name has the word vendian  in it.,"SELECT DISTINCT ?sbj ?sbj_label WHERE { ?sbj wdt:P31 wd:Q403523 . ?sbj rdfs:label ?sbj_label . FILTER(CONTAINS(lcase(?sbj_label), 'vendian')) . FILTER (lang(?sbj_label) = 'en') } LIMIT 25"
Which religious affiliation of Qara Khitai is under the domain of Buddhist studies?,SELECT ?answer WHERE { wd:Q862304 wdt:P140 ?answer . ?answer wdt:P2579 wd:Q1000976}
What is the asteroid with the highest periapsis whose site of astronomical discovery is Landessternwarte Heidelberg-Königstuhl ?,select ?ent where { ?ent wdt:P31 wd:Q3863 . ?ent wdt:P2244 ?obj . ?ent wdt:P65 wd:Q27115 } ORDER BY DESC(?obj)LIMIT 5
When did Kurmanbek Bakiyev end as head of state for Kyrgyzstan?,SELECT ?value WHERE { wd:Q813 p:P35 ?s . ?s ps:P35 wd:Q484816 . ?s pq:P582 ?value}
Who stepped down as the excavation director of works in Pompeii in 1825?,"SELECT ?obj WHERE { wd:Q43332 p:P4345 ?s . ?s ps:P4345 ?obj . ?s pq:P582 ?x filter(contains(YEAR(?x),'1825')) }"
What is the name of Hannah Murray's character on Game of Thrones?,SELECT ?value WHERE { wd:Q23572 p:P161 ?s . ?s ps:P161 wd:Q231086 . ?s pq:P453 ?value}
What is the Revised Hepburn romanization for Morning Musume with its name in kana モーニングむすめ?,"SELECT ?value WHERE { wd:Q174291 p:P1814 ?s . ?s ps:P1814 ?x filter(contains(?x,'モーニングむすめ')) . ?s pq:P2125 ?value}"
Tell me the branch of philosophy that contains the word {philosophy} in their name,"SELECT DISTINCT ?sbj ?sbj_label WHERE { ?sbj wdt:P31 wd:Q22811234 . ?sbj rdfs:label ?sbj_label . FILTER(CONTAINS(lcase(?sbj_label), 'philosophy')) . FILTER (lang(?sbj_label) = 'en') } LIMIT 25"
What is the name of a data structure that starts with the letter t.,"SELECT DISTINCT ?sbj ?sbj_label WHERE { ?sbj wdt:P31 wd:Q175263 . ?sbj rdfs:label ?sbj_label . FILTER(STRSTARTS(lcase(?sbj_label), 't')) . FILTER (lang(?sbj_label) = 'en') } LIMIT 25"
What is the Italian municipality for Cardiff's sister administration?,select distinct ?obj where { wd:Q10690 wdt:P190 ?obj . ?obj wdt:P31 wd:Q747074 }
What award did Alan Hollinghurst receive for his work in The Folding Star?,SELECT ?obj WHERE { wd:Q316048 p:P166 ?s . ?s ps:P166 ?obj . ?s pq:P1686 wd:Q629646 }
What are the lyrics and language of work or name of God Save the Queen?,SELECT ?ans_1 ?ans_2 WHERE { wd:Q40807 wdt:P676 ?ans_1 . wd:Q40807 wdt:P407 ?ans_2 }
What was composed by Giselle that had his father as Louis Adam?,SELECT ?answer WHERE { wd:Q827436 wdt:P86 ?answer . ?answer wdt:P22 wd:Q1349517}
What territory is Montreal the capitol of?,select distinct ?obj where { wd:Q340 wdt:P150 ?obj . ?obj wdt:P31 wd:Q578521 }
"Which {sister has} {kids} of {John Spencer, 8th Earl Spencer} ?",SELECT ?answer WHERE { wd:Q593671 wdt:P40 ?X . ?X wdt:P3373 ?answer}
Tell me fallen angel whose name has the word zaqiel in it.,"SELECT DISTINCT ?sbj ?sbj_label WHERE { ?sbj wdt:P31 wd:Q581450 . ?sbj rdfs:label ?sbj_label . FILTER(CONTAINS(lcase(?sbj_label), 'zaqiel')) . FILTER (lang(?sbj_label) = 'en') } LIMIT 25"
What was Adam Sandler's estimated net worth in 2015?,"SELECT ?obj WHERE { wd:Q132952 p:P2218 ?s . ?s ps:P2218 ?obj . ?s pq:P585 ?x filter(contains(YEAR(?x),'2015')) }"
Which online dictionary has the highest number of records?,select ?ent where { ?ent wdt:P31 wd:Q3327521 . ?ent wdt:P4876 ?obj } ORDER BY DESC(?obj)LIMIT 5
Which census population method was used to determine the Region of Valparaiso?,SELECT ?obj WHERE { wd:Q219458 p:P1082 ?s . ?s ps:P1082 ?obj . ?s pq:P459 wd:Q39825 }
What is the relation of Q48460 and medical speciality to suicide?,SELECT ?answer WHERE { wd:Q10737 wdt:P1995 ?X . ?X wdt:P1036 ?answer}
Tell me the United States federal executive department that contains the word department in their name,"SELECT DISTINCT ?sbj ?sbj_label WHERE { ?sbj wdt:P31 wd:Q910252 . ?sbj rdfs:label ?sbj_label . FILTER(CONTAINS(lcase(?sbj_label), 'department')) . FILTER (lang(?sbj_label) = 'en') } LIMIT 25"
Who is the {historical country} for {shares border with} of {Roman Empire},select distinct ?obj where { wd:Q2277 wdt:P47 ?obj . ?obj wdt:P31 wd:Q3024240 }
How many religions are consists with the Al-Juwayni} ?,SELECT (COUNT(?obj) AS ?value ) { wd:Q2584074 wdt:P140 ?obj }
What organization does George Rudinger work at?,SELECT ?answer WHERE { wd:Q1505786 wdt:P108 ?X . ?X wdt:P131 ?answer}
Where is Columbia University's headquarters located which has a postal code 10027?,"SELECT ?obj WHERE { wd:Q49088 p:P159 ?s . ?s ps:P159 ?obj . ?s pq:P281 ?x filter(contains(?x,'10027')) }"
What did Jim Kublin participate as in the event?,SELECT ?answer WHERE { wd:Q18586173 wdt:P1344 ?X . ?X wdt:P1427 ?answer}
What is Craig T. Nelson's spoken language whose name is abbreviated английский?,"SELECT ?answer WHERE { wd:Q329807 wdt:P1412 ?answer . ?answer wdt:P1813 ?x FILTER(contains(?x,'английский'))}"
Znin is adjacent to Dusseldorg as they are twin cities.,SELECT ?answer WHERE { wd:Q1718 wdt:P47 ?answer . ?answer wdt:P190 wd:Q324941}
How many male and female kids does Almanzor have?,SELECT ?answer WHERE { wd:Q334861 wdt:P40 ?answer . ?answer wdt:P21 wd:Q6581097}
When did Shmuel Yosef Agnon win the Nobel Prize in Literature?,SELECT ?value WHERE { wd:Q133042 p:P166 ?s . ?s ps:P166 wd:Q37922 . ?s pq:P585 ?value}
What is the beginnig for Fritz Walter as a member from Germany football player?,SELECT ?value WHERE { wd:Q22717 p:P54 ?s . ?s ps:P54 wd:Q43310 . ?s pq:P580 ?value}
What is the sister city of Ivan Turgenev's hometown?,SELECT ?answer WHERE { wd:Q42831 wdt:P551 ?X . ?X wdt:P190 ?answer}
What is the work of Joseph Campbell and is apart from interpreter ?,SELECT ?answer WHERE { wd:Q295516 wdt:P106 ?answer . ?answer wdt:P1889 wd:Q11085831}
WHICH IS THE GENETIC ASSOCIATION OF MURDER METHOD OF ALEXANDER WOOLLCOTT,SELECT ?answer WHERE { wd:Q361859 wdt:P509 ?X . ?X wdt:P2293 ?answer}
What statement did Harold Prince deliver when he received the Tony Award for Best Direction of a Musical?,SELECT ?value WHERE { wd:Q605924 p:P166 ?s . ?s ps:P166 wd:Q377293 . ?s pq:P805 ?value}
Where Carl Theodor Dreyer born at Denmark died?,SELECT ?obj WHERE { wd:Q51127 p:P20 ?s . ?s ps:P20 ?obj . ?s pq:P17 wd:Q35 }
who sister town of born in of Huban Öztoprak ?,SELECT ?answer WHERE { wd:Q16588877 wdt:P19 ?X . ?X wdt:P190 ?answer}
What is the taxon source of the coral's body?,select distinct ?sbj where { ?sbj wdt:P1672 wd:Q171446 . ?sbj wdt:P31 wd:Q16521 }
"When will United States Representative, Jeanette Rankin's, term end?",SELECT ?value WHERE { wd:Q232407 p:P39 ?s . ?s ps:P39 wd:Q13218630 . ?s pq:P582 ?value}
who telephone code of location born of jack kevorkian ?,SELECT ?answer WHERE { wd:Q46636 wdt:P19 ?X . ?X wdt:P473 ?answer}
What is the county seat of the county in which Olafur Eliasson lives?,SELECT ?answer WHERE { wd:Q365691 wdt:P937 ?X . ?X wdt:P1376 ?answer}
Which territory of Australia was replaced by the Northern Territory?,select distinct ?obj where { wd:Q3235 wdt:P1366 ?obj . ?obj wdt:P31 wd:Q14192234 }
What electoral district did William Beveridge hold as Member of the 37th Parliament of the United Kingdom?,SELECT ?value WHERE { wd:Q335049 p:P39 ?s . ?s ps:P39 wd:Q41582593 . ?s pq:P768 ?value}
Which is the golf course arena carrying designs patterns of Donald Trump?,select distinct ?sbj where { ?sbj wdt:P287 wd:Q22686 . ?sbj wdt:P31 wd:Q1048525 }
Who is the  {plantation} for {architect} of {Thomas Jefferson},select distinct ?sbj where { ?sbj wdt:P84 wd:Q11812 . ?sbj wdt:P31 wd:Q188913 }
how many signatories does south korea have?,SELECT (COUNT(?sub) AS ?value ) { ?sub wdt:P1891 wd:Q884 }
"Which nomination did Shelley Winters receive for her work in ""A place in the Sun""?",SELECT ?obj WHERE { wd:Q202144 p:P1411 ?s . ?s ps:P1411 ?obj . ?s pq:P1686 wd:Q733627 }
What are the coordinates for the river source of Moselle?,SELECT ?obj WHERE { wd:Q1667 p:P625 ?s . ?s ps:P625 ?obj . ?s pq:P518 wd:Q7376362 }
Which award did Jacinto Benavente receive in the year 1922?,"SELECT ?obj WHERE { wd:Q83184 p:P166 ?s . ?s ps:P166 ?obj . ?s pq:P585 ?x filter(contains(YEAR(?x),'1922')) }"
What is the deathplace of Natalia Molchanova with a government headed by Jaume Ferrer Ribas?,SELECT ?answer WHERE { wd:Q59920 wdt:P20 ?answer . ?answer wdt:P6 wd:Q11684565}
"On Jan 1st, 1915, what did Henri Bergson get nominated for?","SELECT ?obj WHERE { wd:Q42156 p:P1411 ?s . ?s ps:P1411 ?obj . ?s pq:P585 ?x filter(contains(YEAR(?x),'1915')) }"
Which Titian's disciple was born in 1540-1-1?,"SELECT ?answer WHERE { wd:Q47551 wdt:P802 ?answer . ?answer wdt:P569 ?x FILTER(contains(YEAR(?x),'1540'))}"
What religion do the children of Mahisente Habte Mariam follow?,SELECT ?answer WHERE { wd:Q6734112 wdt:P40 ?X . ?X wdt:P140 ?answer}
When was Alexander Karelin become the citizen of Russia?,SELECT ?value WHERE { wd:Q187247 p:P27 ?s . ?s ps:P27 wd:Q159 . ?s pq:P580 ?value}
What is the Hepatitis B gene?,select distinct ?obj where { wd:Q6853 wdt:P2293 ?obj . ?obj wdt:P31 wd:Q7187 }
Who produces and makes 300B?,SELECT ?answer WHERE { wd:Q4634305 wdt:P176 ?X . ?X wdt:P1056 ?answer}
What are the active ingredients of the pharmaceutical product niacin,select distinct ?sbj where { ?sbj wdt:P3781 wd:Q134658 . ?sbj wdt:P31 wd:Q28885102 }
Which bridge did engineer Isambard Kingdom Burnel build?,select distinct ?sbj where { ?sbj wdt:P631 wd:Q207380 . ?sbj wdt:P31 wd:Q537127 }
What are the mass media which start with the letter youtube,"SELECT DISTINCT ?sbj ?sbj_label WHERE { ?sbj wdt:P31 wd:Q11033 . ?sbj rdfs:label ?sbj_label . FILTER(CONTAINS(lcase(?sbj_label), 'youtube')) . FILTER (lang(?sbj_label) = 'en') } LIMIT 25"
Which is the release version for Steam on computer?,SELECT ?answer WHERE { wd:Q337535 wdt:P400 ?X . ?X wdt:P348 ?answer}
What position did Halford Mackinder hold in the Glasgow Camlachie district?,SELECT ?obj WHERE { wd:Q299938 p:P39 ?s . ?s ps:P39 ?obj . ?s pq:P768 wd:Q5566762 }
what is the history of topic and the geography of topic of  korea?,SELECT ?ans_1 ?ans_2 WHERE { wd:Q18097 wdt:P2184 ?ans_1 . wd:Q18097 wdt:P2633 ?ans_2 }
How many Doctor Who spin-offs are there?,SELECT (COUNT(?obj) AS ?value ) { wd:Q34316 wdt:P2512 ?obj }
"Which is next to Xinjiang, that has arrondissements as Haidong?",SELECT ?answer WHERE { wd:Q34800 wdt:P47 ?answer . ?answer wdt:P150 wd:Q984788}
When the statement was declared that German is sharing its border with the Poland?,SELECT ?value WHERE { wd:Q183 p:P47 ?s . ?s ps:P47 wd:Q36 . ?s pq:P805 ?value}
Harriet Tubman's death occurred where and how?,SELECT ?ans_1 ?ans_2 WHERE { wd:Q102870 wdt:P1196 ?ans_1 . wd:Q102870 wdt:P20 ?ans_2 }
Which child of Julio Iglesias won the Latin Grammy Award for Best Male Pop Vocal Album?,SELECT ?answer WHERE { wd:Q122003 wdt:P40 ?answer . ?answer wdt:P166 wd:Q6496361}
Where is the operating area for Super Rugby?,SELECT (COUNT(?obj) AS ?value ) { wd:Q855988 wdt:P2541 ?obj }
Which is the birthplace of J.Edgar Hoover in the territory identical with District of Columbia?,SELECT ?answer WHERE { wd:Q210435 wdt:P19 ?answer . ?answer wdt:P3403 wd:Q3551781}
What are the health profession which start with the letter r,"SELECT DISTINCT ?sbj ?sbj_label WHERE { ?sbj wdt:P31 wd:Q3922583 . ?sbj rdfs:label ?sbj_label . FILTER(STRSTARTS(lcase(?sbj_label), 'r')) . FILTER (lang(?sbj_label) = 'en') } LIMIT 25"
What medical condition is treated with Sodium Bicarbonate?,SELECT ?answer WHERE { wd:Q179731 wdt:P2175 ?X . ?X wdt:P1995 ?answer}
What is the time zone where the Battle of Mars Los Angeles Tour is located?,SELECT ?answer WHERE { wd:Q699262 wdt:P276 ?X . ?X wdt:P421 ?answer}
What are the interdisciplinary science which start with the letter toxicology,"SELECT DISTINCT ?sbj ?sbj_label WHERE { ?sbj wdt:P31 wd:Q1665984 . ?sbj rdfs:label ?sbj_label . FILTER(CONTAINS(lcase(?sbj_label), 'toxicology')) . FILTER (lang(?sbj_label) = 'en') } LIMIT 25"
Who is {disciple} and {supervisor} of {David Ward-Steinman} ?,SELECT ?answer WHERE { wd:Q5240827 wdt:P1066 ?X . ?X wdt:P802 ?answer}
"In the 68th Academy Awards, what nomination did Mira Sorvino receive?",SELECT ?obj WHERE { wd:Q212026 p:P1411 ?s . ?s ps:P1411 ?obj . ?s pq:P805 wd:Q903494 }
Where is the work location of Harthacanute which belongs to Asian Development Bank,SELECT ?answer WHERE { wd:Q190091 wdt:P937 ?answer . ?answer wdt:P463 wd:Q188822}
What is between the connection of Fukushima Prefectural Road Route 52?,SELECT ?answer WHERE { wd:Q11593658 wdt:P2789 ?X . ?X wdt:P609 ?answer}
What are the phonetic alphabet which start with the letter t,"SELECT DISTINCT ?sbj ?sbj_label WHERE { ?sbj wdt:P31 wd:Q579287 . ?sbj rdfs:label ?sbj_label . FILTER(STRSTARTS(lcase(?sbj_label), 't')) . FILTER (lang(?sbj_label) = 'en') } LIMIT 25"
Where the human place of burial of Venice?,select distinct ?sbj where { ?sbj wdt:P119 wd:Q641 . ?sbj wdt:P31 wd:Q5 }
What gospel should be read for the present day work of David?,select distinct ?obj where { wd:Q41370 wdt:P1441 ?obj . ?obj wdt:P31 wd:Q34274 }
What was discovered by Urban Le Verrier that Proteus orbits around?,SELECT ?answer WHERE { wd:Q16081 wdt:P397 ?answer . ?answer wdt:P61 wd:Q104154}
What is the religious text provided by the biblical figure David?,select distinct ?obj where { wd:Q41370 wdt:P1441 ?obj . ?obj wdt:P31 wd:Q179461 }
"Who is the head of government in London, and what office do they hold?",SELECT ?ans_1 ?ans_2 WHERE { wd:Q23311 wdt:P6 ?ans_1 . wd:Q23311 wdt:P1313 ?ans_2 }
Tell me the festival which starts with the letter v!,"SELECT DISTINCT ?sbj ?sbj_label WHERE { ?sbj wdt:P31 wd:Q132241 . ?sbj rdfs:label ?sbj_label . FILTER(STRSTARTS(lcase(?sbj_label), 'v')) . FILTER (lang(?sbj_label) = 'en') } LIMIT 25"
What is the series that Rudolf Steiner was known as Rudolf?,SELECT ?value WHERE { wd:Q78484 p:P735 ?s . ?s ps:P735 wd:Q18028491 . ?s pq:P1545 ?value}
What are the hot spring which start with the letter u,"SELECT DISTINCT ?sbj ?sbj_label WHERE { ?sbj wdt:P31 wd:Q177380 . ?sbj rdfs:label ?sbj_label . FILTER(STRSTARTS(lcase(?sbj_label), 'u')) . FILTER (lang(?sbj_label) = 'en') } LIMIT 25"
How many directors are there for Americal Idol?,SELECT (COUNT(?obj) AS ?value ) { wd:Q201052 wdt:P57 ?obj }
"Which is the shopping day that starts with ""b""?","SELECT DISTINCT ?sbj ?sbj_label WHERE { ?sbj wdt:P31 wd:Q43516519 . ?sbj rdfs:label ?sbj_label . FILTER(STRSTARTS(lcase(?sbj_label), 'b')) . FILTER (lang(?sbj_label) = 'en') } LIMIT 25"
For what John O.Aalberg was nominated for in It's a Wonderful Life?,SELECT ?obj WHERE { wd:Q204191 p:P1411 ?s . ?s ps:P1411 ?obj . ?s pq:P2453 wd:Q1699086 }
What is the new position for Yahya Khan who once held the position of Minister of Foreign affairs?,SELECT ?value WHERE { wd:Q333981 p:P39 ?s . ?s ps:P39 wd:Q2332457 . ?s pq:P1366 ?value}
What takes place on Rosh Hashanah in the month of Tishrei?,SELECT ?answer WHERE { wd:Q131028 wdt:P837 ?answer . ?answer wdt:P2922 wd:Q217782}
For what piece of work was Viola Davis nominated for a Tony Award for Best Featured Actress in a Play?,SELECT ?value WHERE { wd:Q229181 p:P1411 ?s . ?s ps:P1411 wd:Q627778 . ?s pq:P805 ?value}
What portrait has the Woman Drinking Wine wearing a pendant?,SELECT ?answer WHERE { wd:Q32995247 wdt:P1639 ?X . ?X wdt:P180 ?answer}
To what office did Joe Byrd succeed Wilma Mankiller?,SELECT ?obj WHERE { wd:Q2327358 p:P39 ?s . ?s ps:P39 ?obj . ?s pq:P1366 wd:Q6208909 }
What is major event of participant event of Jim Clark ?,SELECT ?answer WHERE { wd:Q3137 wdt:P1344 ?X . ?X wdt:P793 ?answer}
What is the political party that Hillary Clinton is a member of?,SELECT ?ans_1 ?ans_2 WHERE { wd:Q6294 wdt:P463 ?ans_1 . wd:Q6294 wdt:P102 ?ans_2 }
Which business enterprise has highest operating income?,select ?ent where { ?ent wdt:P31 wd:Q4830453 . ?ent wdt:P3362 ?obj } ORDER BY DESC(?obj)LIMIT 5
What city in New York was Martin Balsam born in?,SELECT ?obj WHERE { wd:Q312107 p:P19 ?s . ?s ps:P19 ?obj . ?s pq:P131 wd:Q1384 }
What is the TV host of the copy of Berpacu Dalam Melodi?,SELECT ?answer WHERE { wd:Q12475983 wdt:P144 ?X . ?X wdt:P371 ?answer}
Who was a student of Maurice Ravel?,select distinct ?obj where { wd:Q1178 wdt:P1066 ?obj . ?obj wdt:P31 wd:Q5 }
TELL ME HISTORICAL REGION THAT STARTS WITH THE LETTER V,"SELECT DISTINCT ?sbj ?sbj_label WHERE { ?sbj wdt:P31 wd:Q1620908 . ?sbj rdfs:label ?sbj_label . FILTER(STRSTARTS(lcase(?sbj_label), 'v')) . FILTER (lang(?sbj_label) = 'en') } LIMIT 25"
What is the stature of CN Tower that is the standard utilized is tallness to the involved floor?,SELECT ?obj WHERE { wd:Q134883 p:P2048 ?s . ?s ps:P2048 ?obj . ?s pq:P1013 wd:Q31271474 }
What is the farthest the Max Planck Institute for Solar System Research telescope can see?,select ?ent where { ?ent wdt:P31 wd:Q1238291 . ?ent wdt:P2151 ?obj . ?ent wdt:P137 wd:Q470648 } ORDER BY DESC(?obj)LIMIT 5
What is Mizoram?,select distinct ?obj where { wd:Q1502 wdt:P3403 ?obj . ?obj wdt:P31 wd:Q57156205 }
Who designed Structured Query Language?,select distinct ?obj where { wd:Q47607 wdt:P287 ?obj . ?obj wdt:P31 wd:Q5 }
What military branch of the air force did Yuri Gagarin work for?,select distinct ?obj where { wd:Q7327 wdt:P241 ?obj . ?obj wdt:P31 wd:Q61883 }
What is the name of the invention by Humphry Davy that uses Faraday's law of induction?,SELECT ?answer WHERE { wd:Q181465 wdt:P138 ?answer . ?answer wdt:P737 wd:Q131761}
"Tell me me a cryptocurrenc whose name consist of the word ""neo"" and whose stock exchange bitfinex","SELECT DISTINCT ?sbj ?sbj_label WHERE { ?sbj wdt:P31 wd:Q13479982 . ?sbj wdt:P414 wd:Q29647473 . ?sbj rdfs:label ?sbj_label . FILTER(CONTAINS(lcase(?sbj_label), 'neo')) . FILTER (lang(?sbj_label) = 'en') } LIMIT 25"
What type of money do they use in Hong Kong?,select distinct ?obj where { wd:Q8646 wdt:P38 ?obj . ?obj wdt:P31 wd:Q8142 }
"What is in the shire of Anhui, where the title of the head of government is Premier of the People's Republic of China?",SELECT ?answer WHERE { wd:Q40956 wdt:P131 ?answer . ?answer wdt:P1313 wd:Q4122271}
Which tank locomotive has the highest number of cylinders with a 0-4-OT wheel arrangement?,select ?ent where { ?ent wdt:P31 wd:Q785745 . ?ent wdt:P1100 ?obj . ?ent wdt:P2978 wd:Q26234727 } ORDER BY DESC(?obj)LIMIT 5
What is notable about the woman depicted in Le Déjeuner sur l'herbe?,SELECT ?value WHERE { wd:Q152509 p:P180 ?s . ?s ps:P180 wd:Q467 . ?s pq:P518 ?value}
Which is {facility operated} and {operated by} {Singapore Airlines Flight 368} ?,SELECT ?answer WHERE { wd:Q24844462 wdt:P137 ?X . ?X wdt:P121 ?answer}
Which is the trend that contains the word zlatkoisierung in it's name?,"SELECT DISTINCT ?sbj ?sbj_label WHERE { ?sbj wdt:P31 wd:Q1514415 . ?sbj rdfs:label ?sbj_label . FILTER(CONTAINS(lcase(?sbj_label), 'zlatkoisierung')) . FILTER (lang(?sbj_label) = 'en') } LIMIT 25"
What does the statue of Dante Alighieri depict,select distinct ?sbj where { ?sbj wdt:P180 wd:Q1067 . ?sbj wdt:P31 wd:Q179700 }
Who are the inhabitants of the basin countries of Barents Sea?,SELECT ?answer WHERE { wd:Q45823 wdt:P205 ?X . ?X wdt:P1082 ?answer}
Which party member was a suspect in the German presidential election of 2009?,SELECT ?answer WHERE { wd:Q707051 wdt:P710 ?X . ?X wdt:P102 ?answer}
What notable work was produced by Giotto di Bondone in 1300?,"SELECT ?obj WHERE { wd:Q7814 p:P800 ?s . ?s ps:P800 ?obj . ?s pq:P585 ?x filter(contains(YEAR(?x),'1300')) }"
What is Robert Mugabe's religion and citizenship?,SELECT ?ans_1 ?ans_2 WHERE { wd:Q10707 wdt:P140 ?ans_1 . wd:Q10707 wdt:P27 ?ans_2 }
Who gave the{effect of} of {represents} of {Old Woman} ?,SELECT ?answer WHERE { wd:Q29656429 wdt:P180 ?X . ?X wdt:P828 ?answer}
Tell me the isotope hydrogen which follows deuterium and whose name starts with t?,"SELECT DISTINCT ?sbj ?sbj_label WHERE { ?sbj wdt:P31 wd:Q466603 . ?sbj wdt:P155 wd:Q102296 . ?sbj rdfs:label ?sbj_label . FILTER(STRSTARTS(lcase(?sbj_label), 't')) . FILTER (lang(?sbj_label) = 'en') } LIMIT 25"
Which ice hockey team season has the highest number of points/goals conceded?,select ?ent where { ?ent wdt:P31 wd:Q27020779 . ?ent wdt:P1359 ?obj } ORDER BY DESC(?obj)LIMIT 5
"What municipality of Catalonia, that is located in Bages,  is the most populated?",select ?ent where { ?ent wdt:P31 wd:Q33146843 . ?ent wdt:P1082 ?obj . ?ent wdt:P131 wd:Q15346 } ORDER BY DESC(?obj)LIMIT 5
What taxon ranked species has the shortest gestation period?,select ?ent where { ?ent wdt:P31 wd:Q16521 . ?ent wdt:P3063 ?obj . ?ent wdt:P105 wd:Q7432} ORDER BY ASC(?obj)LIMIT 5
Tell me  a album whose name consist of the word wall and whose english is the language of work,"SELECT DISTINCT ?sbj ?sbj_label WHERE { ?sbj wdt:P31 wd:Q482994 . ?sbj wdt:P407 wd:Q1860 . ?sbj rdfs:label ?sbj_label . FILTER(CONTAINS(lcase(?sbj_label), 'wall')) . FILTER (lang(?sbj_label) = 'en') } LIMIT 25"
Who was Louis Pasteur main influence ?,select distinct ?sbj where { ?sbj wdt:P737 wd:Q529 . ?sbj wdt:P31 wd:Q5 }
Where is Akhenaten buried and where did they die?,SELECT ?ans_1 ?ans_2 WHERE { wd:Q81794 wdt:P119 ?ans_1 . wd:Q81794 wdt:P20 ?ans_2 }
Where was David Icke born and what position does he play?,SELECT ?ans_1 ?ans_2 WHERE { wd:Q333118 wdt:P413 ?ans_1 . wd:Q333118 wdt:P19 ?ans_2 }
What are the intergovernmental organization that contains the word southern in their name,"SELECT DISTINCT ?sbj ?sbj_label WHERE { ?sbj wdt:P31 wd:Q245065 . ?sbj rdfs:label ?sbj_label . FILTER(CONTAINS(lcase(?sbj_label), 'southern')) . FILTER (lang(?sbj_label) = 'en') } LIMIT 25"
What is the official website for the John Betjeman archives at Leeds University Library?,SELECT ?value WHERE { wd:Q962308 p:P485 ?s . ?s ps:P485 wd:Q24568958 . ?s pq:P856 ?value}
What is the URL language in Naturwissenschaften with typology in a stress-timed language?,SELECT ?answer WHERE { wd:Q324878 wdt:P407 ?answer . ?answer wdt:P4132 wd:Q7888721}
Which {member} is {author} of {Two Treatises of Government} ?,SELECT ?answer WHERE { wd:Q231949 wdt:P50 ?X . ?X wdt:P463 ?answer}
Who gave the  {sector} of {developed by} of {Ms. Pac-Man} ?,SELECT ?answer WHERE { wd:Q2141683 wdt:P178 ?X . ?X wdt:P452 ?answer}
Where is Glasgow nearest body of water located and where is the administrative territorial entity located?,SELECT ?ans_1 ?ans_2 WHERE { wd:Q4093 wdt:P206 ?ans_1 . wd:Q4093 wdt:P131 ?ans_2 }
What awards has Aruna Irani received?,SELECT ?answer WHERE { wd:Q158225 wdt:P166 ?X . ?X wdt:P1346 ?answer}
What is the Wikimedia list page for The Thinker,select distinct ?sbj where { ?sbj wdt:P360 wd:Q18003128 . ?sbj wdt:P31 wd:Q13406463 }
Who painted Mona Lisa ?,select distinct ?sbj where { ?sbj wdt:P1299 wd:Q12418 . ?sbj wdt:P31 wd:Q5 }
Which color appears in Rocketeer?,SELECT ?answer WHERE { wd:Q13476036 wdt:P1441 ?X . ?X wdt:P462 ?answer}
What's the patent number for MP3?,SELECT (COUNT(?obj) AS ?value ) { wd:Q42591 wdt:P1246 ?obj }
"What data controller contains the word ""uber"" in its name ?","SELECT DISTINCT ?sbj ?sbj_label WHERE { ?sbj wdt:P31 wd:Q59859818 . ?sbj wdt:P1056 wd:Q61058590 . ?sbj rdfs:label ?sbj_label . FILTER(CONTAINS(lcase(?sbj_label), 'uber')) . FILTER (lang(?sbj_label) = 'en') } LIMIT 25"
Who received an Academy Award for Best Supporting Actor for Spartacus?,SELECT ?value WHERE { wd:Q108297 p:P166 ?s . ?s ps:P166 wd:Q106291 . ?s pq:P1346 ?value}
What is informed by playing A Brand New Day?,SELECT ?answer WHERE { wd:Q49810 wdt:P175 ?X . ?X wdt:P737 ?answer}
How many wing configurations are on a fixed-wing aircraft?,SELECT (COUNT(?sub) AS ?value ) { ?sub wdt:P1654 wd:Q2875704 }
What is the topic of Bar whose Universal Decimal Classification is 34?,"SELECT ?answer WHERE { wd:Q17015569 wdt:P1269 ?answer . ?answer wdt:P1190 ?x FILTER(contains(?x,'34'))}"
Where does Jean-Jacques Rousseau live,select distinct ?sbj where { ?sbj wdt:P466 wd:Q6527 . ?sbj wdt:P31 wd:Q3947 }
Name the underground railway station with maximum patronage?,select ?ent where { ?ent wdt:P31 wd:Q55491 . ?ent wdt:P3872 ?obj } ORDER BY DESC(?obj)LIMIT 5
What female is not the same as Kevin Durant who is male?,SELECT ?answer WHERE { wd:Q29545 wdt:P1889 ?answer . ?answer wdt:P21 wd:Q6581097}
Which comarca of Catalonia has the highest nominal GDP?,select ?ent where { ?ent wdt:P31 wd:Q937876 . ?ent wdt:P2131 ?obj } ORDER BY DESC(?obj)LIMIT 5
Who are the characters in the second season of the series Black Sails?,SELECT ?answer WHERE { wd:Q21185947 wdt:P179 ?X . ?X wdt:P674 ?answer}
Has the Pluto's object contributors to the creative work as Shamus Culhane?,SELECT ?value WHERE { wd:Q108732 p:P767 ?s . ?s ps:P767 wd:Q3089911 . ?s pq:P3831 ?value}
What is the parent company of those who work at Roberta Bondar?,SELECT ?answer WHERE { wd:Q258385 wdt:P108 ?X . ?X wdt:P355 ?answer}
Where did the Biblical story of Exodus take place?,select distinct ?obj where { wd:Q9190 wdt:P840 ?obj . ?obj wdt:P31 wd:Q1620908 }
What year was John Hunyadi buried?,SELECT ?answer WHERE { wd:Q242688 wdt:P119 ?X . ?X wdt:P571 ?answer}
"What Manila twinned administrative body started on January 1, 1966?","SELECT ?obj WHERE { wd:Q1461 p:P190 ?s . ?s ps:P190 ?obj . ?s pq:P580 ?x filter(contains(YEAR(?x),'1966')) }"
What is the bay close to Seattle ?,select distinct ?obj where { wd:Q5083 wdt:P206 ?obj . ?obj wdt:P31 wd:Q39594 }
How many commemorates were given to Giuseppe Garibaldi?,SELECT (COUNT(?sub) AS ?value ) { ?sub wdt:P547 wd:Q539 }
Which television series is Burt Reynolds in?,select distinct ?sbj where { ?sbj wdt:P161 wd:Q202148 . ?sbj wdt:P31 wd:Q5398426 }
What year is written in the state of Bengali?,SELECT ?answer WHERE { wd:Q9610 wdt:P17 ?X . ?X wdt:P571 ?answer}
Who is the inventor of the zipper whose carreer is in engineering?,SELECT ?answer WHERE { wd:Q101761 wdt:P61 ?answer . ?answer wdt:P106 wd:Q81096}
Give me the determination method for Liberia has total fertility rate as 5.105 ?,"SELECT ?value WHERE { wd:Q1014 p:P4841 ?s . ?s ps:P4841 ?x filter(contains(?x,'5.105')) . ?s pq:P459 ?value}"
What is the short term exposure limit for benzene?,SELECT (COUNT(?obj) AS ?value ) { wd:Q2270 wdt:P2407 ?obj }
What business is conducted at the  New York Stock Exchange?,select distinct ?sbj where { ?sbj wdt:P414 wd:Q13677 . ?sbj wdt:P31 wd:Q4830453 }
Who is the relative of the Faisal of Saudi Arabia?,select distinct ?obj where { wd:Q217167 wdt:P1038 ?obj . ?obj wdt:P31 wd:Q5 }
"In Spain, which optical telescope has the minimum focal length?",select ?ent where { ?ent wdt:P31 wd:Q35273 . ?ent wdt:P2151 ?obj . ?ent wdt:P17 wd:Q29} ORDER BY ASC(?obj)LIMIT 5
What's treated by or treats the disease of ether?,SELECT ?answer WHERE { wd:Q202218 wdt:P2175 ?X . ?X wdt:P2176 ?answer}
How many Sundays are they open?,SELECT (COUNT(?sub) AS ?value ) { ?sub wdt:P3025 wd:Q132 }
Who is the director of America's Funniest Home Videos?,SELECT ?answer WHERE { wd:Q1595930 wdt:P495 ?X . ?X wdt:P6 ?answer}
Who was the leader of the Communist Party of the Soviet Union?,select distinct ?sbj where { ?sbj wdt:P102 wd:Q79854 . ?sbj wdt:P31 wd:Q5 }
Who lives on the shore of Richard Dawkins?,SELECT ?answer WHERE { wd:Q44461 wdt:P551 ?X . ?X wdt:P206 ?answer}
What is the hinfluence of the language of expression of Christina Grimmie?,SELECT ?answer WHERE { wd:Q231713 wdt:P1412 ?X . ?X wdt:P737 ?answer}
Which is the {taxon rank} and the {parent taxon} of {Armadillo} ?,SELECT ?ans_1 ?ans_2 WHERE { wd:Q47867 wdt:P105 ?ans_1 . wd:Q47867 wdt:P171 ?ans_2 }
How many {habitat} are in {tropical forest}?,SELECT (COUNT(?sub) AS ?value ) { ?sub wdt:P2974 wd:Q199403 }
Which assembly is endemic to Gujarati?,SELECT ?answer WHERE { wd:Q5137 wdt:P2341 ?X . ?X wdt:P194 ?answer}
Which play is named after David Bowie?,select distinct ?sbj where { ?sbj wdt:P138 wd:Q5383 . ?sbj wdt:P31 wd:Q169930 }
Which Netherlands municipality has the highest employment by economic sector?,select ?ent where { ?ent wdt:P31 wd:Q2039348 . ?ent wdt:P2297 ?obj } ORDER BY DESC(?obj)LIMIT 5
What is the reason for John Williams' nominations for Jaws?,SELECT ?obj WHERE { wd:Q189505 p:P1411 ?s . ?s ps:P1411 ?obj . ?s pq:P2453 wd:Q131285 }
Who created cricket in 2020?,SELECT ?answer WHERE { wd:Q868200 wdt:P170 ?answer . ?answer wdt:P641 wd:Q5375}
Who is the spouse of Katharine Cornell in 1921-1-1?,"SELECT ?obj WHERE { wd:Q272086 p:P26 ?s . ?s ps:P26 ?obj . ?s pq:P580 ?x filter(contains(YEAR(?x),'1921')) }"
What champ nomination did Stephen Hendry receive?,SELECT ?answer WHERE { wd:Q295201 wdt:P1411 ?X . ?X wdt:P1346 ?answer}
Name the substantial in period for Leipzig which has situated in time zone as UTC+02: 00.,SELECT ?value WHERE { wd:Q2079 p:P421 ?s . ?s ps:P421 wd:Q6723 . ?s pq:P1264 ?value}
What is the location of Feng Youlan's death that has a twin city named Minsk?,SELECT ?answer WHERE { wd:Q557220 wdt:P20 ?answer . ?answer wdt:P190 wd:Q2280}
"What is in action of Clarence Campbell, whose moveable object location is in Atlantic Ocean?",SELECT ?answer WHERE { wd:Q1095380 wdt:P607 ?answer . ?answer wdt:P276 wd:Q97}
What is the first name of Channing Tatum that is the same as Matthias?,SELECT ?answer WHERE { wd:Q212064 wdt:P735 ?answer . ?answer wdt:P460 wd:Q4927273}
How many platforms are for the TurboGrafx-16} ?,SELECT (COUNT(?sub) AS ?value ) { ?sub wdt:P400 wd:Q1057377 }
Where is the {residence} and the {occupation} of {Adrien_Brody} ?,SELECT ?ans_1 ?ans_2 WHERE { wd:Q104514 wdt:P551 ?ans_1 . wd:Q104514 wdt:P106 ?ans_2 }
Which is the {programming paradigm} and the {developer} of {SQL} ?,SELECT ?ans_1 ?ans_2 WHERE { wd:Q47607 wdt:P3966 ?ans_1 . wd:Q47607 wdt:P178 ?ans_2 }
Tell me which automobile manufacturer is in stock exchange of Tokyo Stock Exchange whose name contains the word toyota?,"SELECT DISTINCT ?sbj ?sbj_label WHERE { ?sbj wdt:P31 wd:Q786820 . ?sbj wdt:P414 wd:Q217475 . ?sbj rdfs:label ?sbj_label . FILTER(CONTAINS(lcase(?sbj_label), 'toyota')) . FILTER (lang(?sbj_label) = 'en') } LIMIT 25"
"When was Arthur Sullivan's most notable work, The Yeomen of the Guard, produced?",SELECT ?value WHERE { wd:Q212692 p:P800 ?s . ?s ps:P800 wd:Q499778 . ?s pq:P2754 ?value}
Name the profession of someone working with statistics,select distinct ?obj where { wd:Q12483 wdt:P3095 ?obj . ?obj wdt:P31 wd:Q28640 }
Tell me mythical human-animal hybrid that contains the word polkan in their name,"SELECT DISTINCT ?sbj ?sbj_label WHERE { ?sbj wdt:P31 wd:Q20902363 . ?sbj rdfs:label ?sbj_label . FILTER(CONTAINS(lcase(?sbj_label), 'polkan')) . FILTER (lang(?sbj_label) = 'en') } LIMIT 25"
How many movies in the fictional universe are from the Marvel Cinematic Universe?,SELECT (COUNT(?sub) AS ?value ) { ?sub wdt:P1434 wd:Q642878 }
What movie was Stanley Kramer nominated for Best Picture by the Academy Awards?,SELECT ?value WHERE { wd:Q73136 p:P1411 ?s . ?s ps:P1411 wd:Q102427 . ?s pq:P805 ?value}
What award did Yaşar Kemal receive from Günter Grass?,SELECT ?obj WHERE { wd:Q327142 p:P166 ?s . ?s ps:P166 ?obj . ?s pq:P823 wd:Q6538 }
Which is the short film that was directed by Baz Luhrmann?,select distinct ?sbj where { ?sbj wdt:P57 wd:Q250545 . ?sbj wdt:P31 wd:Q24862 }
What federation has the highest median income?,select ?ent where { ?ent wdt:P31 wd:Q43702 . ?ent wdt:P3529 ?obj } ORDER BY DESC(?obj)LIMIT 5
What school did Irena Szewinska attend at the end of 1970?,"SELECT ?obj WHERE { wd:Q229424 p:P69 ?s . ?s ps:P69 ?obj . ?s pq:P582 ?x filter(contains(YEAR(?x),'1970')) }"
"When was julian Huxley as chairperson of the United Nations Educational, Scientific and Cultural Organization?",SELECT ?value WHERE { wd:Q7809 p:P488 ?s . ?s ps:P488 wd:Q243419 . ?s pq:P580 ?value}
"What position did Idi Amin hold starting on July 28, 1975?","SELECT ?obj WHERE { wd:Q48231 p:P39 ?s . ?s ps:P39 ?obj . ?s pq:P580 ?x filter(contains(YEAR(?x),'1975')) }"
Which constellation is the star HD 75289 b a part of?,SELECT ?answer WHERE { wd:Q73307 wdt:P397 ?X . ?X wdt:P59 ?answer}
who subitem of Carnegie Classification of Institutions of higher education of Paier College of Art ?,SELECT ?answer WHERE { wd:Q7124691 wdt:P2643 ?X . ?X wdt:P1269 ?answer}
What material is the Tower Bridge made of?,SELECT ?obj WHERE { wd:Q83125 p:P186 ?s . ?s ps:P186 ?obj . ?s pq:P518 wd:Q2448108 }
"How many members of the crew are there for John Jellicoe , 1st Earl Jellicoe?",SELECT (COUNT(?obj) AS ?value ) { wd:Q335028 wdt:P5096 ?obj }
Who is the developer of Stirling engine whose died in Galston,SELECT ?answer WHERE { wd:Q186212 wdt:P61 ?answer . ?answer wdt:P20 wd:Q3997296}
"What is the musical instrument of the songwriter of ""Piano Concerto No. 5""?",SELECT ?answer WHERE { wd:Q239700 wdt:P86 ?X . ?X wdt:P1303 ?answer}
Who is the professional sports partner of Kate Bush?,select distinct ?sbj where { ?sbj wdt:P1327 wd:Q636 . ?sbj wdt:P31 wd:Q5 }
Who is a relative of Ellen DeGeneres?,select distinct ?obj where { wd:Q483325 wdt:P1038 ?obj . ?obj wdt:P31 wd:Q5 }
who pharmaceutical product for has active ingredient of amoxicillin?,select distinct ?sbj where { ?sbj wdt:P3781 wd:Q201928 . ?sbj wdt:P31 wd:Q28885102 }
"When was John Dalberg-Acton, 1st Baron Acton, elected as the Member of the 19th Parliament of the United Kingdom?",SELECT ?value WHERE { wd:Q311778 p:P39 ?s . ?s ps:P39 wd:Q41582559 . ?s pq:P2715 ?value}
Where is the lost sculpture of Acropolis of Athens?,select distinct ?sbj where { ?sbj wdt:P276 wd:Q131013 . ?sbj wdt:P31 wd:Q26883973 }
What are the album which start with the letter w,"SELECT DISTINCT ?sbj ?sbj_label WHERE { ?sbj wdt:P31 wd:Q482994 . ?sbj rdfs:label ?sbj_label . FILTER(STRSTARTS(lcase(?sbj_label), 'w')) . FILTER (lang(?sbj_label) = 'en') } LIMIT 25"
What is the main tourist attraction for the religion of the Russian Orthodox Church?,select distinct ?sbj where { ?sbj wdt:P140 wd:Q60995 . ?sbj wdt:P31 wd:Q570116 }
Which award did Aaron T. Beck receive in the year 1999?,"SELECT ?obj WHERE { wd:Q302849 p:P166 ?s . ?s ps:P166 ?obj . ?s pq:P585 ?x filter(contains(YEAR(?x),'1999')) }"
How many symbols are there for Manitoba?,SELECT (COUNT(?obj) AS ?value ) { wd:Q1948 wdt:P2238 ?obj }
Did Emma Thompson win the Academy Award for best Actress?,SELECT ?value WHERE { wd:Q168724 p:P166 ?s . ?s ps:P166 wd:Q103618 . ?s pq:P805 ?value}
What is the award received by Rick Barry in 1974?,"SELECT ?obj WHERE { wd:Q434824 p:P166 ?s . ?s ps:P166 ?obj . ?s pq:P585 ?x filter(contains(YEAR(?x),'1974')) }"
How many depictions are there of the Mona Lisa?,SELECT (COUNT(?obj) AS ?value ) { wd:Q12418 wdt:P180 ?obj }
What sports team did Jonah Lomu play for on 1-1-1999?,"SELECT ?obj WHERE { wd:Q363717 p:P54 ?s . ?s ps:P54 ?obj . ?s pq:P580 ?x filter(contains(YEAR(?x),'1999')) }"
How many flowers' color is magenta?,SELECT (COUNT(?sub) AS ?value ) { ?sub wdt:P2827 wd:Q3276756 }
What was Anjelica Huston nominated for at the 63rd Academy Awards?,SELECT ?obj WHERE { wd:Q190998 p:P1411 ?s . ?s ps:P1411 ?obj . ?s pq:P805 wd:Q910856 }
Which is the meta-organization that is regulated by the football association?,select distinct ?obj where { wd:Q2736 wdt:P3719 ?obj . ?obj wdt:P31 wd:Q37178026 }
When did Sigismund end his term as King of Bohemia?,SELECT ?value WHERE { wd:Q57124 p:P39 ?s . ?s ps:P39 wd:Q45341328 . ?s pq:P582 ?value}
What is the executive and legislature body of Goa?,SELECT ?ans_1 ?ans_2 WHERE { wd:Q1171 wdt:P208 ?ans_1 . wd:Q1171 wdt:P194 ?ans_2 }
What is the given name of Prince?,"SELECT ?obj WHERE { wd:Q7542 p:P735 ?s . ?s ps:P735 ?obj . ?s pq:P1545 ?x filter(contains(?x,'1')) }"
What significant incident led to applying to jurisdiction of Russian Orthodox Church?,SELECT ?answer WHERE { wd:Q60995 wdt:P1001 ?X . ?X wdt:P793 ?answer}
What education is composed by Papillons ?,SELECT ?answer WHERE { wd:Q28480156 wdt:P86 ?X . ?X wdt:P69 ?answer}
What is the release region of those employed by Honore Daumier?,SELECT ?answer WHERE { wd:Q187506 wdt:P108 ?X . ?X wdt:P291 ?answer}
When did Karrie Webb receive an Australian Sports Medal?,SELECT ?value WHERE { wd:Q271024 p:P166 ?s . ?s ps:P166 wd:Q1649458 . ?s pq:P585 ?value}
Which communications protocol contains the word zmodem in their name,"SELECT DISTINCT ?sbj ?sbj_label WHERE { ?sbj wdt:P31 wd:Q132364 . ?sbj rdfs:label ?sbj_label . FILTER(CONTAINS(lcase(?sbj_label), 'zmodem')) . FILTER (lang(?sbj_label) = 'en') } LIMIT 25"
TELL ME CREDIT INSTITUTION WHOSE NAME HAS THE WORD WACHOVIA IN TI,"SELECT DISTINCT ?sbj ?sbj_label WHERE { ?sbj wdt:P31 wd:Q730038 . ?sbj rdfs:label ?sbj_label . FILTER(CONTAINS(lcase(?sbj_label), 'wachovia')) . FILTER (lang(?sbj_label) = 'en') } LIMIT 25"
When did the Three Kingdoms period end in Korea?,SELECT ?value WHERE { wd:Q18097 p:P17 ?s . ?s ps:P17 wd:Q698268 . ?s pq:P582 ?value}
Which aspect of history of Latin America has scientifical studies of Latin American?,SELECT ?answer WHERE { wd:Q2365406 wdt:P1269 ?answer . ?answer wdt:P2579 wd:Q28617}
How many Commons categories are there for writing?,SELECT (COUNT(?obj) AS ?value ) { wd:Q37260 wdt:P373 ?obj }
how many habitats does varanus komodoensis have?,SELECT (COUNT(?obj) AS ?value ) { wd:Q4504 wdt:P2974 ?obj }
"Which city was twinned with Nagoya on 21st December, 1978?","SELECT ?obj WHERE { wd:Q11751 p:P190 ?s . ?s ps:P190 ?obj . ?s pq:P580 ?x filter(contains(YEAR(?x),'1978')) }"
How many representatives does Slovenia have?,SELECT (COUNT(?sub) AS ?value ) { ?sub wdt:P1268 wd:Q215 }
What is the natural language for the Arabic alphabet?,select distinct ?obj where { wd:Q8196 wdt:P407 ?obj . ?obj wdt:P31 wd:Q33742 }
Tell me system of units whose name has the word units in it.,"SELECT DISTINCT ?sbj ?sbj_label WHERE { ?sbj wdt:P31 wd:Q932268 . ?sbj rdfs:label ?sbj_label . FILTER(CONTAINS(lcase(?sbj_label), 'units')) . FILTER (lang(?sbj_label) = 'en') } LIMIT 25"
"When does the twinned administrative body Shimane Prefecture,  become known as Jilin?",SELECT ?value WHERE { wd:Q132751 p:P190 ?s . ?s ps:P190 wd:Q45208 . ?s pq:P580 ?value}
Which is the big city in the continent of North America that starts with the letter v?:,"SELECT DISTINCT ?sbj ?sbj_label WHERE { ?sbj wdt:P31 wd:Q1549591 . ?sbj wdt:P30 wd:Q49 . ?sbj rdfs:label ?sbj_label . FILTER(STRSTARTS(lcase(?sbj_label), 'v')) . FILTER (lang(?sbj_label) = 'en') } LIMIT 25"
What type of quantum particle is the antiparticle of an electon.,select distinct ?sbj where { ?sbj wdt:P2152 wd:Q2225 . ?sbj wdt:P31 wd:Q22675015 }
"What university starts with the letter ""u""?","SELECT DISTINCT ?sbj ?sbj_label WHERE { ?sbj wdt:P31 wd:Q3918 . ?sbj rdfs:label ?sbj_label . FILTER(STRSTARTS(lcase(?sbj_label), 'u')) . FILTER (lang(?sbj_label) = 'en') } LIMIT 25"
What is the nominated for award received of Tom_Hardy?,SELECT ?ans_1 ?ans_2 WHERE { wd:Q208026 wdt:P1411 ?ans_1 . wd:Q208026 wdt:P166 ?ans_2 }
Where was the birth place and place of burial for Rumi?,SELECT ?ans_1 ?ans_2 WHERE { wd:Q43347 wdt:P119 ?ans_1 . wd:Q43347 wdt:P19 ?ans_2 }
How many operating systems does Skype have?,SELECT (COUNT(?obj) AS ?value ) { wd:Q40984 wdt:P306 ?obj }
What physically interacts with hydrogen chloride whose subcellular localization is the integral component of membrane?,SELECT ?answer WHERE { wd:Q211086 wdt:P129 ?answer . ?answer wdt:P681 wd:Q14327652}
"Which is the birth place of Chopper Read, that have county seat of Victoria?",SELECT ?answer WHERE { wd:Q2428420 wdt:P19 ?answer . ?answer wdt:P1376 wd:Q36687}
Who is chairwoman party membership of Jack Horner ?,SELECT ?answer WHERE { wd:Q1677064 wdt:P102 ?X . ?X wdt:P488 ?answer}
"Which star is part of the constellation, WASP-13b?",SELECT ?answer WHERE { wd:Q1146824 wdt:P397 ?X . ?X wdt:P59 ?answer}
how much instance are in intruction set architecture?,SELECT (COUNT(?sub) AS ?value ) { ?sub wdt:P31 wd:Q272683 }
What is the category of Susan Luery's work?,SELECT ?answer WHERE { wd:Q15649005 wdt:P800 ?X . ?X wdt:P180 ?answer}
Which is the {filming location} and the {narrative location} of {The_Social_Network} ?,SELECT ?ans_1 ?ans_2 WHERE { wd:Q185888 wdt:P915 ?ans_1 . wd:Q185888 wdt:P840 ?ans_2 }
"What is has father of Guangxu Emporer, that has is daughter of is Imperial Noble Consort Zhuangshun?",SELECT ?answer WHERE { wd:Q299710 wdt:P22 ?answer . ?answer wdt:P25 wd:Q6006807}
Which humans reside in Rotterdam?,select distinct ?sbj where { ?sbj wdt:P551 wd:Q34370 . ?sbj wdt:P31 wd:Q5 }
Name someone born in Cleveland ?,select distinct ?sbj where { ?sbj wdt:P19 wd:Q37320 . ?sbj wdt:P31 wd:Q5 }
What are signs of mercury poisoning as a result of using butabarbital for treatment?,SELECT ?answer WHERE { wd:Q408089 wdt:P780 ?answer . ?answer wdt:P2176 wd:Q410608}
WHo was Julia Roberts mother ?,select distinct ?sbj where { ?sbj wdt:P25 wd:Q40523 . ?sbj wdt:P31 wd:Q5 }
which is portrayed by famous work of weng qingxi,SELECT ?answer WHERE { wd:Q15936419 wdt:P800 ?X . ?X wdt:P175 ?answer}
What is the proportion of Central Huijin Investment does the Agricultural Bank of China own?,SELECT ?value WHERE { wd:Q26298 p:P127 ?s . ?s ps:P127 wd:Q2944409 . ?s pq:P1107 ?value}
What sports are included in the biathlon,select distinct ?sbj where { ?sbj wdt:P641 wd:Q166788 . ?sbj wdt:P31 wd:Q5 }
What is the edition of the game platform of Star Trek Online?,SELECT ?answer WHERE { wd:Q1143426 wdt:P400 ?X . ?X wdt:P747 ?answer}
Which super cultural area starts with the letter m?,"SELECT DISTINCT ?sbj ?sbj_label WHERE { ?sbj wdt:P31 wd:Q15733622 . ?sbj rdfs:label ?sbj_label . FILTER(STRSTARTS(lcase(?sbj_label), 'm')) . FILTER (lang(?sbj_label) = 'en') } LIMIT 25"
"What was Ernest Rutherford nominated for on January 1, 1933?","SELECT ?obj WHERE { wd:Q9123 p:P1411 ?s . ?s ps:P1411 ?obj . ?s pq:P585 ?x filter(contains(YEAR(?x),'1933')) }"
When was Tatum O'Neal has received  Academy Award for Best Supporting Actress?,SELECT ?value WHERE { wd:Q230138 p:P166 ?s . ?s ps:P166 wd:Q106301 . ?s pq:P805 ?value}
God Save the Queen is the anthem for which island nation?,select distinct ?sbj where { ?sbj wdt:P85 wd:Q40807 . ?sbj wdt:P31 wd:Q112099 }
Which passenger ship has the longest draft?,select ?ent where { ?ent wdt:P31 wd:Q2055880 . ?ent wdt:P2262 ?obj } ORDER BY DESC(?obj)LIMIT 5
In what year did Constans II die?,SELECT ?answer WHERE { wd:Q41613 wdt:P20 ?X . ?X wdt:P47 ?answer}
Who is parent company of workplace of Madeleine Mathiot ?,SELECT ?answer WHERE { wd:Q28366437 wdt:P108 ?X . ?X wdt:P749 ?answer}
What are the enterprise which start with the letter s,"SELECT DISTINCT ?sbj ?sbj_label WHERE { ?sbj wdt:P31 wd:Q6881511 . ?sbj rdfs:label ?sbj_label . FILTER(STRSTARTS(lcase(?sbj_label), 'z')) . FILTER (lang(?sbj_label) = 'en') } LIMIT 25"
I want to know what are the characters from the most famous book Wolfgang Amadeus Mozart?,SELECT ?answer WHERE { wd:Q254 wdt:P800 ?X . ?X wdt:P674 ?answer}
Tell me identical twins whose name has the word veronicas in it,"SELECT DISTINCT ?sbj ?sbj_label WHERE { ?sbj wdt:P31 wd:Q2301325 . ?sbj rdfs:label ?sbj_label . FILTER(CONTAINS(lcase(?sbj_label), 'veronicas')) . FILTER (lang(?sbj_label) = 'en') } LIMIT 25"
How many game modes are by a MMO game?,SELECT (COUNT(?sub) AS ?value ) { ?sub wdt:P404 wd:Q862490 }
Which is the outcome made by Monterey Jack?,SELECT ?answer WHERE { wd:Q1056415 wdt:P186 ?X . ?X wdt:P1542 ?answer}
Give me the name of  country of citizenship of Michael Redgrave that is end cause is Royal and Parliamentary Titles Act 1927 ?,SELECT ?obj WHERE { wd:Q318263 p:P27 ?s . ?s ps:P27 ?obj . ?s pq:P1534 wd:Q7375047 }
"""What is {subject in} of {introduction to genetics}, which has {Universal Decimal Classification} is {575} ?""","SELECT ?answer WHERE { wd:Q3243680 wdt:P1269 ?answer . ?answer wdt:P1190 ?x FILTER(contains(?x,'575'))}"
What is an SI derived unit that starts with the letter w.,"SELECT DISTINCT ?sbj ?sbj_label WHERE { ?sbj wdt:P31 wd:Q208469 . ?sbj rdfs:label ?sbj_label . FILTER(STRSTARTS(lcase(?sbj_label), 'w')) . FILTER (lang(?sbj_label) = 'en') } LIMIT 25"
Tell me how many kids Amlaib's sister has.,SELECT ?answer WHERE { wd:Q281752 wdt:P3373 ?X . ?X wdt:P40 ?answer}
When did Libya become a member of Arab League?,SELECT ?value WHERE { wd:Q1016 p:P463 ?s . ?s ps:P463 wd:Q7172 . ?s pq:P580 ?value}
Who are the kids of Vsevolod the Big Nest whose location of burial is Dormition Cathedral?,SELECT ?answer WHERE { wd:Q348689 wdt:P40 ?answer . ?answer wdt:P119 wd:Q775487}
what is the bank holiday of the nation of Santo Kyoden?,SELECT ?answer WHERE { wd:Q938347 wdt:P27 ?X . ?X wdt:P832 ?answer}
What is Michael Shellenberger's job?,SELECT ?answer WHERE { wd:Q6834344 wdt:P106 ?X . ?X wdt:P425 ?answer}
"""Which name after Hamburger, has a twin city in Leon?""",SELECT ?answer WHERE { wd:Q6663 wdt:P138 ?answer . ?answer wdt:P190 wd:Q208151}
"What is the sport  that is played in Madden NFL, that has instruments played and penalty flags?",SELECT ?answer WHERE { wd:Q1883234 wdt:P641 ?answer . ?answer wdt:P2283 wd:Q583235}
At what point in time did Francis Galton receive the Copley Medal?,SELECT ?value WHERE { wd:Q191026 p:P166 ?s . ?s ps:P166 wd:Q28003 . ?s pq:P585 ?value}
What sports team was Brendon McCullum a member in the year 2008?,"SELECT ?obj WHERE { wd:Q3345051 p:P54 ?s . ?s ps:P54 ?obj . ?s pq:P580 ?x filter(contains(YEAR(?x),'2008')) }"
How was the murder method of Wilfrid Laurier treated?,SELECT ?answer WHERE { wd:Q128664 wdt:P509 ?X . ?X wdt:P2176 ?answer}
"What is the composition of a drink, that has mixed in is floral matter?",SELECT ?answer WHERE { wd:Q6097 wdt:P186 ?answer . ?answer wdt:P1582 wd:Q101815}
when did gregory of nyssa die in circa?,SELECT ?obj WHERE { wd:Q191734 p:P570 ?s . ?s ps:P570 ?obj . ?s pq:P1480 wd:Q5727902 }
What what is archaeological site World Heritage criteria(iii)}  and also which starts with letter t,"SELECT DISTINCT ?sbj ?sbj_label WHERE { ?sbj wdt:P31 wd:Q839954 . ?sbj wdt:P2614 wd:Q23038977 . ?sbj rdfs:label ?sbj_label . FILTER(STRSTARTS(lcase(?sbj_label), 't')) . FILTER (lang(?sbj_label) = 'en') } LIMIT 25"
What is the electoral district for Rene Coty has position held as member of the Senate France?,SELECT ?value WHERE { wd:Q158768 p:P39 ?s . ?s ps:P39 wd:Q14828018 . ?s pq:P768 ?value}
"What archaeological site starts with the letter ""w""?","SELECT DISTINCT ?sbj ?sbj_label WHERE { ?sbj wdt:P31 wd:Q839954 . ?sbj rdfs:label ?sbj_label . FILTER(STRSTARTS(lcase(?sbj_label), 'w')) . FILTER (lang(?sbj_label) = 'en') } LIMIT 25"
Name a devil in the Hinduist pantheon that starts with letter L,"SELECT DISTINCT ?sbj ?sbj_label WHERE { ?sbj wdt:P31 wd:Q494511 . ?sbj wdt:P1049 wd:Q9089 . ?sbj rdfs:label ?sbj_label . FILTER(STRSTARTS(lcase(?sbj_label), 'l')) . FILTER (lang(?sbj_label) = 'en') } LIMIT 25"
What is the estimation rate of Slovakia fertility?,SELECT ?obj WHERE { wd:Q214 p:P4841 ?s . ?s ps:P4841 ?obj . ?s pq:P459 wd:Q791801 }
When was Sebastian Vettel a member of Scuderia Toro Rosso?,SELECT ?value WHERE { wd:Q42311 p:P54 ?s . ?s ps:P54 wd:Q141818 . ?s pq:P582 ?value}
What type of quantum particle is the antiparticle of an electon.,select distinct ?obj where { wd:Q2225 wdt:P2152 ?obj . ?obj wdt:P31 wd:Q22675015 }
What is name of the higher taxon of Medicago sativa whose vernacular name is אספסת?,"SELECT ?answer WHERE { wd:Q156106 wdt:P171 ?answer . ?answer wdt:P1843 ?x FILTER(contains(?x,'אספסת'))}"
Who is the head general of this branch?,SELECT ?answer WHERE { wd:Q5531647 wdt:P241 ?X . ?X wdt:P607 ?answer}
What is a subsidiary company of Robert Mundell's alumni?,SELECT ?answer WHERE { wd:Q219721 wdt:P69 ?X . ?X wdt:P355 ?answer}
Who replaces J.J. Thompson as the President of the Royal Society?,SELECT ?value WHERE { wd:Q47285 p:P39 ?s . ?s ps:P39 wd:Q55713110 . ?s pq:P1365 ?value}
Name the watercourse located in Canada ?,select ?ent where { ?ent wdt:P31 wd:Q355304 . ?ent wdt:P2225 ?obj . ?ent wdt:P17 wd:Q16. } ORDER BY ASC(?obj)LIMIT 5
What was the prize money Johannes Diderik van der Waals received for the Nobel Prize in Physics?,SELECT ?value WHERE { wd:Q131721 p:P166 ?s . ?s ps:P166 wd:Q38104 . ?s pq:P2121 ?value}
What are Mira Sorvino's gender and religion?,SELECT ?ans_1 ?ans_2 WHERE { wd:Q212026 wdt:P21 ?ans_1 . wd:Q212026 wdt:P140 ?ans_2 }
Tell me area of law whose name has the word law in it.,"SELECT DISTINCT ?sbj ?sbj_label WHERE { ?sbj wdt:P31 wd:Q1756157 . ?sbj rdfs:label ?sbj_label . FILTER(CONTAINS(lcase(?sbj_label), 'law')) . FILTER (lang(?sbj_label) = 'en') } LIMIT 25"
What are the places of death and burial of Stonewall Jackson?,SELECT ?ans_1 ?ans_2 WHERE { wd:Q216124 wdt:P119 ?ans_1 . wd:Q216124 wdt:P20 ?ans_2 }
What is {position held} of {Liu Xiaobo} where {start time} is {2003-0-0} ?,"SELECT ?obj WHERE { wd:Q41617 p:P39 ?s . ?s ps:P39 ?obj . ?s pq:P580 ?x filter(contains(YEAR(?x),'2003')) }"
what is the length of the coastline of norway?,select ?ent where { ?ent wdt:P31 wd:Q5260616 . ?ent wdt:P5141 ?obj } ORDER BY DESC(?obj)LIMIT 5
Where was Augustus II the Strong buried?,SELECT ?value WHERE { wd:Q53437 p:P119 ?s . ?s ps:P119 wd:Q666935 . ?s pq:P518 ?value}
What is the tribute of the shore of Faial Island?,SELECT ?answer WHERE { wd:Q657187 wdt:P206 ?X . ?X wdt:P974 ?answer}
How many are influenced by Gustave Courbet?,SELECT (COUNT(?sub) AS ?value ) { ?sub wdt:P737 wd:Q34618 }
What award did Evanescence receive that was subsequently won by Maroon 5?,SELECT ?obj WHERE { wd:Q1777698 p:P166 ?s . ?s ps:P166 ?obj . ?s pq:P156 wd:Q182223 }
what are the chemical property that starts with t,"SELECT DISTINCT ?sbj ?sbj_label WHERE { ?sbj wdt:P31 wd:Q764285 . ?sbj rdfs:label ?sbj_label . FILTER(STRSTARTS(lcase(?sbj_label), 't')) . FILTER (lang(?sbj_label) = 'en') } LIMIT 25"
What is total fertility rate  in the principal area of Libertador General Bernardo O'Higgins Region,SELECT ?answer WHERE { wd:Q2133 wdt:P131 ?X . ?X wdt:P4841 ?answer}
What are Nigel Farage's political and religious views?,SELECT ?ans_1 ?ans_2 WHERE { wd:Q318471 wdt:P1142 ?ans_1 . wd:Q318471 wdt:P140 ?ans_2 }
What is the genetic association with the {post-traumatic stress disorder} ?,SELECT (COUNT(?obj) AS ?value ) { wd:Q202387 wdt:P2293 ?obj }
Which is the {quantum particle} with the {MAX (g-factor)} which is {different from} {neutronium}?,select ?ent where { ?ent wdt:P31 wd:Q22675015 . ?ent wdt:P1097 ?obj . ?ent wdt:P1889 wd:Q1195471 } ORDER BY DESC(?obj)LIMIT 5
When did Gustav Stresemann stop being the Chancellor of Germany?,SELECT ?value WHERE { wd:Q103955 p:P39 ?s . ?s ps:P39 wd:Q56022 . ?s pq:P582 ?value}
Who are the {pupils} of the {songwriter} of {Für Elise}?,SELECT ?answer WHERE { wd:Q11980 wdt:P86 ?X . ?X wdt:P802 ?answer}
What is grave at film script byThe General ?,SELECT ?answer WHERE { wd:Q850159 wdt:P58 ?X . ?X wdt:P119 ?answer}
For what work did Dalton Trumbo receive the Academy Award for Best Story nomination?,SELECT ?value WHERE { wd:Q350666 p:P1411 ?s . ?s ps:P1411 wd:Q504298 . ?s pq:P1686 ?value}
Who is the human biblical figure for the significant person of Saul?,select distinct ?sbj where { ?sbj wdt:P3342 wd:Q28730 . ?sbj wdt:P31 wd:Q20643955 }
CAN YOU DESCRIBE THE WORK OF DEPICTION OF DAVID SLAYING GOLIATH?,SELECT ?answer WHERE { wd:Q21768313 wdt:P180 ?X . ?X wdt:P1441 ?answer}
What are the rock band which start with the letter yellowcard,"SELECT DISTINCT ?sbj ?sbj_label WHERE { ?sbj wdt:P31 wd:Q5741069 . ?sbj rdfs:label ?sbj_label . FILTER(CONTAINS(lcase(?sbj_label), 'yellowcard')) . FILTER (lang(?sbj_label) = 'en') } LIMIT 25"
What are the parabolic differential equation which start with the letter equation,"SELECT DISTINCT ?sbj ?sbj_label WHERE { ?sbj wdt:P31 wd:Q1575416 . ?sbj rdfs:label ?sbj_label . FILTER(CONTAINS(lcase(?sbj_label), 'equation')) . FILTER (lang(?sbj_label) = 'en') } LIMIT 25"
Who is the president and CEO of BP?,SELECT ?ans_1 ?ans_2 WHERE { wd:Q152057 wdt:P488 ?ans_1 . wd:Q152057 wdt:P169 ?ans_2 }
When did Paul Erdős live in Manchester?,SELECT ?value WHERE { wd:Q173746 p:P551 ?s . ?s ps:P551 wd:Q18125 . ?s pq:P580 ?value}
How much is the net profit earned by Alphabet Inc.?,SELECT (COUNT(?obj) AS ?value ) { wd:Q20800404 wdt:P2295 ?obj }
"Which is the geosphere that starts with ""p""?","SELECT DISTINCT ?sbj ?sbj_label WHERE { ?sbj wdt:P31 wd:Q241284 . ?sbj rdfs:label ?sbj_label . FILTER(STRSTARTS(lcase(?sbj_label), 'p')) . FILTER (lang(?sbj_label) = 'en') } LIMIT 25"
For what work was Seal in nomination for a Grammy Award for Best Pop Vocal Album?,SELECT ?value WHERE { wd:Q218091 p:P1411 ?s . ?s ps:P1411 wd:Q1027891 . ?s pq:P1686 ?value}
What human is the copyright owner of Mein Kampf?,select distinct ?obj where { wd:Q48244 wdt:P3931 ?obj . ?obj wdt:P31 wd:Q5 }
Tell me paramedical speciality  whose name has the word T,"SELECT DISTINCT ?sbj ?sbj_label WHERE { ?sbj wdt:P31 wd:Q30109942 . ?sbj rdfs:label ?sbj_label . FILTER(STRSTARTS(lcase(?sbj_label), 't')) . FILTER (lang(?sbj_label) = 'en') } LIMIT 25"
"In a notable incident during the World Premiere, what is the place of Don Giovanni's first performance?",SELECT ?answer WHERE { wd:Q192039 wdt:P4647 ?answer . ?answer wdt:P793 wd:Q2500107}
What are the unit of measurement which start with the letter visus,"SELECT DISTINCT ?sbj ?sbj_label WHERE { ?sbj wdt:P31 wd:Q630830 . ?sbj rdfs:label ?sbj_label . FILTER(STRSTARTS(lcase(?sbj_label), 'z')) . FILTER (lang(?sbj_label) = 'en') } LIMIT 25"
What type of people would compete in a marathon.,select distinct ?sbj where { ?sbj wdt:P2416 wd:Q40244 . ?sbj wdt:P31 wd:Q5 }
When will Paul-Henri Spaak no longer be the secretary general of the North Atlantic Treaty Organization?,SELECT ?value WHERE { wd:Q7184 p:P3975 ?s . ?s ps:P3975 wd:Q155691 . ?s pq:P582 ?value}
What's the cell component of cholesterol?,SELECT (COUNT(?obj) AS ?value ) { wd:Q43656 wdt:P681 ?obj }
What is the name of the party that starts with y and occurs on the day of the winter solstice?,"SELECT DISTINCT ?sbj ?sbj_label WHERE { ?sbj wdt:P31 wd:Q200538 . ?sbj wdt:P837 wd:Q207932 . ?sbj rdfs:label ?sbj_label . FILTER(STRSTARTS(lcase(?sbj_label), 'y')) . FILTER (lang(?sbj_label) = 'en') } LIMIT 25"
What country was Def_Leppard formed?,SELECT ?ans_1 ?ans_2 WHERE { wd:Q182890 wdt:P740 ?ans_1 . wd:Q182890 wdt:P495 ?ans_2 }
Franxois Truaffaut has what honors won by Patrice Leconte?,SELECT ?answer WHERE { wd:Q53002 wdt:P166 ?answer . ?answer wdt:P1346 wd:Q106709}
who is the dialect of british english?,select distinct ?sbj where { ?sbj wdt:P4913 wd:Q7979 . ?sbj wdt:P31 wd:Q33384 }
Oklahoma City is located in which county?,select distinct ?obj where { wd:Q34863 wdt:P131 ?obj . ?obj wdt:P31 wd:Q13414760 }
"What was Katharine Hepburn nominated for, for her work in On Golden Pond?",SELECT ?obj WHERE { wd:Q56016 p:P1411 ?s . ?s ps:P1411 ?obj . ?s pq:P1686 wd:Q451603 }
"What did Ruth Prawer Jhabvala win Academy Award for Best Writing, Adapted Screenplay for?",SELECT ?value WHERE { wd:Q235759 p:P166 ?s . ?s ps:P166 wd:Q107258 . ?s pq:P1686 ?value}
"Name an infectious disease that afflicts liver and that contains the word ""hepatitis"" in its name","SELECT DISTINCT ?sbj ?sbj_label WHERE { ?sbj wdt:P31 wd:Q18123741 . ?sbj wdt:P689 wd:Q9368 . ?sbj rdfs:label ?sbj_label . FILTER(CONTAINS(lcase(?sbj_label), 'hepatitis')) . FILTER (lang(?sbj_label) = 'en') } LIMIT 25"
What is name of the river located next to Chongqing?,select distinct ?obj where { wd:Q11725 wdt:P206 ?obj . ?obj wdt:P31 wd:Q4022 }
In what country does the European Union conduct diplomatic relations?,select distinct ?obj where { wd:Q458 wdt:P530 ?obj . ?obj wdt:P31 wd:Q6256 }
"What time does Fawlty Towers, whose producer is John Howard Davies start?",SELECT ?value WHERE { wd:Q212731 p:P162 ?s . ?s ps:P162 wd:Q772224 . ?s pq:P580 ?value}
What is the safety classification and labelling of sodium hydroxide that is NFPA Health rating 2?,"SELECT ?obj WHERE { wd:Q102769 p:P4952 ?s . ?s ps:P4952 ?obj . ?s pq:P993 ?x filter(contains(?x,'2')) }"
When was Pierre Laval appointed as a Deputy Prime Minister of France?,SELECT ?value WHERE { wd:Q151983 p:P39 ?s . ?s ps:P39 wd:Q19018261 . ?s pq:P580 ?value}
When did Charles Aznavour receive the award for Officer of the National Order of Quebec?,SELECT ?value WHERE { wd:Q1785 p:P166 ?s . ?s ps:P166 wd:Q15464524 . ?s pq:P585 ?value}
What is the mains plug type that's been replaced in the Union of South Africa?,SELECT ?answer WHERE { wd:Q193619 wdt:P1366 ?X . ?X wdt:P2853 ?answer}
What is that is of,"SELECT ?answer WHERE { wd:Q258 wdt:P47 ?answer . ?answer wdt:P1448 ?x FILTER(contains(?x,'República de Moçambique'))}"
Where is the {country of origin} and the {location of formation} of {Van_Halen} ?,SELECT ?ans_1 ?ans_2 WHERE { wd:Q190155 wdt:P495 ?ans_1 . wd:Q190155 wdt:P740 ?ans_2 }
What acts as an inspiration for the depiction of Medea about to Kill her Children?,SELECT ?answer WHERE { wd:Q5573243 wdt:P941 ?X . ?X wdt:P180 ?answer}
What is the sporting event for high - jump competition?,select distinct ?sbj where { ?sbj wdt:P2094 wd:Q165704 . ?sbj wdt:P31 wd:Q16510064 }
Where is the headquarters of Georg Rabuse?,SELECT ?answer WHERE { wd:Q1505690 wdt:P102 ?X . ?X wdt:P159 ?answer}
"What is Nitrous oxide subject role and its effect""",SELECT ?ans_1 ?ans_2 WHERE { wd:Q905750 wdt:P2868 ?ans_1 . wd:Q905750 wdt:P1542 ?ans_2 }
what is the {point in time} for {Azores} that has {population} as {246746} ?,"SELECT ?value WHERE { wd:Q25263 p:P1082 ?s . ?s ps:P1082 ?x filter(contains(?x,'246746')) . ?s pq:P585 ?value}"
The word bocce is contained in which game variant,"SELECT DISTINCT ?sbj ?sbj_label WHERE { ?sbj wdt:P31 wd:Q28807042 . ?sbj rdfs:label ?sbj_label . FILTER(CONTAINS(lcase(?sbj_label), 'bocce')) . FILTER (lang(?sbj_label) = 'en') } LIMIT 25"
When was Halle (Saale) a Soviet occupation zone?,SELECT ?value WHERE { wd:Q2814 p:P17 ?s . ?s ps:P17 wd:Q55300 . ?s pq:P580 ?value}
Name a student of Max Planck,select distinct ?sbj where { ?sbj wdt:P185 wd:Q9021 . ?sbj wdt:P31 wd:Q5 }
What was the name of the International Master chess player with the lowest rating?,select ?ent where { ?ent wdt:P31 wd:Q5 . ?ent wdt:P1087 ?obj . ?ent wdt:P2962 wd:Q752119} ORDER BY ASC(?obj)LIMIT 5
TELL ME EMIRATE OF THE UNITED ARAB EMIRATES WHOSE NAME HAS THE WORD FUJAIRAH IN IT,"SELECT DISTINCT ?sbj ?sbj_label WHERE { ?sbj wdt:P31 wd:Q19833031 . ?sbj rdfs:label ?sbj_label . FILTER(CONTAINS(lcase(?sbj_label), 'fujairah')) . FILTER (lang(?sbj_label) = 'en') } LIMIT 25"
Name the architectural structure with maximum number of elevators?,select ?ent where { ?ent wdt:P31 wd:Q811979 . ?ent wdt:P1301 ?obj } ORDER BY DESC(?obj)LIMIT 5
Where is the co-founder of The Evening of Ashura from?,SELECT ?answer WHERE { wd:Q5945717 wdt:P276 ?X . ?X wdt:P112 ?answer}
What is the human spaceflight with the lowest apoapsis whose location of landing is Kazakhstan ?,select ?ent where { ?ent wdt:P31 wd:Q752783 . ?ent wdt:P2243 ?obj . ?ent wdt:P1158 wd:Q232} ORDER BY ASC(?obj)LIMIT 5
What is the least amount of time the MMR vaccination incubates in people to target disease?,SELECT ?answer WHERE { wd:Q908104 wdt:P1924 ?X . ?X wdt:P3488 ?answer}
How many works are attributed to Aristotle?,SELECT (COUNT(?sub) AS ?value ) { ?sub wdt:P1773 wd:Q868 }
When George Sanders was awarded Academy Award for Best Supporting Actor?,SELECT ?value WHERE { wd:Q296491 p:P166 ?s . ?s ps:P166 wd:Q106291 . ?s pq:P585 ?value}
In which country the city of Madrid is located ?,select distinct ?obj where { wd:Q2807 wdt:P17 ?obj . ?obj wdt:P31 wd:Q3624078 }
How many awards are given by the Académie française?,SELECT (COUNT(?sub) AS ?value ) { ?sub wdt:P1027 wd:Q161806 }
when is the {start time} for {George Soros which has {spouse} as {Annaliese Witschak} ?,SELECT ?value WHERE { wd:Q12908 p:P26 ?s . ?s ps:P26 wd:Q22244429 . ?s pq:P580 ?value}
Who was the spouse of Kamal Haasan in 1985-1-1?,"SELECT ?obj WHERE { wd:Q381477 p:P26 ?s . ?s ps:P26 ?obj . ?s pq:P582 ?x filter(contains(YEAR(?x),'1985')) }"
What what is gas giant child astronomical body by Enceladus and also which starts with letter s,"SELECT DISTINCT ?sbj ?sbj_label WHERE { ?sbj wdt:P31 wd:Q121750 . ?sbj wdt:P398 wd:Q3303 . ?sbj rdfs:label ?sbj_label . FILTER(STRSTARTS(lcase(?sbj_label), 's')) . FILTER (lang(?sbj_label) = 'en') } LIMIT 25"
"Who founded the superior formation of Weyerhauser, Canada?",SELECT ?answer WHERE { wd:Q29123048 wdt:P749 ?X . ?X wdt:P112 ?answer}
What is the {result} of {ethyl acetate} that has been {route of administration} that is {skin absorption}?,SELECT ?answer WHERE { wd:Q407153 wdt:P1542 ?answer . ?answer wdt:P636 wd:Q4669896}
Which parent of Fernando Pessoa is named Joaquim?,SELECT ?answer WHERE { wd:Q173481 wdt:P22 ?answer . ?answer wdt:P735 wd:Q18115086}
Who was nominated for the Academy Award for best sound mixing from The Last of the Mohicans?,SELECT ?value WHERE { wd:Q144483 p:P1411 ?s . ?s ps:P1411 wd:Q830079 . ?s pq:P2453 ?value}
What is Zac Efron's timezone?,SELECT ?answer WHERE { wd:Q45229 wdt:P551 ?X . ?X wdt:P421 ?answer}
What is the minimal incubation period in humans of the influenza vaccine?,SELECT ?answer WHERE { wd:Q383260 wdt:P1924 ?X . ?X wdt:P3488 ?answer}
which inner planet has the highest orbital eccentricity?,select ?ent where { ?ent wdt:P31 wd:Q3504248 . ?ent wdt:P1096 ?obj } ORDER BY DESC(?obj)LIMIT 5
Who gave the {source of inspiration} of {characters} of {Les Misérables} ?,SELECT ?answer WHERE { wd:Q1193096 wdt:P674 ?X . ?X wdt:P941 ?answer}
Which river has the most throughput?,select ?ent where { ?ent wdt:P31 wd:Q4022 . ?ent wdt:P2957 ?obj } ORDER BY DESC(?obj)LIMIT 5
When was Horatio Nelson built?,SELECT ?answer WHERE { wd:Q83235 wdt:P607 ?X . ?X wdt:P580 ?answer}
What borders Osaka Prefecture where the twin town is Special Region of Yogyakarta?,SELECT ?answer WHERE { wd:Q122723 wdt:P47 ?answer . ?answer wdt:P190 wd:Q3741}
Which point in time for zibo has twinned administrative body as Gwangju ?,SELECT ?value WHERE { wd:Q198370 p:P190 ?s . ?s ps:P190 wd:Q42069 . ?s pq:P585 ?value}
On June 24th of 1948 what award did Kliment Voroshilov received?,"SELECT ?obj WHERE { wd:Q186185 p:P166 ?s . ?s ps:P166 ?obj . ?s pq:P585 ?x filter(contains(YEAR(?x),'1948')) }"
Who is the role model of language written by Robert Conquest?,SELECT ?answer WHERE { wd:Q379628 wdt:P1412 ?X . ?X wdt:P737 ?answer}
What are the branch of psychology which start with the letter psychophysiology,"SELECT DISTINCT ?sbj ?sbj_label WHERE { ?sbj wdt:P31 wd:Q60680430 . ?sbj rdfs:label ?sbj_label . FILTER(CONTAINS(lcase(?sbj_label), 'psychophysiology')) . FILTER (lang(?sbj_label) = 'en') } LIMIT 25"
When was Doris Lessing the spouse of Gottfried Lessing?,SELECT ?value WHERE { wd:Q40874 p:P26 ?s . ?s ps:P26 wd:Q215347 . ?s pq:P580 ?value}
What duties does Valerian Agafonoff perform?,SELECT ?answer WHERE { wd:Q4056733 wdt:P184 ?X . ?X wdt:P101 ?answer}
How many subsidiary are European Union?,SELECT (COUNT(?obj) AS ?value ) { wd:Q458 wdt:P355 ?obj }
When did Mohammad Reza Pahlavi step down as Shah?,SELECT ?value WHERE { wd:Q128245 p:P39 ?s . ?s ps:P39 wd:Q184299 . ?s pq:P582 ?value}
What city is governed by the Bank of Upper Canada Building?,SELECT ?answer WHERE { wd:Q4856194 wdt:P131 ?X . ?X wdt:P190 ?answer}
What position held of Miguel de la Madrid that is start time is 1999-1-1 ?,"SELECT ?obj WHERE { wd:Q296691 p:P39 ?s . ?s ps:P39 ?obj . ?s pq:P580 ?x filter(contains(YEAR(?x),'1999')) }"
What is the name of the unicameral legislative body in Azad Kashmir?,select distinct ?obj where { wd:Q200130 wdt:P194 ?obj . ?obj wdt:P31 wd:Q37002670 }
How many people perform The Song of the Volga Boatmen?,SELECT (COUNT(?obj) AS ?value ) { wd:Q1555383 wdt:P175 ?obj }
Tell me the timezone of the main office of the company Uber,SELECT ?answer WHERE { wd:Q780442 wdt:P159 ?X . ?X wdt:P421 ?answer}
EDITION,SELECT ?answer WHERE { wd:Q36479 wdt:P3092 ?X . ?X wdt:P69 ?answer}
Gisli Jonsson replaced Bertil Ohlin in what position?,SELECT ?obj WHERE { wd:Q179493 p:P39 ?s . ?s ps:P39 ?obj . ?s pq:P1366 wd:Q16405049 }
tell me the rapid transit which starts with the letter s in it.,"SELECT DISTINCT ?sbj ?sbj_label WHERE { ?sbj wdt:P31 wd:Q5503 . ?sbj rdfs:label ?sbj_label . FILTER(STRSTARTS(lcase(?sbj_label), 's')) . FILTER (lang(?sbj_label) = 'en') } LIMIT 25"
Who is Wonder Woman's sibling in the film?,select distinct ?obj where { wd:Q338430 wdt:P3373 ?obj . ?obj wdt:P31 wd:Q15773347 }
What was the population of Gambia in the year 2009?,"SELECT ?obj WHERE { wd:Q1005 p:P1082 ?s . ?s ps:P1082 ?obj . ?s pq:P585 ?x filter(contains(YEAR(?x),'2009')) }"
What time did John Winthrop's position as Governor of the Massachusetts Bay Colony end?,SELECT ?value WHERE { wd:Q720766 p:P39 ?s . ?s ps:P39 wd:Q48955989 . ?s pq:P582 ?value}
When did Veronica Lake and Andre dé Toth end their relationship?,SELECT ?value WHERE { wd:Q84232 p:P26 ?s . ?s ps:P26 wd:Q518244 . ?s pq:P582 ?value}
What position did Gerald Ford hold as 40?,"SELECT ?obj WHERE { wd:Q9582 p:P39 ?s . ?s ps:P39 ?obj . ?s pq:P1545 ?x filter(contains(?x,'40')) }"
Who is the {asteroid} for {followed by} of {Pluto},select distinct ?obj where { wd:Q339 wdt:P156 ?obj . ?obj wdt:P31 wd:Q3863 }
When did Parma become part of United Provinces of Central Italy?,SELECT ?value WHERE { wd:Q2683 p:P17 ?s . ?s ps:P17 wd:Q2268597 . ?s pq:P580 ?value}
How many characters are by Jacob?,SELECT (COUNT(?sub) AS ?value ) { ?sub wdt:P674 wd:Q289957 }
Which is etymology of Gal having interment in Basilica of Santa Crore?,SELECT ?answer WHERE { wd:Q500515 wdt:P138 ?answer . ?answer wdt:P119 wd:Q51177}
What country founded the religion of Islam?W,select distinct ?sbj where { ?sbj wdt:P140 wd:Q432 . ?sbj wdt:P31 wd:Q6256 }
What award did Gordon Parks receive at what time?,"SELECT ?obj WHERE { wd:Q365682 p:P166 ?s . ?s ps:P166 ?obj . ?s pq:P585 ?x filter(contains(YEAR(?x),'2000')) }"
What was Kathryn Bigelow nominated for during her work in The Hurt Locker?,SELECT ?obj WHERE { wd:Q34816 p:P1411 ?s . ?s ps:P1411 ?obj . ?s pq:P1686 wd:Q183066 }
Who is ideology of member of party of Michel Pouzol ?,SELECT ?answer WHERE { wd:Q3310625 wdt:P102 ?X . ?X wdt:P1142 ?answer}
When did Mickey Rourke divorce Carré Otis?,SELECT ?value WHERE { wd:Q178552 p:P26 ?s . ?s ps:P26 wd:Q508366 . ?s pq:P582 ?value}
What is ICD-9-CM to cause death of Kitch Christie?,SELECT ?answer WHERE { wd:Q677419 wdt:P509 ?X . ?X wdt:P1692 ?answer}
When did Robert Evans marry Ali MacGrawMacGraw,SELECT ?value WHERE { wd:Q1826885 p:P26 ?s . ?s ps:P26 wd:Q229983 . ?s pq:P580 ?value}
"What was the name of the reward that John Cleese received for his work ""A Fish Called Wanda""?",SELECT ?obj WHERE { wd:Q25014 p:P166 ?s . ?s ps:P166 ?obj . ?s pq:P1686 wd:Q466186 }
How many parent peaks does Ben Nevis have?,SELECT (COUNT(?sub) AS ?value ) { ?sub wdt:P3137 wd:Q104674 }
who is favorite player for sister of Ahmed Bin Khalifa Al Suwaidi} ?,SELECT ?answer WHERE { wd:Q12178848 wdt:P3373 ?X . ?X wdt:P737 ?answer}
Tell me the name of a fantastique genre that starts with the letter s.,"SELECT DISTINCT ?sbj ?sbj_label WHERE { ?sbj wdt:P31 wd:Q20076756 . ?sbj rdfs:label ?sbj_label . FILTER(STRSTARTS(lcase(?sbj_label), 's')) . FILTER (lang(?sbj_label) = 'en') } LIMIT 25"
What is the film genre and the name of the singer of Long Story Short?,SELECT ?answer WHERE { wd:Q6673247 wdt:P175 ?X . ?X wdt:P136 ?answer}
when did Daniel Dennett receive the Erasmus Prize?,SELECT ?value WHERE { wd:Q215263 p:P166 ?s . ?s ps:P166 wd:Q974780 . ?s pq:P1683 ?value}
Who developed Nintendo?,select distinct ?obj where { wd:Q8093 wdt:P199 ?obj . ?obj wdt:P31 wd:Q210167 }
Cortisol interacts with what protein?,select distinct ?obj where { wd:Q190875 wdt:P129 ?obj . ?obj wdt:P31 wd:Q8054 }
Tell me the taxon that has capsule as fruit type and starts with the letter t?,"SELECT DISTINCT ?sbj ?sbj_label WHERE { ?sbj wdt:P31 wd:Q16521 . ?sbj wdt:P4000 wd:Q147768 . ?sbj rdfs:label ?sbj_label . FILTER(STRSTARTS(lcase(?sbj_label), 't')) . FILTER (lang(?sbj_label) = 'en') } LIMIT 25"
Who was the teacher of the musical score of Suite 1922?,SELECT ?answer WHERE { wd:Q3503209 wdt:P86 ?X . ?X wdt:P802 ?answer}
Which cyclone has the highest atmospheric pressure that was part of the 2008 typhoon season?,select ?ent where { ?ent wdt:P31 wd:Q79602 . ?ent wdt:P2532 ?obj . ?ent wdt:P361 wd:Q1143629 } ORDER BY DESC(?obj)LIMIT 5
who  is the child of bernie ecclestone?,select distinct ?obj where { wd:Q172724 wdt:P40 ?obj . ?obj wdt:P31 wd:Q5 }
When did Robert M. Follette end his position as Governor of Wisconsin?,SELECT ?value WHERE { wd:Q878682 p:P39 ?s . ?s ps:P39 wd:Q3112727 . ?s pq:P582 ?value}
What is the position held by Hammurabi who replaces Sin-Muballit?,SELECT ?obj WHERE { wd:Q36359 p:P39 ?s . ?s ps:P39 ?obj . ?s pq:P1365 wd:Q374546 }
What member is co-founded by Gianfranco Sanguinetti?,SELECT ?answer WHERE { wd:Q3105216 wdt:P463 ?X . ?X wdt:P112 ?answer}
What award did Susan Sarandon receive in the year 1994?,"SELECT ?obj WHERE { wd:Q133050 p:P166 ?s . ?s ps:P166 ?obj . ?s pq:P585 ?x filter(contains(YEAR(?x),'1994')) }"
Which is the process function of the measured physical quantity of joule?,select distinct ?obj where { wd:Q25269 wdt:P111 ?obj . ?obj wdt:P31 wd:Q900800 }
"What sports team and position did Bobby Moore play for, and how did he die?",SELECT ?ans_1 ?ans_2 WHERE { wd:Q191492 wdt:P1196 ?ans_1 . wd:Q191492 wdt:P413 ?ans_2 }
Name the spot of neon that has diplomatic relation in Denmark.,SELECT ?answer WHERE { wd:Q654 wdt:P189 ?answer . ?answer wdt:P530 wd:Q35}
Who discovered Malaria?,select distinct ?sbj where { ?sbj wdt:P101 wd:Q12156 . ?sbj wdt:P31 wd:Q5 }
What was the population of Le Mans at the beginning of 2015?,"SELECT ?obj WHERE { wd:Q1476 p:P1082 ?s . ?s ps:P1082 ?obj . ?s pq:P585 ?x filter(contains(YEAR(?x),'2015')) }"
What are the symptoms of lung cancer ?,select distinct ?obj where { wd:Q47912 wdt:P780 ?obj . ?obj wdt:P31 wd:Q169872 }
What is the administrative centre of the Kingdom of Pontus?,SELECT ?answer WHERE { wd:Q7380487 wdt:P36 ?X . ?X wdt:P1376 ?answer}
In which country is the Kingdom of Wessex located?,select distinct ?sbj where { ?sbj wdt:P17 wd:Q105313 . ?sbj wdt:P31 wd:Q4164871 }
How many papers drafted by Montreal Canadiens?,SELECT (COUNT(?sub) AS ?value ) { ?sub wdt:P647 wd:Q188143 }
What is the prize received by Anne Baxter that has winners like Wendy Hiller?,SELECT ?answer WHERE { wd:Q228906 wdt:P166 ?answer . ?answer wdt:P1346 wd:Q230626}
Which  is taxonomic rank of taxon parent of Acanthuridae?,SELECT ?answer WHERE { wd:Q465563 wdt:P171 ?X . ?X wdt:P105 ?answer}
Who did Rod Steiger marry in 1959?,"SELECT ?obj WHERE { wd:Q273215 p:P26 ?s . ?s ps:P26 ?obj . ?s pq:P580 ?x filter(contains(YEAR(?x),'1959')) }"
What is the sister city of the birthplace of Nikita Telenkov?,SELECT ?answer WHERE { wd:Q7035115 wdt:P19 ?X . ?X wdt:P190 ?answer}
When did the Technical University of Munich become a member of the German Universities Excellence Initiative?,SELECT ?value WHERE { wd:Q157808 p:P463 ?s . ?s ps:P463 wd:Q705657 . ?s pq:P580 ?value}
What university did Niels Bohr work at?,select distinct ?obj where { wd:Q7085 wdt:P1416 ?obj . ?obj wdt:P31 wd:Q3354859 }
What is the sport cricket?,select distinct ?sbj where { ?sbj wdt:P641 wd:Q5375 . ?sbj wdt:P31 wd:Q5 }
what is the start time for Aethelred the unready has position held  monarch of England?,SELECT ?value WHERE { wd:Q183499 p:P39 ?s . ?s ps:P39 wd:Q18810062 . ?s pq:P580 ?value}
How many illnesses are from lead poisoning?,SELECT (COUNT(?obj) AS ?value ) { wd:Q110315 wdt:P689 ?obj }
What is the validity period of Bologna during which it is located in the time zone UTC+02:00?,SELECT ?value WHERE { wd:Q1891 p:P421 ?s . ?s ps:P421 wd:Q6723 . ?s pq:P1264 ?value}
Which music genre is played by the Spectrum?,SELECT ?answer WHERE { wd:Q17062340 wdt:P175 ?X . ?X wdt:P136 ?answer}
What time does 'The Night Watch' begin in Kloveniersdoelen?,SELECT ?value WHERE { wd:Q219831 p:P276 ?s . ?s ps:P276 wd:Q3421329 . ?s pq:P580 ?value}
What are the moon of Saturn which start with the letter titan,"SELECT DISTINCT ?sbj ?sbj_label WHERE { ?sbj wdt:P31 wd:Q1972 . ?sbj rdfs:label ?sbj_label . FILTER(CONTAINS(lcase(?sbj_label), 'titan')) . FILTER (lang(?sbj_label) = 'en') } LIMIT 25"
Who is the lead singer for Nirvana,SELECT ?answer WHERE { wd:Q11649 wdt:P1411 ?X . ?X wdt:P1346 ?answer}
What is wikibase:geoLatitude ?min that comes from Cornbread,SELECT ?answer WHERE { wd:Q1108866 wdt:P495 ?X . ?X wdt:P1333 ?answer}
What type of spice is cuminum cyminum?,select distinct ?obj where { wd:Q132624 wdt:P1672 ?obj . ?obj wdt:P31 wd:Q42527 }
How many kids have the established medical condition Down syndrome?,SELECT (COUNT(?sub) AS ?value ) { ?sub wdt:P5166 wd:Q47715 }
What counties are found in The Kyle and Jackie O Show in the City of Fairfield?,SELECT ?answer WHERE { wd:Q7745007 wdt:P131 ?answer . ?answer wdt:P150 wd:Q571368}
Tell me  meteorological phenomenon   whose name has the word WIND IN IT,"SELECT DISTINCT ?sbj ?sbj_label WHERE { ?sbj wdt:P31 wd:Q16332653 . ?sbj rdfs:label ?sbj_label . FILTER(CONTAINS(lcase(?sbj_label), 'wind')) . FILTER (lang(?sbj_label) = 'en') } LIMIT 25"
What town's partner capital is Almohad?,SELECT ?answer WHERE { wd:Q199688 wdt:P36 ?X . ?X wdt:P190 ?answer}
What Piano Sonata No. 8 music is associated with the iron overload disorder?,SELECT ?answer WHERE { wd:Q146113 wdt:P86 ?answer . ?answer wdt:P1050 wd:Q2025687}
Who is the {arena} for {home venue} of {Toronto Maple Leafs},select distinct ?obj where { wd:Q203384 wdt:P115 ?obj . ?obj wdt:P31 wd:Q641226 }
Name the underground station with the most tracks in Finland?,select ?ent where { ?ent wdt:P31 wd:Q22808403 . ?ent wdt:P1103 ?obj . ?ent wdt:P17 wd:Q33 } ORDER BY DESC(?obj)LIMIT 5
What are the film studio which start with the letter s,"SELECT DISTINCT ?sbj ?sbj_label WHERE { ?sbj wdt:P31 wd:Q39816 . ?sbj rdfs:label ?sbj_label . FILTER(CONTAINS(lcase(?sbj_label), 'valley')) . FILTER (lang(?sbj_label) = 'en') } LIMIT 25"
What sister of Jean Shrimpton has brown eyes?,SELECT ?answer WHERE { wd:Q20119 wdt:P3373 ?answer . ?answer wdt:P1340 wd:Q17122705}
Which {uses} the {developer} of {Internet_Protocol} ?,SELECT ?ans_1 ?ans_2 WHERE { wd:Q8795 wdt:P2283 ?ans_1 . wd:Q8795 wdt:P178 ?ans_2 }
How was the total fertility rate determined to be 3.853 for Haiti?,"SELECT ?value WHERE { wd:Q790 p:P4841 ?s . ?s ps:P4841 ?x filter(contains(?x,'3.853')) . ?s pq:P459 ?value}"
"TELL ME PROGRAMMING LANGUAGE WHOSE NAME HAS THE WORD XL IN IT,","SELECT DISTINCT ?sbj ?sbj_label WHERE { ?sbj wdt:P31 wd:Q9143 . ?sbj rdfs:label ?sbj_label . FILTER(CONTAINS(lcase(?sbj_label), 'xl')) . FILTER (lang(?sbj_label) = 'en') } LIMIT 25"
Quentin Tarantino is nominated for which Golden Globe Award ?,select distinct ?obj where { wd:Q3772 wdt:P1411 ?obj . ?obj wdt:P31 wd:Q1011547 }
What did Franz Schubert die from where the symptom was a continuous fever?,SELECT ?answer WHERE { wd:Q7312 wdt:P509 ?answer . ?answer wdt:P780 wd:Q29644032}
What award was given to Vittorio Gassman in 1975?,"SELECT ?obj WHERE { wd:Q55452 p:P166 ?s . ?s ps:P166 ?obj . ?s pq:P585 ?x filter(contains(YEAR(?x),'1975')) }"
who Wikimedia category for category for employees of the organization of Columbia University?,select distinct ?obj where { wd:Q49088 wdt:P4195 ?obj . ?obj wdt:P31 wd:Q4167836 }
Who was nominated for an Academy Award for  Best Sound Mixing in Gladiator?,SELECT ?value WHERE { wd:Q128518 p:P1411 ?s . ?s ps:P1411 wd:Q830079 . ?s pq:P2453 ?value}
"""Which is {taxon parent} of {Fungi imperfecti}, that has {to be distinguished from} is {plant} ?""",SELECT ?answer WHERE { wd:Q648056 wdt:P171 ?answer . ?answer wdt:P1889 wd:Q756}
"""What is {set in the location} of {The Boondocks}, that has the {timeline of topic} in the {History of Chicago} ?""",SELECT ?answer WHERE { wd:Q2456777 wdt:P840 ?answer . ?answer wdt:P2184 wd:Q3031135}
What are the treaty which start with the letter t,"SELECT DISTINCT ?sbj ?sbj_label WHERE { ?sbj wdt:P31 wd:Q131569 . ?sbj rdfs:label ?sbj_label . FILTER(STRSTARTS(lcase(?sbj_label), 't')) . FILTER (lang(?sbj_label) = 'en') } LIMIT 25"
Who wrote part of the Balada de un dia de Julio?,SELECT ?answer WHERE { wd:Q50217830 wdt:P1433 ?X . ?X wdt:P50 ?answer}
"Did the brother of Frederick IV, Duke of Austria have any children?",SELECT ?answer WHERE { wd:Q550692 wdt:P3373 ?X . ?X wdt:P40 ?answer}
What mausoleum commemorates Vladimir Lenin?,select distinct ?sbj where { ?sbj wdt:P547 wd:Q1394 . ?sbj wdt:P31 wd:Q162875 }
How many constellations are there in the Milky Way?,SELECT (COUNT(?obj) AS ?value ) { wd:Q321 wdt:P59 ?obj }
What award did Bjørn Dæhlie recieve in 1992?,"SELECT ?obj WHERE { wd:Q217505 p:P166 ?s . ?s ps:P166 ?obj . ?s pq:P585 ?x filter(contains(YEAR(?x),'1992')) }"
Where did William Henry Harrison die and where was he buried?,SELECT ?ans_1 ?ans_2 WHERE { wd:Q11869 wdt:P20 ?ans_1 . wd:Q11869 wdt:P119 ?ans_2 }
What are the national library which start with the letter library,"SELECT DISTINCT ?sbj ?sbj_label WHERE { ?sbj wdt:P31 wd:Q22806 . ?sbj rdfs:label ?sbj_label . FILTER(CONTAINS(lcase(?sbj_label), 'library')) . FILTER (lang(?sbj_label) = 'en') } LIMIT 25"
How many allegiance to the Empire of Japan?,SELECT (COUNT(?sub) AS ?value ) { ?sub wdt:P945 wd:Q188712 }
Where is the X-files filming and narrative location?,SELECT ?ans_1 ?ans_2 WHERE { wd:Q2744 wdt:P915 ?ans_1 . wd:Q2744 wdt:P840 ?ans_2 }
What is {used language} of {motif} of {Pietà} ?,SELECT ?answer WHERE { wd:Q3904411 wdt:P180 ?X . ?X wdt:P1412 ?answer}
Who is the general manager of the Bernard Lewis workplace?,SELECT ?answer WHERE { wd:Q501880 wdt:P108 ?X . ?X wdt:P1037 ?answer}
origin of people who speak japanese,select distinct ?sbj where { ?sbj wdt:P2936 wd:Q5287 . ?sbj wdt:P31 wd:Q6256 }
Who are Paul McCartney's sons and daughters.,select distinct ?sbj where { ?sbj wdt:P3373 wd:Q2599 . ?sbj wdt:P31 wd:Q5 }
"What is the relationship of Frederick II of Prussia to Frederick, Margrave of Brandenburg-Bayreuth?",SELECT ?value WHERE { wd:Q33550 p:P1038 ?s . ?s ps:P1038 wd:Q213797 . ?s pq:P1039 ?value}
"Who won the Academy Award for Best Writing, Adapted Screenplay for The Best Years of Our Lives?",SELECT ?value WHERE { wd:Q645094 p:P166 ?s . ?s ps:P166 wd:Q107258 . ?s pq:P1346 ?value}
Who is the candidate present with Tatiana Tarasova?,SELECT ?answer WHERE { wd:Q2491439 wdt:P1344 ?X . ?X wdt:P710 ?answer}
In what year did Edred of England end the Kingdom of Wessex?,SELECT ?value WHERE { wd:Q191767 p:P27 ?s . ?s ps:P27 wd:Q105313 . ?s pq:P582 ?value}
Who is employing Lockheed Martin ?,select distinct ?sbj where { ?sbj wdt:P108 wd:Q7240 . ?sbj wdt:P31 wd:Q5 }
"What is George Blanda's speciality as a member of the sports team, Oakland Raiders",SELECT ?value WHERE { wd:Q980691 p:P54 ?s . ?s ps:P54 wd:Q324523 . ?s pq:P413 ?value}
"Name a religious concept in Hinduism that contains the word ""yatra"" in its name","SELECT DISTINCT ?sbj ?sbj_label WHERE { ?sbj wdt:P31 wd:Q23847174 . ?sbj wdt:P1269 wd:Q9089 . ?sbj rdfs:label ?sbj_label . FILTER(CONTAINS(lcase(?sbj_label), 'yatra')) . FILTER (lang(?sbj_label) = 'en') } LIMIT 25"
Which sport tour has the highest number of losses?,select ?ent where { ?ent wdt:P31 wd:Q50846468 . ?ent wdt:P1356 ?obj } ORDER BY DESC(?obj)LIMIT 5
What Belgian municipality with city privileges shares a border with Bruges?,select distinct ?sbj where { ?sbj wdt:P47 wd:Q12994 . ?sbj wdt:P31 wd:Q15273785 }
Which is {target} of {article} {COMINFIL} ?,SELECT ?answer WHERE { wd:Q1023998 wdt:P805 ?X . ?X wdt:P533 ?answer}
Which watercraft has the highest gross tonnage?,select ?ent where { ?ent wdt:P31 wd:Q1229765 . ?ent wdt:P1093 ?obj } ORDER BY DESC(?obj)LIMIT 5
To which country does Prince Salman pledge allegiance?,select distinct ?obj where { wd:Q367825 wdt:P945 ?obj . ?obj wdt:P31 wd:Q6256 }
What is the first described death place of Ariel?,SELECT ?answer WHERE { wd:Q3343 wdt:P61 ?X . ?X wdt:P20 ?answer}
who musician of predecessor of right here right now tour ?,SELECT ?answer WHERE { wd:Q3935739 wdt:P155 ?X . ?X wdt:P175 ?answer}
WHO APPEARS TO BE THE MOVIE DIRECTOR OF THEODOROS ANGELOPOULOS?,SELECT ?answer WHERE { wd:Q55168 wdt:P1441 ?X . ?X wdt:P57 ?answer}
What award did Mohamed ElBaradei receive in the year 2008?,"SELECT ?obj WHERE { wd:Q133308 p:P166 ?s . ?s ps:P166 ?obj . ?s pq:P585 ?x filter(contains(YEAR(?x),'2008')) }"
Who made the Jorkwang Film?,SELECT ?answer WHERE { wd:Q35980843 wdt:P452 ?X . ?X wdt:P1056 ?answer}
What is {located in time zone} of {Mönchengladbach} which is {valid in period} is {standard time} ?,SELECT ?obj WHERE { wd:Q2758 p:P421 ?s . ?s ps:P421 ?obj . ?s pq:P1264 wd:Q1777301 }
In which electoral district did Tommy Douglas hold the position of the member of the House of Commons of Canada?,SELECT ?value WHERE { wd:Q359653 p:P39 ?s . ?s ps:P39 wd:Q15964890 . ?s pq:P768 ?value}
what is the codon for L-Tyrosine?,select distinct ?sbj where { ?sbj wdt:P688 wd:Q188017 . ?sbj wdt:P31 wd:Q165052 }
What are the explosive material that starts with the letter w,"SELECT DISTINCT ?sbj ?sbj_label WHERE { ?sbj wdt:P31 wd:Q12870 . ?sbj rdfs:label ?sbj_label . FILTER(STRSTARTS(lcase(?sbj_label), 'w')) . FILTER (lang(?sbj_label) = 'en') } LIMIT 25"
What company operates and manufactures Airbus_A380?,SELECT ?ans_1 ?ans_2 WHERE { wd:Q5830 wdt:P137 ?ans_1 . wd:Q5830 wdt:P176 ?ans_2 }
(RS)-methadone physically interacts with which protein?,select distinct ?obj where { wd:Q179996 wdt:P129 ?obj . ?obj wdt:P31 wd:Q8054 }
when did aleksey konstantinovich tolstoy marry sofia andreevna bachmeteva?,SELECT ?value WHERE { wd:Q212575 p:P26 ?s . ?s ps:P26 wd:Q4079844 . ?s pq:P580 ?value}
what era was world war 2?,SELECT (COUNT(?sub) AS ?value ) { ?sub wdt:P2408 wd:Q362 }
Which musician preceeds Parisian Solos?,SELECT ?answer WHERE { wd:Q7137466 wdt:P156 ?X . ?X wdt:P175 ?answer}
What are the ancient city which start with the letter zemar,"SELECT DISTINCT ?sbj ?sbj_label WHERE { ?sbj wdt:P31 wd:Q15661340 . ?sbj rdfs:label ?sbj_label . FILTER(CONTAINS(lcase(?sbj_label), 'zemar')) . FILTER (lang(?sbj_label) = 'en') } LIMIT 25"
When did Battle of Quiberon Bay happen?,SELECT ?answer WHERE { wd:Q450318 wdt:P710 ?X . ?X wdt:P571 ?answer}
What position did Alexander VI begin in 1483?,"SELECT ?obj WHERE { wd:Q108316 p:P39 ?s . ?s ps:P39 ?obj . ?s pq:P580 ?x filter(contains(YEAR(?x),'1483')) }"
"Who has signed the United States Constitution, whose place of work is Washington DC?",SELECT ?answer WHERE { wd:Q11698 wdt:P1891 ?answer . ?answer wdt:P937 wd:Q61}
Tell me biogeochemical cycle whose name has the word cycle in it.,"SELECT DISTINCT ?sbj ?sbj_label WHERE { ?sbj wdt:P31 wd:Q846303 . ?sbj rdfs:label ?sbj_label . FILTER(CONTAINS(lcase(?sbj_label), 'cycle')) . FILTER (lang(?sbj_label) = 'en') } LIMIT 25"
When did Tianjin begin to have a twinned administrative body with Hakodate?,SELECT ?value WHERE { wd:Q11736 p:P190 ?s . ?s ps:P190 wd:Q26418 . ?s pq:P580 ?value}
The physical quantity of a millimetre is represented by the symbol L. Which is it?,"SELECT ?answer WHERE { wd:Q174789 wdt:P111 ?answer . ?answer wdt:P416 ?x FILTER(contains(?x,'L'))}"
Which is {faculty} of {cohabitant} of {Carla Bruni} ?,SELECT ?answer WHERE { wd:Q143945 wdt:P451 ?X . ?X wdt:P69 ?answer}
Tell me which is the operation which contains the word product in their name?,"SELECT DISTINCT ?sbj ?sbj_label WHERE { ?sbj wdt:P31 wd:Q3884033 . ?sbj rdfs:label ?sbj_label . FILTER(CONTAINS(lcase(?sbj_label), 'product')) . FILTER (lang(?sbj_label) = 'en') } LIMIT 25"
Ignatius of Loyola belongs to which Catholic order?,select distinct ?obj where { wd:Q44281 wdt:P611 ?obj . ?obj wdt:P31 wd:Q391009 }
How many wears for Michael Jordan?,SELECT (COUNT(?obj) AS ?value ) { wd:Q41421 wdt:P3828 ?obj }
What position did Stephen of England hold at the start of November 1141?,"SELECT ?obj WHERE { wd:Q60849 p:P39 ?s . ?s ps:P39 ?obj . ?s pq:P580 ?x filter(contains(YEAR(?x),'1141')) }"
What are the possible examinations of the murder method of Rattana Pestonji?,SELECT ?answer WHERE { wd:Q6585331 wdt:P509 ?X . ?X wdt:P923 ?answer}
Where is the seat of Association des États Généraux des Étudiants de l'Europe whose enclavation is Flemish Brabant?,SELECT ?answer WHERE { wd:Q431534 wdt:P159 ?answer . ?answer wdt:P501 wd:Q1118}
How many media works has Angela Lansbury voice acted in?,SELECT (COUNT(?sub) AS ?value ) { ?sub wdt:P725 wd:Q206856 }
Who is the godmother of Best Moment ESPY award winner?,SELECT ?answer WHERE { wd:Q4896742 wdt:P1346 ?X . ?X wdt:P1290 ?answer}
What is the actual play time of an American football game?,SELECT ?obj WHERE { wd:Q41323 p:P2047 ?s . ?s ps:P2047 ?obj . ?s pq:P1011 wd:Q1962593 }
What what is de facto standard named after by luminiferous aether by  and which that starts with e,"SELECT DISTINCT ?sbj ?sbj_label WHERE { ?sbj wdt:P31 wd:Q385853 . ?sbj wdt:P138 wd:Q208702 . ?sbj rdfs:label ?sbj_label . FILTER(STRSTARTS(lcase(?sbj_label), 'e')) . FILTER (lang(?sbj_label) = 'en') } LIMIT 25"
"Who is the top dog of Bill Shoemaker, whose top dog is Alvaro Pineda?",SELECT ?answer WHERE { wd:Q718423 wdt:P166 ?answer . ?answer wdt:P1346 wd:Q8076740}
Name the test that measures the intelligence,select distinct ?obj where { wd:Q83500 wdt:P1880 ?obj . ?obj wdt:P31 wd:Q12021385 }
What were the uses of Pan when it was invented in 1970?,"SELECT ?obj WHERE { wd:Q80174 p:P2283 ?s . ?s ps:P2283 ?obj . ?s pq:P575 ?x filter(contains(YEAR(?x),'1970')) }"
What position did Sweyn I of Denmark hold in 1013?,"SELECT ?obj WHERE { wd:Q181896 p:P39 ?s . ?s ps:P39 ?obj . ?s pq:P580 ?x filter(contains(YEAR(?x),'1013')) }"
When did Elgin Baylor receive the award for All-NBA Team?,SELECT ?value WHERE { wd:Q357458 p:P166 ?s . ?s ps:P166 wd:Q674359 . ?s pq:P585 ?value}
What is synonymous with assault but unlike murder?,SELECT ?answer WHERE { wd:Q365680 wdt:P460 ?answer . ?answer wdt:P1889 wd:Q149086}
WHICH IS THE ENERGY SOURCE OF REPLACED HAVRINGE UPPER LIGHT,SELECT ?answer WHERE { wd:Q40101409 wdt:P1365 ?X . ?X wdt:P618 ?answer}
What is the name of the polymer for the monomer of ethylene?,select distinct ?obj where { wd:Q151313 wdt:P4599 ?obj . ?obj wdt:P31 wd:Q81163 }
Which outer planet has the most flattening?,select ?ent where { ?ent wdt:P31 wd:Q30014 . ?ent wdt:P1102 ?obj } ORDER BY DESC(?obj)LIMIT 5
How many people or cargo transported to coal?,SELECT (COUNT(?sub) AS ?value ) { ?sub wdt:P3437 wd:Q24489 }
What are the business division and subsidiary of American Broadcasting Company?,SELECT ?ans_1 ?ans_2 WHERE { wd:Q169889 wdt:P199 ?ans_1 . wd:Q169889 wdt:P355 ?ans_2 }
Where is the mouth of the Rhone river?,SELECT ?obj WHERE { wd:Q602 p:P625 ?s . ?s ps:P625 ?obj . ?s pq:P518 wd:Q1233637 }
Who is {nominated for} of {Kate Winslet} whose {for work} is {Sense and Sensibility} ?,SELECT ?obj WHERE { wd:Q202765 p:P1411 ?s . ?s ps:P1411 ?obj . ?s pq:P1686 wd:Q643263 }
When was Schutzstaffel the manager/director of Erhard Heiden?,SELECT ?value WHERE { wd:Q44687 p:P1037 ?s . ?s ps:P1037 wd:Q60222 . ?s pq:P580 ?value}
What are the enterprise which start with the letter zinifex,"SELECT DISTINCT ?sbj ?sbj_label WHERE { ?sbj wdt:P31 wd:Q6881511 . ?sbj rdfs:label ?sbj_label . FILTER(CONTAINS(lcase(?sbj_label), 'zinifex')) . FILTER (lang(?sbj_label) = 'en') } LIMIT 25"
When did Betty White win the Daytime Emmy Award for Outstanding Game Show Host?,SELECT ?value WHERE { wd:Q373895 p:P166 ?s . ?s ps:P166 wd:Q5243447 . ?s pq:P585 ?value}
For what project did Sven Nykvist receive an aware for Best Cinematography?,SELECT ?value WHERE { wd:Q312290 p:P166 ?s . ?s ps:P166 wd:Q131520 . ?s pq:P805 ?value}
When did Plzeň receive the European Capital of Culture award?,SELECT ?value WHERE { wd:Q43453 p:P166 ?s . ?s ps:P166 wd:Q129372 . ?s pq:P585 ?value}
When did Sarah Bernhardt and Jacques Damala split up?,SELECT ?value WHERE { wd:Q4605 p:P26 ?s . ?s ps:P26 wd:Q6120528 . ?s pq:P582 ?value}
What was the award received by Robert Bresson for his work on L'Argent?,SELECT ?obj WHERE { wd:Q55391 p:P166 ?s . ?s ps:P166 ?obj . ?s pq:P1686 wd:Q2621769 }
how many musical conductions are by zubin mehta?,SELECT (COUNT(?sub) AS ?value ) { ?sub wdt:P3300 wd:Q157635 }
What are the life style which start with the letter warrior,"SELECT DISTINCT ?sbj ?sbj_label WHERE { ?sbj wdt:P31 wd:Q32090 . ?sbj rdfs:label ?sbj_label . FILTER(CONTAINS(lcase(?sbj_label), 'warrior')) . FILTER (lang(?sbj_label) = 'en') } LIMIT 25"
What did the Gregorian_calendar replace and what is it named after?,SELECT ?ans_1 ?ans_2 WHERE { wd:Q12138 wdt:P1365 ?ans_1 . wd:Q12138 wdt:P138 ?ans_2 }
What happened in New Zealand on 11/25/1947?,"SELECT ?obj WHERE { wd:Q664 p:P31 ?s . ?s ps:P31 ?obj . ?s pq:P582 ?x filter(contains(YEAR(?x),'1947')) }"
What will be the effect of bacteria which has prescribed drug of cefizoxime?,SELECT ?answer WHERE { wd:Q10876 wdt:P1542 ?answer . ?answer wdt:P2176 wd:Q1082945}
What awards has the leader George F. Kennan received?,SELECT ?answer WHERE { wd:Q156058 wdt:P166 ?X . ?X wdt:P1346 ?answer}
which dwarf planet has the highest rotation period?,select ?ent where { ?ent wdt:P31 wd:Q2199 . ?ent wdt:P2147 ?obj } ORDER BY DESC(?obj)LIMIT 5
What historical Chinese state replaces Yuan dynasty?,select distinct ?obj where { wd:Q7313 wdt:P1365 ?obj . ?obj wdt:P31 wd:Q50068795 }
Who encoded that physically interacts with L-Phenylalanine?,SELECT ?answer WHERE { wd:Q170545 wdt:P129 ?X . ?X wdt:P702 ?answer}
Which role model of Karl Jespers wrote The Origins of Totalitarianism?,SELECT ?answer WHERE { wd:Q1327843 wdt:P50 ?answer . ?answer wdt:P737 wd:Q76509}
Who directed The Birth of a Nation?,select distinct ?obj where { wd:Q220394 wdt:P57 ?obj . ?obj wdt:P31 wd:Q5 }
What toponym of the Spitzer Space Telescope has the forename of Lyman?,SELECT ?answer WHERE { wd:Q201953 wdt:P138 ?answer . ?answer wdt:P735 wd:Q19830595}
Which asteroid has got the most orbital inclination?,select ?ent where { ?ent wdt:P31 wd:Q3863 . ?ent wdt:P2045 ?obj } ORDER BY DESC(?obj)LIMIT 5
What is the position held by Emmanuel Joseph Sieyès born at 1795-4-20?,"SELECT ?obj WHERE { wd:Q294344 p:P39 ?s . ?s ps:P39 ?obj . ?s pq:P580 ?x filter(contains(YEAR(?x),'1795')) }"
When did Zeppotron produce Black Mirror?,SELECT ?value WHERE { wd:Q558112 p:P272 ?s . ?s ps:P272 wd:Q8069350 . ?s pq:P580 ?value}
What is PHP?,select distinct ?sbj where { ?sbj wdt:P277 wd:Q59 . ?sbj wdt:P31 wd:Q1293664 }
Who is The Sims: Hot Date developed and co-founded by?,SELECT ?answer WHERE { wd:Q1991302 wdt:P178 ?X . ?X wdt:P112 ?answer}
When was the Battle of the Bulge?,select distinct ?obj where { wd:Q151018 wdt:P2348 ?obj . ?obj wdt:P31 wd:Q103495 }
How long was Ub Iwerks a teacher at Northeast High School,SELECT ?value WHERE { wd:Q336424 p:P69 ?s . ?s ps:P69 wd:Q7057903 . ?s pq:P582 ?value}
What record label released the albums of Eminem ?,select distinct ?obj where { wd:Q5608 wdt:P264 ?obj . ?obj wdt:P31 wd:Q18127 }
At {RWTH Aachen University} what is {eponym} of {wiens displacement law}?,SELECT ?answer WHERE { wd:Q214336 wdt:P138 ?answer . ?answer wdt:P108 wd:Q273263}
What country succeeded the Nerva-Antonine dynasty?,SELECT ?answer WHERE { wd:Q3202662 wdt:P17 ?X . ?X wdt:P156 ?answer}
Where was the Frantisek Kupka burried whose catalog code is 22696,"SELECT ?obj WHERE { wd:Q167414 p:P119 ?s . ?s ps:P119 ?obj . ?s pq:P528 ?x filter(contains(?x,'22696')) }"
"Who is the founder of Confucianism, whose kid is Kong Li?",SELECT ?answer WHERE { wd:Q9581 wdt:P112 ?answer . ?answer wdt:P40 wd:Q7240164}
na,SELECT ?answer WHERE { wd:Q153463 wdt:P54 ?X . ?X wdt:P1352 ?answer}
How many were killed by Giovanni Falcone?,SELECT (COUNT(?obj) AS ?value ) { wd:Q207073 wdt:P157 ?obj }
"What is the Arabic organization of diplomacy, for the Kingdom of Arabia.",select distinct ?sbj where { ?sbj wdt:P530 wd:Q7172 . ?sbj wdt:P31 wd:Q4120211 }
What strain has the lowest minimum viable temperature and whose biosafety level is 1?,select ?ent where { ?ent wdt:P31 wd:Q855769 . ?ent wdt:P3251 ?obj . ?ent wdt:P1604 wd:Q18396533} ORDER BY ASC(?obj)LIMIT 5
what is geographic region that starts with s,"SELECT DISTINCT ?sbj ?sbj_label WHERE { ?sbj wdt:P31 wd:Q82794 . ?sbj rdfs:label ?sbj_label . FILTER(STRSTARTS(lcase(?sbj_label), 'š')) . FILTER (lang(?sbj_label) = 'en') } LIMIT 25"
What is located in the same standard time zone as Crete?,SELECT ?obj WHERE { wd:Q34374 p:P421 ?s . ?s ps:P421 ?obj . ?s pq:P1264 wd:Q1777301 }
What public office does John Jay hold?,select distinct ?obj where { wd:Q310847 wdt:P39 ?obj . ?obj wdt:P31 wd:Q17279032 }
Where in Limpopo borough is the city of North West?,SELECT ?answer WHERE { wd:Q134907 wdt:P131 ?answer . ?answer wdt:P150 wd:Q165956}
What is the native language of the Circassians?,SELECT (COUNT(?obj) AS ?value ) { wd:Q15763 wdt:P103 ?obj }
What is the alphabet that starts with 't'?,"SELECT DISTINCT ?sbj ?sbj_label WHERE { ?sbj wdt:P31 wd:Q9779 . ?sbj rdfs:label ?sbj_label . FILTER(STRSTARTS(lcase(?sbj_label), 't')) . FILTER (lang(?sbj_label) = 'en') } LIMIT 25"
What is the name of the hometown of Guillaume Apollinaire?,SELECT ?answer WHERE { wd:Q133855 wdt:P551 ?X . ?X wdt:P1705 ?answer}
What is the airplane bombing with the lowest number of survivors with one of the survivors being Umar Farouk Abdulmutallab?,select ?ent where { ?ent wdt:P31 wd:Q19354904 . ?ent wdt:P1561 ?obj . ?ent wdt:P710 wd:Q983843} ORDER BY ASC(?obj)LIMIT 5
What is Arthur Phillip's sign language alphabet?,SELECT ?answer WHERE { wd:Q311548 wdt:P1412 ?X . ?X wdt:P282 ?answer}
"Who died in Francois Villon, which has diplomatic relation with Germany?",SELECT ?answer WHERE { wd:Q849 wdt:P20 ?answer . ?answer wdt:P530 wd:Q183}
Where does Thomas Jefferson's special people stay?,select distinct ?sbj where { ?sbj wdt:P3342 wd:Q11812 . ?sbj wdt:P31 wd:Q276173 }
"What team did Somchai Subpherm play for, and where was it headquartered?",SELECT ?answer WHERE { wd:Q4926223 wdt:P54 ?X . ?X wdt:P159 ?answer}
What is the 50 Cent filmography filmography?,select distinct ?obj where { wd:Q6060 wdt:P1283 ?obj . ?obj wdt:P31 wd:Q1371849 }
What was the top-level domain country code for the Soviet Union?,select distinct ?obj where { wd:Q15180 wdt:P78 ?obj . ?obj wdt:P31 wd:Q42032 }
What was the award received by Stendhal in 1835?,"SELECT ?obj WHERE { wd:Q502 p:P166 ?s . ?s ps:P166 ?obj . ?s pq:P580 ?x filter(contains(YEAR(?x),'1835')) }"
Which {typology} of {language native} of {Pink} ?,SELECT ?answer WHERE { wd:Q160009 wdt:P103 ?X . ?X wdt:P4132 ?answer}
What id made from Sichuan pepper and has the taxon Zanthoxylum in it?,SELECT ?answer WHERE { wd:Q756800 wdt:P1582 ?answer . ?answer wdt:P171 wd:Q147050}
"What type of people live in Fresno, California's twin city?",SELECT ?answer WHERE { wd:Q42807 wdt:P190 ?answer . ?answer wdt:P1792 wd:Q7118067}
What is it?,SELECT ?answer WHERE { wd:Q846071 wdt:P171 ?answer . ?answer wdt:P460 wd:Q13582382}
How many basic forms of government are there in Syria?,SELECT (COUNT(?obj) AS ?value ) { wd:Q858 wdt:P122 ?obj }
What businesses are headquartered in Cleveland?,select distinct ?sbj where { ?sbj wdt:P159 wd:Q37320 . ?sbj wdt:P31 wd:Q4830453 }
What is the part of the constellation is the child's body in HD 4208?,SELECT ?answer WHERE { wd:Q1367671 wdt:P398 ?X . ?X wdt:P59 ?answer}
Who are some famous people educated at McGill University?,select distinct ?sbj where { ?sbj wdt:P69 wd:Q201492 . ?sbj wdt:P31 wd:Q5 }
What are the single which start with the letter way,"SELECT DISTINCT ?sbj ?sbj_label WHERE { ?sbj wdt:P31 wd:Q134556 . ?sbj rdfs:label ?sbj_label . FILTER(CONTAINS(lcase(?sbj_label), 'way')) . FILTER (lang(?sbj_label) = 'en') } LIMIT 25"
Name a relative of Tim Minchin,select distinct ?sbj where { ?sbj wdt:P1038 wd:Q23527 . ?sbj wdt:P31 wd:Q5 }
what diameter is 5.56*45mm NATO in the base?,SELECT ?obj WHERE { wd:Q238456 p:P2386 ?s . ?s ps:P2386 ?obj . ?s pq:P518 wd:Q29841371 }
When was Nicolas Cage awarded the Screen Actors Guild Award for Outstanding Performance by a Male Actor in a Leading Role?,SELECT ?value WHERE { wd:Q42869 p:P166 ?s . ?s ps:P166 wd:Q654620 . ?s pq:P585 ?value}
How many movies have Georges Méliès as the production designer?,SELECT (COUNT(?sub) AS ?value ) { ?sub wdt:P2554 wd:Q152272 }
What is the part of the constellation HD 76700 that has a moon?,SELECT ?answer WHERE { wd:Q1563424 wdt:P398 ?X . ?X wdt:P59 ?answer}
What are the public educational institution of the United States which start with the letter university,"SELECT DISTINCT ?sbj ?sbj_label WHERE { ?sbj wdt:P31 wd:Q23002039 . ?sbj rdfs:label ?sbj_label . FILTER(CONTAINS(lcase(?sbj_label), 'university')) . FILTER (lang(?sbj_label) = 'en') } LIMIT 25"
When was Eileen Heckart nominated for a Tony Award for Best Featured Actress in a Play?,SELECT ?value WHERE { wd:Q239745 p:P1411 ?s . ?s ps:P1411 wd:Q627778 . ?s pq:P585 ?value}
How many anatomical locations are by the thymus?,SELECT (COUNT(?sub) AS ?value ) { ?sub wdt:P927 wd:Q163987 }
What nonprofit organization is regulated by the association of football?,select distinct ?obj where { wd:Q2736 wdt:P3719 ?obj . ?obj wdt:P31 wd:Q163740 }
Who sponsors the FC Bayern Munich?,SELECT (COUNT(?obj) AS ?value ) { wd:Q15789 wdt:P859 ?obj }
Which {role model} is {contestant} of {The Black Dahlia} ?,SELECT ?answer WHERE { wd:Q313874 wdt:P161 ?X . ?X wdt:P737 ?answer}
When was LeBron James nominated for Best Male Athlete ESPY Award?,SELECT ?value WHERE { wd:Q36159 p:P1411 ?s . ?s ps:P1411 wd:Q4896724 . ?s pq:P585 ?value}
What branch is the building engineer in Ferrell Center?,SELECT ?answer WHERE { wd:Q5445295 wdt:P631 ?X . ?X wdt:P452 ?answer}
"""Which is {border} of {Sichuan}, whose {partner town} is {Suceava} ?""",SELECT ?answer WHERE { wd:Q19770 wdt:P47 ?answer . ?answer wdt:P190 wd:Q46400}
Who is the founder of Hezbollah whose personal name is Muhammed?,SELECT ?answer WHERE { wd:Q41053 wdt:P112 ?answer . ?answer wdt:P735 wd:Q5837762}
When did Wassily Kandinski finish teaching at Bauhaus?,SELECT ?value WHERE { wd:Q61064 p:P108 ?s . ?s ps:P108 wd:Q124354 . ?s pq:P582 ?value}
What is the key event of the terminating connection of Britz Canal?,SELECT ?answer WHERE { wd:Q315302 wdt:P559 ?X . ?X wdt:P793 ?answer}
how many lake inflows does the irtysh river have?,SELECT (COUNT(?sub) AS ?value ) { ?sub wdt:P200 wd:Q128102 }
Larry Flynt is the publisher of which periodical?,select distinct ?sbj where { ?sbj wdt:P123 wd:Q223839 . ?sbj wdt:P31 wd:Q41298 }
What is recently deceased R. H. Tawney's PIN Code?,SELECT ?answer WHERE { wd:Q2589871 wdt:P20 ?X . ?X wdt:P281 ?answer}
when was renalult the member of sports team as bernard hinault?,SELECT ?value WHERE { wd:Q109255 p:P54 ?s . ?s ps:P54 wd:Q668092 . ?s pq:P580 ?value}
Tell me a part of fungi that starts with {'s'},"SELECT DISTINCT ?sbj ?sbj_label WHERE { ?sbj wdt:P31 wd:Q56883667 . ?sbj rdfs:label ?sbj_label . FILTER(STRSTARTS(lcase(?sbj_label), 's')) . FILTER (lang(?sbj_label) = 'en') } LIMIT 25"
Who wrote the musical score of Illya Darling?,SELECT ?answer WHERE { wd:Q11287179 wdt:P144 ?X . ?X wdt:P86 ?answer}
What are the institution of the European Union  which start with the letter s,"SELECT DISTINCT ?sbj ?sbj_label WHERE { ?sbj wdt:P31 wd:Q748720 . ?sbj rdfs:label ?sbj_label . FILTER(STRSTARTS(lcase(?sbj_label), 'e')) . FILTER (lang(?sbj_label) = 'en') } LIMIT 25"
which point in time for Alicia de Larrocha has award received as Princess of Asturias Award for the Arts ?,SELECT ?value WHERE { wd:Q232255 p:P166 ?s . ?s ps:P166 wd:Q3319305 . ?s pq:P585 ?value}
how many holidays does isreal have?,SELECT (COUNT(?obj) AS ?value ) { wd:Q801 wdt:P832 ?obj }
Is polyvinyl chloride safe?,SELECT ?answer WHERE { wd:Q146368 wdt:P4600 ?X . ?X wdt:P4952 ?answer}
What position did Just Fontaine play in 1950?,"SELECT ?obj WHERE { wd:Q192749 p:P54 ?s . ?s ps:P54 ?obj . ?s pq:P580 ?x filter(contains(YEAR(?x),'1950')) }"
"Who was Ada Lovelace's husband when she died on November 27, 1852?","SELECT ?obj WHERE { wd:Q7259 p:P26 ?s . ?s ps:P26 ?obj . ?s pq:P582 ?x filter(contains(YEAR(?x),'1852')) }"
,select distinct ?sbj where { ?sbj wdt:P941 wd:Q9592 . ?sbj wdt:P31 wd:Q3305213 }
Which {pronunciation audio} is {music genre} of {parable of the Good Samaritan} ?,SELECT ?answer WHERE { wd:Q261103 wdt:P136 ?X . ?X wdt:P443 ?answer}
For which work Patrick White received the Miles Franklin Literary Award?,SELECT ?value WHERE { wd:Q129187 p:P166 ?s . ?s ps:P166 wd:Q996 . ?s pq:P1686 ?value}
What is  the first minister of the place of activity  of Richard Russell ?,SELECT ?answer WHERE { wd:Q623429 wdt:P710 ?X . ?X wdt:P2633 ?answer}
On 1-1-1958 which award was received by Martin Buber?,"SELECT ?obj WHERE { wd:Q84423 p:P166 ?s . ?s ps:P166 ?obj . ?s pq:P585 ?x filter(contains(YEAR(?x),'1958')) }"
What is the male toponyym of Lorentz's trasnformation?,SELECT ?answer WHERE { wd:Q217255 wdt:P138 ?answer . ?answer wdt:P21 wd:Q6581097}
What county in England shares a border with Hampshire?,select distinct ?sbj where { ?sbj wdt:P47 wd:Q23204 . ?sbj wdt:P31 wd:Q180673 }
Name a member of the band ABBA,select distinct ?obj where { wd:Q18233 wdt:P138 ?obj . ?obj wdt:P31 wd:Q5 }
What are the computational problem which start with the letter s,"SELECT DISTINCT ?sbj ?sbj_label WHERE { ?sbj wdt:P31 wd:Q3435924 . ?sbj rdfs:label ?sbj_label . FILTER(STRSTARTS(lcase(?sbj_label), 's')) . FILTER (lang(?sbj_label) = 'en') } LIMIT 25"
What is the author and the chief executive officer of Reddit ?,SELECT ?ans_1 ?ans_2 WHERE { wd:Q1136 wdt:P50 ?ans_1 . wd:Q1136 wdt:P169 ?ans_2 }
"What award did George Marshall receive on May the 4th, 1959?","SELECT ?obj WHERE { wd:Q151414 p:P166 ?s . ?s ps:P166 ?obj . ?s pq:P585 ?x filter(contains(YEAR(?x),'1959')) }"
What are the card game which start with the letter z,"SELECT DISTINCT ?sbj ?sbj_label WHERE { ?sbj wdt:P31 wd:Q142714 . ?sbj rdfs:label ?sbj_label . FILTER(STRSTARTS(lcase(?sbj_label), 'z')) . FILTER (lang(?sbj_label) = 'en') } LIMIT 25"
What is the start time for Auguste Comte and his spouse Caroline Massin,SELECT ?value WHERE { wd:Q12718 p:P26 ?s . ?s ps:P26 wd:Q1044529 . ?s pq:P580 ?value}
which is the chronology of topic of language used on jacques marquette,SELECT ?answer WHERE { wd:Q336630 wdt:P1412 ?X . ?X wdt:P2184 ?answer}
Where was Hans Christian Andersen taught in 1822?,"SELECT ?obj WHERE { wd:Q5673 p:P69 ?s . ?s ps:P69 ?obj . ?s pq:P580 ?x filter(contains(YEAR(?x),'1822')) }"
WHICH IS THE STATE OF AUSTRALIA THAT CONTAINS THE WORDS VICTORIA IN THEIR NAME,"SELECT DISTINCT ?sbj ?sbj_label WHERE { ?sbj wdt:P31 wd:Q5852411 . ?sbj rdfs:label ?sbj_label . FILTER(CONTAINS(lcase(?sbj_label), 'victoria')) . FILTER (lang(?sbj_label) = 'en') } LIMIT 25"
What is known   writer of Shakespeare's sonnets ?,SELECT ?answer WHERE { wd:Q662550 wdt:P50 ?X . ?X wdt:P800 ?answer}
"Who did Kurt Cobain marry on February 24, 1992?","SELECT ?obj WHERE { wd:Q8446 p:P26 ?s . ?s ps:P26 ?obj . ?s pq:P580 ?x filter(contains(YEAR(?x),'1992')) }"
What was the method used to determine the population of Ferrara was 132009?,"SELECT ?value WHERE { wd:Q13362 p:P1082 ?s . ?s ps:P1082 ?x filter(contains(?x,'132009')) . ?s pq:P459 ?value}"
What is the population of Fuenlabrada in the year 2005?,"SELECT ?obj WHERE { wd:Q54902 p:P1082 ?s . ?s ps:P1082 ?obj . ?s pq:P585 ?x filter(contains(YEAR(?x),'2005')) }"
Was the Empire State Building built in 1986-6-25,"SELECT ?obj WHERE { wd:Q9188 p:P1435 ?s . ?s ps:P1435 ?obj . ?s pq:P580 ?x filter(contains(YEAR(?x),'1986')) }"
Which metropolis starts with letter K and was categorized and shot in Karachi ?,"SELECT DISTINCT ?sbj ?sbj_label WHERE { ?sbj wdt:P31 wd:Q200250 . ?sbj wdt:P1740 wd:Q19359121 . ?sbj rdfs:label ?sbj_label . FILTER(STRSTARTS(lcase(?sbj_label), 'k')) . FILTER (lang(?sbj_label) = 'en') } LIMIT 25"
when was pharaoh replaced by tutankhamon?,SELECT ?value WHERE { wd:Q12154 p:P39 ?s . ?s ps:P39 wd:Q37110 . ?s pq:P1366 ?value}
In what environment is the series Darius Force set?,SELECT ?answer WHERE { wd:Q1527988 wdt:P179 ?X . ?X wdt:P400 ?answer}
What city or area in the Philippines governed by a mayor has the lowest fiscal tax revenue?,select ?ent where { ?ent wdt:P31 wd:Q24764 . ?ent wdt:P3087 ?obj . ?ent wdt:P1313 wd:Q30185} ORDER BY ASC(?obj)LIMIT 5
Which is the flood that the rain has effect in?,select distinct ?sbj where { ?sbj wdt:P1542 wd:Q7925 . ?sbj wdt:P31 wd:Q8068 }
who archipelago for official language of norwegian?,select distinct ?sbj where { ?sbj wdt:P37 wd:Q9043 . ?sbj wdt:P31 wd:Q33837 }
Where did Professor Mohammad Mosaddegh of the University of Paris go to school?,SELECT ?answer WHERE { wd:Q123037 wdt:P69 ?answer . ?answer wdt:P4195 wd:Q7997009}
When did George Canning become Secretary of State for Foreign and Commonwealth Affairs?,SELECT ?value WHERE { wd:Q219731 p:P39 ?s . ?s ps:P39 wd:Q1371091 . ?s pq:P580 ?value}
Which charitable organization is McGill University affiliated with?,select distinct ?obj where { wd:Q201492 wdt:P1416 ?obj . ?obj wdt:P31 wd:Q708676 }
What are the image compression which start with the letter g,"SELECT DISTINCT ?sbj ?sbj_label WHERE { ?sbj wdt:P31 wd:Q412438 . ?sbj rdfs:label ?sbj_label . FILTER(STRSTARTS(lcase(?sbj_label), 'g')) . FILTER (lang(?sbj_label) = 'en') } LIMIT 25"
When did Muhammad stop practicing the Hanif religion?,SELECT ?value WHERE { wd:Q9458 p:P140 ?s . ?s ps:P140 wd:Q425381 . ?s pq:P582 ?value}
Which television show did Ellen DeGeneres create?,select distinct ?sbj where { ?sbj wdt:P170 wd:Q483325 . ?sbj wdt:P31 wd:Q5398426 }
Which greek deity appears as Artemis,select distinct ?sbj where { ?sbj wdt:P4675 wd:Q39503 . ?sbj wdt:P31 wd:Q22989102 }
What {item is used} in {sports} of {breaststroke} ?,SELECT ?answer WHERE { wd:Q326163 wdt:P641 ?X . ?X wdt:P2283 ?answer}
What was the award received by Lee Marvin for his work in Cat Ballou?,SELECT ?obj WHERE { wd:Q76895 p:P166 ?s . ?s ps:P166 ?obj . ?s pq:P1686 wd:Q76824 }
When did the Alexander pope die in the Kingdom of England,SELECT ?value WHERE { wd:Q164047 p:P27 ?s . ?s ps:P27 wd:Q179876 . ?s pq:P582 ?value}
When did Dubrovnik become a country in the Austrian Empire?,SELECT ?value WHERE { wd:Q1722 p:P17 ?s . ?s ps:P17 wd:Q131964 . ?s pq:P580 ?value}
Who replaced the First Lady of the United States Martha Washington?,SELECT ?value WHERE { wd:Q191789 p:P39 ?s . ?s ps:P39 wd:Q7166256 . ?s pq:P1366 ?value}
What position was held by Benito Mussolini that was later replaced by Luigi Federzoni?,SELECT ?obj WHERE { wd:Q23559 p:P39 ?s . ?s ps:P39 ?obj . ?s pq:P1366 wd:Q1379609 }
What award did Kurt Godel receive on 1974-1-1?,"SELECT ?obj WHERE { wd:Q41390 p:P166 ?s . ?s ps:P166 ?obj . ?s pq:P585 ?x filter(contains(YEAR(?x),'1974')) }"
How many numbers of exclave for the  {Azerbaijan} ?,SELECT (COUNT(?sub) AS ?value ) { ?sub wdt:P500 wd:Q227 }
"Which is the double administrative body, of Nagasaki's governing county seat.",select distinct ?obj where { wd:Q38234 wdt:P190 ?obj . ?obj wdt:P31 wd:Q62049 }
How many episodes are in the television series Friends?,select distinct ?sbj where { ?sbj wdt:P179 wd:Q79784 . ?sbj wdt:P31 wd:Q21191270 }
What position is held by Julius II which was once held by Marco Barbo?,SELECT ?obj WHERE { wd:Q80516 p:P39 ?s . ?s ps:P39 ?obj . ?s pq:P1365 wd:Q1643096 }
What is the manner of death of the characters of Harry Potter and the Philosopher's Stone?,SELECT ?answer WHERE { wd:Q102438 wdt:P674 ?X . ?X wdt:P1196 ?answer}
"What has outcome of the computer simulation, a place held computer?",SELECT ?answer WHERE { wd:Q925667 wdt:P1542 ?answer . ?answer wdt:P276 wd:Q68}
What criterion used for December as декабря?,"SELECT ?value WHERE { wd:Q126 p:P2561 ?s . ?s ps:P2561 ?x filter(contains(?x,'декабря')) . ?s pq:P1013 ?value}"
What was Claudette Colbert nominated for in the 8th Academy Awards?,SELECT ?obj WHERE { wd:Q203819 p:P1411 ?s . ?s ps:P1411 ?obj . ?s pq:P805 wd:Q132080 }
Where was Syrie Maugham's country of citizenship in 1927?,"SELECT ?obj WHERE { wd:Q7663337 p:P27 ?s . ?s ps:P27 ?obj . ?s pq:P582 ?x filter(contains(YEAR(?x),'1927')) }"
What was the end time for All My Children on the original network and The Online Network?,SELECT ?value WHERE { wd:Q205474 p:P449 ?s . ?s ps:P449 wd:Q22566818 . ?s pq:P582 ?value}
What country signed the North Atlantic Treaty that has a spoken language of Portuguese?,SELECT ?answer WHERE { wd:Q877399 wdt:P1891 ?answer . ?answer wdt:P1412 wd:Q5146}
What is the name and date of the sequel to Iguanodon?,SELECT ?answer WHERE { wd:Q130980 wdt:P524 ?X . ?X wdt:P156 ?answer}
Can you describe the state of Hagia Sophia in 1931?,"SELECT ?obj WHERE { wd:Q12506 p:P31 ?s . ?s ps:P31 ?obj . ?s pq:P582 ?x filter(contains(YEAR(?x),'1931')) }"
What award did Juan Carlos I win?,select distinct ?sbj where { ?sbj wdt:P1346 wd:Q19943 . ?sbj wdt:P31 wd:Q618779 }
What are the triple star system which start with the letter p,"SELECT DISTINCT ?sbj ?sbj_label WHERE { ?sbj wdt:P31 wd:Q2088753 . ?sbj rdfs:label ?sbj_label . FILTER(STRSTARTS(lcase(?sbj_label), 'p')) . FILTER (lang(?sbj_label) = 'en') } LIMIT 25"
What does tobramycin treat?,SELECT ?answer WHERE { wd:Q1758380 wdt:P2175 ?X . ?X wdt:P2176 ?answer}
What sport does Bob Pettit play that has a runtime of 40?,"SELECT ?answer WHERE { wd:Q368561 wdt:P641 ?answer . ?answer wdt:P2047 ?x FILTER(contains(?x,'40'))}"
What school did the International  Olympic Committee's founder attend?,SELECT ?answer WHERE { wd:Q40970 wdt:P112 ?X . ?X wdt:P69 ?answer}
Who had the honour of discovering general relativity?,SELECT ?answer WHERE { wd:Q11452 wdt:P61 ?X . ?X wdt:P166 ?answer}
What media company is The Economist owned by?,select distinct ?obj where { wd:Q180089 wdt:P127 ?obj . ?obj wdt:P31 wd:Q1331793 }
"Who is the child of the sister of Louis, Dauphin of France, Duke of Guyenne?",SELECT ?answer WHERE { wd:Q1347131 wdt:P3373 ?X . ?X wdt:P22 ?answer}
What is the official language of lives in Pasi Siltakorpi?,SELECT ?answer WHERE { wd:Q28786447 wdt:P551 ?X . ?X wdt:P37 ?answer}
In what year did Tim Hunt give a Croonian Lecture?,SELECT ?value WHERE { wd:Q309977 p:P166 ?s . ?s ps:P166 wd:Q1192912 . ?s pq:P585 ?value}
Mention the publishing year of Grand Theft Auto III,SELECT ?answer WHERE { wd:Q149106 wdt:P400 ?X . ?X wdt:P577 ?answer}
What is the organization that regulates Esperanto?,select distinct ?obj where { wd:Q143 wdt:P1018 ?obj . ?obj wdt:P31 wd:Q15494038 }
What are comic book series  which start with the letter y,"SELECT DISTINCT ?sbj ?sbj_label WHERE { ?sbj wdt:P31 wd:Q14406742 . ?sbj rdfs:label ?sbj_label . FILTER(STRSTARTS(lcase(?sbj_label), 'v')) . FILTER (lang(?sbj_label) = 'en') } LIMIT 25"
what is solves os make use of  link state  routing protocol?,SELECT ?answer WHERE { wd:Q1755411 wdt:P2283 ?X . ?X wdt:P2159 ?answer}
What is the time zone for Cannes in daylight saving time?,SELECT ?obj WHERE { wd:Q39984 p:P421 ?s . ?s ps:P421 ?obj . ?s pq:P1264 wd:Q36669 }
What team does Alcides Pena play for?,SELECT ?answer WHERE { wd:Q2467100 wdt:P54 ?X . ?X wdt:P159 ?answer}
How many categories are there for women's sports?,SELECT (COUNT(?sub) AS ?value ) { ?sub wdt:P2094 wd:Q920057 }
Royal Dutch Shell has how many owners of?,SELECT (COUNT(?obj) AS ?value ) { wd:Q154950 wdt:P1830 ?obj }
"Where is the death place of Fedor Tokarev, which was divided into the Perovo District?",SELECT ?answer WHERE { wd:Q535597 wdt:P20 ?answer . ?answer wdt:P150 wd:Q2364993}
WHAT TYPE OF THE BUILDING MATERIAL WHOSE NAME THAT STARTS WITH Z,"SELECT DISTINCT ?sbj ?sbj_label WHERE { ?sbj wdt:P31 wd:Q206615 . ?sbj rdfs:label ?sbj_label . FILTER(STRSTARTS(lcase(?sbj_label), 'z')) . FILTER (lang(?sbj_label) = 'en') } LIMIT 25"
Is the city of Odense located in the UTC+02:00 time zone?,SELECT ?value WHERE { wd:Q25331 p:P421 ?s . ?s ps:P421 wd:Q6723 . ?s pq:P1264 ?value}
When did Francisco Morales Bermúdez become President of the Council of Ministers of Peru?,SELECT ?value WHERE { wd:Q116630 p:P39 ?s . ?s ps:P39 wd:Q1758412 . ?s pq:P580 ?value}
"Who is the writer of On Liberty who's birthday is May 20, 1806?","SELECT ?answer WHERE { wd:Q1055881 wdt:P50 ?answer . ?answer wdt:P569 ?x FILTER(contains(YEAR(?x),'1806'))}"
Which is the skyscraper for which William F. Baker was an architect and contains the word burj in it's name?,"SELECT DISTINCT ?sbj ?sbj_label WHERE { ?sbj wdt:P31 wd:Q11303 . ?sbj wdt:P84 wd:Q834854 . ?sbj rdfs:label ?sbj_label . FILTER(CONTAINS(lcase(?sbj_label), 'burj')) . FILTER (lang(?sbj_label) = 'en') } LIMIT 25"
What are the spiritual practice which start with the letter M,"SELECT DISTINCT ?sbj ?sbj_label WHERE { ?sbj wdt:P31 wd:Q2270606 . ?sbj rdfs:label ?sbj_label . FILTER(STRSTARTS(lcase(?sbj_label), 'm')) . FILTER (lang(?sbj_label) = 'en') } LIMIT 25"
What is the work of authors William Morris and Morris & Co.?,SELECT ?answer WHERE { wd:Q54104312 wdt:P50 ?X . ?X wdt:P108 ?answer}
What honorary degree award was conforred to Albert II?,SELECT ?value WHERE { wd:Q3910 p:P166 ?s . ?s ps:P166 wd:Q209896 . ?s pq:P1027 ?value}
What designer was inspired by Component Pascal?,SELECT ?answer WHERE { wd:Q1121719 wdt:P941 ?X . ?X wdt:P287 ?answer}
What is the population of Aleutian Islands in the year 2000?,"SELECT ?obj WHERE { wd:Q119285 p:P1082 ?s . ?s ps:P1082 ?obj . ?s pq:P585 ?x filter(contains(YEAR(?x),'2000')) }"
How many common categories are there in the {artichoke} ?,SELECT (COUNT(?obj) AS ?value ) { wd:Q23041430 wdt:P373 ?obj }
What award did Bono receive in the year 2005?,"SELECT ?obj WHERE { wd:Q834621 p:P166 ?s . ?s ps:P166 ?obj . ?s pq:P585 ?x filter(contains(YEAR(?x),'2005')) }"
Florentino Perez is a member of what political party whose start time was 1982-0-0,"SELECT ?obj WHERE { wd:Q245207 p:P102 ?s . ?s ps:P102 ?obj . ?s pq:P580 ?x filter(contains(YEAR(?x),'1982')) }"
Where is the work location of Theresa May whose twin town is Shanghai?,SELECT ?answer WHERE { wd:Q264766 wdt:P937 ?answer . ?answer wdt:P190 wd:Q8686}
Who is the spouse of LeAnn Rimes when she was married in California?,SELECT ?obj WHERE { wd:Q120533 p:P26 ?s . ?s ps:P26 ?obj . ?s pq:P2842 wd:Q99 }
"Name the country that is a member of the UN's Educational, Scientific & Cultural Organization with the least amount of compulsory educations?",select ?ent where { ?ent wdt:P31 wd:Q6256 . ?ent wdt:P3271 ?obj . ?ent wdt:P463 wd:Q7809} ORDER BY ASC(?obj)LIMIT 5
"What is used to make the product, Cessna Model A?",SELECT ?answer WHERE { wd:Q3665640 wdt:P176 ?X . ?X wdt:P1056 ?answer}
What was the award received for Pan's Labyrinth that was the subject of the 79th Academy Awards?,SELECT ?obj WHERE { wd:Q216006 p:P166 ?s . ?s ps:P166 ?obj . ?s pq:P805 wd:Q213699 }
Which road leads to Seville?,select distinct ?sbj where { ?sbj wdt:P609 wd:Q8717 . ?sbj wdt:P31 wd:Q34442 }
Which is the nonprofit organization if the formation location of Paris?,select distinct ?sbj where { ?sbj wdt:P740 wd:Q90 . ?sbj wdt:P31 wd:Q163740 }
What characters are mentioned in Death: The Time of Your Life?,SELECT ?answer WHERE { wd:Q3704293 wdt:P674 ?X . ?X wdt:P1441 ?answer}
"What is the TV Show hosted by Jerry Springer that contains the word "" jerry"" in its name ?","SELECT DISTINCT ?sbj ?sbj_label WHERE { ?sbj wdt:P31 wd:Q5398426 . ?sbj wdt:P371 wd:Q27214 . ?sbj rdfs:label ?sbj_label . FILTER(CONTAINS(lcase(?sbj_label), 'jerry')) . FILTER (lang(?sbj_label) = 'en') } LIMIT 25"
Who gave the {interment} of {consecrated by} of {Klaus Dick} ?,SELECT ?answer WHERE { wd:Q76132 wdt:P1598 ?X . ?X wdt:P119 ?answer}
WHAT STUDENTS ARE IN GRYFFINDOR IN HARRY POTTER?,select distinct ?obj where { wd:Q8337 wdt:P674 ?obj . ?obj wdt:P31 wd:Q33179355 }
In what year did John McEnroe marry Patty Smyth?,SELECT ?value WHERE { wd:Q16474 p:P26 ?s . ?s ps:P26 wd:Q444096 . ?s pq:P580 ?value}
Who is alma mater of music score by Holly Hobbie and  Friends surprise Party?,SELECT ?answer WHERE { wd:Q12124801 wdt:P86 ?X . ?X wdt:P69 ?answer}
What countries are a part of the German Democratic Republic?,select distinct ?obj where { wd:Q16957 wdt:P530 ?obj . ?obj wdt:P31 wd:Q6256 }
when was National Film Award for Best Screenplay  award received of the Arundhati Roy?,SELECT ?value WHERE { wd:Q212801 p:P166 ?s . ?s ps:P166 wd:Q1967202 . ?s pq:P585 ?value}
Which is the Wikimedia category for the category of associated people of Oslo?,select distinct ?obj where { wd:Q585 wdt:P1792 ?obj . ?obj wdt:P31 wd:Q4167836 }
what residence did enrique granados live in 1872-0-0?,"SELECT ?obj WHERE { wd:Q294225 p:P551 ?s . ?s ps:P551 ?obj . ?s pq:P580 ?x filter(contains(YEAR(?x),'1872')) }"
which is the {point in time} for {Kelly Ripa} that has {nominated for} as {Daytime Emmy Award for Outstanding Talk Show Host} ?,SELECT ?value WHERE { wd:Q1148035 p:P1411 ?s . ?s ps:P1411 wd:Q5243454 . ?s pq:P585 ?value}
how many points did David Campese win for the Australia national rugby union team as a player of the team?,SELECT ?value WHERE { wd:Q1173922 p:P54 ?s . ?s ps:P54 wd:Q622443 . ?s pq:P1351 ?value}
When was Micron Technology has an operating income of 3087000000?,"SELECT ?value WHERE { wd:Q1197548 p:P3362 ?s . ?s ps:P3362 ?x filter(contains(?x,'3087000000')) . ?s pq:P585 ?value}"
Which is the written work which has English as a language of work?,select distinct ?sbj where { ?sbj wdt:P407 wd:Q1860 . ?sbj wdt:P31 wd:Q47461344 }
How is Johanna Hiedler related to Adolf Hitler?,SELECT ?value WHERE { wd:Q352 p:P1038 ?s . ?s ps:P1038 wd:Q6216378 . ?s pq:P1039 ?value}
"At which point in time, Pat Summit has received the USBWA award?",SELECT ?value WHERE { wd:Q460394 p:P166 ?s . ?s ps:P166 wd:Q23055174 . ?s pq:P585 ?value}
What award did Elisabeth Shue receive for the film Leaving Las Vegas?,SELECT ?obj WHERE { wd:Q207852 p:P166 ?s . ?s ps:P166 ?obj . ?s pq:P1686 wd:Q280918 }
What has a capital next to Francia?,SELECT ?answer WHERE { wd:Q146246 wdt:P36 ?X . ?X wdt:P47 ?answer}
Who created the musical genre hard rock?,select distinct ?sbj where { ?sbj wdt:P136 wd:Q83270 . ?sbj wdt:P31 wd:Q5 }
Who is the advisor of the architecture firm of Duey and Julia Wright House?,SELECT ?answer WHERE { wd:Q5312288 wdt:P84 ?X . ?X wdt:P1066 ?answer}
Who replaced Sean Penn as the President of the Jury at the Cannes Festival?,SELECT ?value WHERE { wd:Q44221 p:P39 ?s . ?s ps:P39 wd:Q23958341 . ?s pq:P1366 ?value}
What city is twinned with Sofia?,select distinct ?obj where { wd:Q472 wdt:P190 ?obj . ?obj wdt:P31 wd:Q515 }
For Karlheinz Stockhausen was spoused was in the end time in the year 1972?,"SELECT ?obj WHERE { wd:Q154556 p:P26 ?s . ?s ps:P26 ?obj . ?s pq:P582 ?x filter(contains(YEAR(?x),'1972')) }"
"In Syracuse Orange football, what position did Jim Brown hold?",SELECT ?value WHERE { wd:Q927916 p:P54 ?s . ?s ps:P54 wd:Q7663046 . ?s pq:P413 ?value}
Which is the {list of characters} and the {characters} of {Game_of_Thrones} ?,SELECT ?ans_1 ?ans_2 WHERE { wd:Q23572 wdt:P1881 ?ans_1 . wd:Q23572 wdt:P674 ?ans_2 }
"Where do Indra Nooyi works for, whose parent company is Tropicana Products?",SELECT ?answer WHERE { wd:Q264913 wdt:P108 ?answer . ?answer wdt:P355 wd:Q1846049}
Who is the editor and author of the Pied Piper of Hamelin book?,SELECT ?ans_1 ?ans_2 WHERE { wd:Q111502 wdt:P747 ?ans_1 . wd:Q111502 wdt:P50 ?ans_2 }
What is the opposite of 0?,select distinct ?sbj where { ?sbj wdt:P461 wd:Q204 . ?sbj wdt:P31 wd:Q47371099 }
Who  is the burial place of Nebettawy ?,SELECT ?answer WHERE { wd:Q460946 wdt:P22 ?X . ?X wdt:P119 ?answer}
Tell me Indigenous peoples of the United States whose name has the word yatasi  in it.,"SELECT DISTINCT ?sbj ?sbj_label WHERE { ?sbj wdt:P31 wd:Q49297 . ?sbj rdfs:label ?sbj_label . FILTER(CONTAINS(lcase(?sbj_label), 'yatasi')) . FILTER (lang(?sbj_label) = 'en') } LIMIT 25"
Who discovered Esperanto?,select distinct ?obj where { wd:Q143 wdt:P61 ?obj . ?obj wdt:P31 wd:Q5 }
Who replaced Benjamin Harrison as President of the United States?,SELECT ?value WHERE { wd:Q35678 p:P39 ?s . ?s ps:P39 wd:Q11696 . ?s pq:P1365 ?value}
How many executive producers work on Adventure Time?,SELECT (COUNT(?obj) AS ?value ) { wd:Q53093 wdt:P1431 ?obj }
On which website we can find location information for HongKong headquarters?,select distinct ?sbj where { ?sbj wdt:P159 wd:Q8646 . ?sbj wdt:P31 wd:Q35127 }
What criterion did Florence Griffith-Joyner  use who held a record of 200 meters?,SELECT ?value WHERE { wd:Q31082 p:P1000 ?s . ?s ps:P1000 wd:Q211155 . ?s pq:P1013 ?value}
How many armaments does the MiG-21 have?,SELECT (COUNT(?obj) AS ?value ) { wd:Q150609 wdt:P520 ?obj }
What Australian sport tour has the least amount of tied/drawn matches/games?,select ?ent where { ?ent wdt:P31 wd:Q50846468 . ?ent wdt:P1357 ?obj . ?ent wdt:P17 wd:Q408} ORDER BY ASC(?obj)LIMIT 5
When did Michel Serrault receive the Cesar Award for Best Actor?,SELECT ?value WHERE { wd:Q318088 p:P166 ?s . ?s ps:P166 wd:Q900494 . ?s pq:P585 ?value}
When did William McPherson Allen step down as Boeing's CEO?,SELECT ?value WHERE { wd:Q66 p:P169 ?s . ?s ps:P169 wd:Q1493920 . ?s pq:P582 ?value}
What award did Earl Warren receive in the year 1969?,"SELECT ?obj WHERE { wd:Q311197 p:P166 ?s . ?s ps:P166 ?obj . ?s pq:P585 ?x filter(contains(YEAR(?x),'1969')) }"
What number of awards has Andrei Gromyko received from the Order of Lenin?,SELECT ?value WHERE { wd:Q184267 p:P166 ?s . ?s ps:P166 wd:Q185493 . ?s pq:P2598 ?value}
who institute of the Russian Academy of Sciences for studies of Russian?,select distinct ?sbj where { ?sbj wdt:P2578 wd:Q7737 . ?sbj wdt:P31 wd:Q4201890 }
What other movie did the filmmakers of A l'aube create?,SELECT ?answer WHERE { wd:Q22041562 wdt:P170 ?X . ?X wdt:P97 ?answer}
What are the team which start with the letter s,"SELECT DISTINCT ?sbj ?sbj_label WHERE { ?sbj wdt:P31 wd:Q327245 . ?sbj rdfs:label ?sbj_label . FILTER(STRSTARTS(lcase(?sbj_label), 'v')) . FILTER (lang(?sbj_label) = 'en') } LIMIT 25"
Who is the team manager of Manan Sharma plays?,SELECT ?answer WHERE { wd:Q19898331 wdt:P54 ?X . ?X wdt:P286 ?answer}
"What has the eccentricity of 0.0567, that is located on astronomical body of the near side of the moon?","SELECT ?answer WHERE { wd:Q782867 wdt:P376 ?answer . ?answer wdt:P1096 ?x FILTER(contains(?x,'0.0567'))}"
Who is the person in the significant event of the dissolution of the Soviet Union?,select distinct ?sbj where { ?sbj wdt:P793 wd:Q5167679 . ?sbj wdt:P31 wd:Q5 }
What is the film genre of the movie 'Big Bad Wolf'?,SELECT ?answer WHERE { wd:Q2476581 wdt:P1441 ?X . ?X wdt:P136 ?answer}
What is the human population of the sovereign state of the Arabian Desert?,SELECT ?answer WHERE { wd:Q208299 wdt:P17 ?X . ?X wdt:P1082 ?answer}
Tell me natural language whose name has the word thai in it.,"SELECT DISTINCT ?sbj ?sbj_label WHERE { ?sbj wdt:P31 wd:Q33742 . ?sbj rdfs:label ?sbj_label . FILTER(CONTAINS(lcase(?sbj_label), 'thai')) . FILTER (lang(?sbj_label) = 'en') } LIMIT 25"
What place that was incorporated in 1962 has shires of Rio Grande do Norte?,"SELECT ?answer WHERE { wd:Q43255 wdt:P150 ?answer . ?answer wdt:P571 ?x FILTER(contains(YEAR(?x),'1962'))}"
Who is the person for the patron saint of Rome?,select distinct ?obj where { wd:Q220 wdt:P417 ?obj . ?obj wdt:P31 wd:Q5 }
How long did Zeno ruled the Byzantine Empire?,SELECT ?value WHERE { wd:Q183452 p:P39 ?s . ?s ps:P39 wd:Q18577504 . ?s pq:P582 ?value}
which is the {for work} for {Michelangelo Antonioni} that has {nominated for} as {National Society of Film Critics Award for Best Director} ?,SELECT ?value WHERE { wd:Q55433 p:P1411 ?s . ?s ps:P1411 wd:Q1315008 . ?s pq:P1686 ?value}
What are the head of government and the capital of Mecca?,SELECT ?ans_1 ?ans_2 WHERE { wd:Q5806 wdt:P6 ?ans_1 . wd:Q5806 wdt:P1376 ?ans_2 }
Which is the {office held by head of the organisation} and the {official language} of {UNESCO} ?,SELECT ?ans_1 ?ans_2 WHERE { wd:Q7809 wdt:P2388 ?ans_1 . wd:Q7809 wdt:P37 ?ans_2 }
What is the zipcode of the place of residence of Suroosh Alvi ?,SELECT ?answer WHERE { wd:Q7646502 wdt:P551 ?X . ?X wdt:P281 ?answer}
who  is the cover artist of all quiet on the western front?,select distinct ?obj where { wd:Q207332 wdt:P736 ?obj . ?obj wdt:P31 wd:Q5 }
What time did the country of Ravenna in the Republic of Venice end?,SELECT ?value WHERE { wd:Q13364 p:P17 ?s . ?s ps:P17 wd:Q4948 . ?s pq:P582 ?value}
Who is the executive director with superior formation at Parfums Christian Dior?,SELECT ?answer WHERE { wd:Q3365053 wdt:P749 ?X . ?X wdt:P169 ?answer}
What is { award received } from { Goodfellas } that is the subject of { 63rd Academy Awards }?,SELECT ?obj WHERE { wd:Q42047 p:P166 ?s . ?s ps:P166 ?obj . ?s pq:P805 wd:Q910856 }
What is the sister or brother of Xerxes whose child is Darius I of Persia?,SELECT ?answer WHERE { wd:Q129165 wdt:P3373 ?answer . ?answer wdt:P22 wd:Q44387}
"Under the subtopic of the history of Maryland, we see that what city previously had a sister city named Kanagawa Prefecture?",SELECT ?answer WHERE { wd:Q5865454 wdt:P1269 ?answer . ?answer wdt:P190 wd:Q127513}
Where was R.L. Stine born and where does he work?,SELECT ?ans_1 ?ans_2 WHERE { wd:Q333123 wdt:P937 ?ans_1 . wd:Q333123 wdt:P19 ?ans_2 }
"What position Rafael Correa was elected in Ecuadorian general election, 2009?",SELECT ?obj WHERE { wd:Q19581 p:P39 ?s . ?s ps:P39 ?obj . ?s pq:P2715 wd:Q2635828 }
who  jurisdiction of legally established by of water pollution ?,SELECT ?answer WHERE { wd:Q183129 wdt:P92 ?X . ?X wdt:P1001 ?answer}
What was the capital of Alabama through 1846?,"SELECT ?obj WHERE { wd:Q173 p:P36 ?s . ?s ps:P36 ?obj . ?s pq:P582 ?x filter(contains(YEAR(?x),'1846')) }"
What role did Kim Hunter play in 'Gone With The Wind'?,SELECT ?answer WHERE { wd:Q2875 wdt:P166 ?answer . ?answer wdt:P1346 wd:Q59824}
Name the unit used to measure mass quantity that starts with letter w,"SELECT DISTINCT ?sbj ?sbj_label WHERE { ?sbj wdt:P31 wd:Q3647172 . ?sbj wdt:P111 wd:Q11423 . ?sbj rdfs:label ?sbj_label . FILTER(STRSTARTS(lcase(?sbj_label), 'w')) . FILTER (lang(?sbj_label) = 'en') } LIMIT 25"
What is the rural district name in the Germany which has more male population?,select ?ent where { ?ent wdt:P31 wd:Q106658 . ?ent wdt:P1540 ?obj . ?ent wdt:P31 wd:Q106658 } ORDER BY DESC(?obj)LIMIT 5
What was the population of Tuvalu in 1996?,"SELECT ?obj WHERE { wd:Q672 p:P1082 ?s . ?s ps:P1082 ?obj . ?s pq:P585 ?x filter(contains(YEAR(?x),'1996')) }"
In which safety classification and taxon is Ethanol?,SELECT ?ans_1 ?ans_2 WHERE { wd:Q153 wdt:P4952 ?ans_1 . wd:Q153 wdt:P703 ?ans_2 }
Rudolph II of Burgundy replaced Berengar I of Italy in this noble title?,SELECT ?obj WHERE { wd:Q274606 p:P97 ?s . ?s ps:P97 ?obj . ?s pq:P156 wd:Q442257 }
Who operates the McDonnell Douglas F-15 Eagle and what is its powerplant?,SELECT ?ans_1 ?ans_2 WHERE { wd:Q29251 wdt:P137 ?ans_1 . wd:Q29251 wdt:P516 ?ans_2 }
How many things are designed for Doom?,SELECT (COUNT(?obj) AS ?value ) { wd:Q189784 wdt:P287 ?obj }
Is a symptom of camphor overdose diarrhea?,SELECT ?answer WHERE { wd:Q181559 wdt:P1542 ?answer . ?answer wdt:P780 wd:Q40878}
Who are conflicted amongst Battle of Ayta ash-Shab?,SELECT ?answer WHERE { wd:Q2888072 wdt:P710 ?X . ?X wdt:P607 ?answer}
The Canary Islands contain how many locations?,SELECT (COUNT(?sub) AS ?value ) { ?sub wdt:P276 wd:Q5813 }
How many Gutenberg Bible collections are there?,SELECT (COUNT(?obj) AS ?value ) { wd:Q158075 wdt:P195 ?obj }
Where is the location in which the biscuit is produced?,SELECT ?answer WHERE { wd:Q13270 wdt:P2079 ?X . ?X wdt:P276 ?answer}
When did Antony Tudor receive an award at Kennedy Center Honors?,SELECT ?value WHERE { wd:Q608183 p:P166 ?s . ?s ps:P166 wd:Q1738793 . ?s pq:P585 ?value}
Who is the perpetrator of the battle of Armin Thiede?,SELECT ?answer WHERE { wd:Q4793536 wdt:P607 ?X . ?X wdt:P710 ?answer}
What is the commune of France with the lowest population whose located in time zone is UTC+01:00?,select ?ent where { ?ent wdt:P31 wd:Q484170 . ?ent wdt:P1082 ?obj . ?ent wdt:P421 wd:Q6655} ORDER BY ASC(?obj)LIMIT 5
What is the treatment for the symptoms of Frailty Syndrome?,SELECT ?answer WHERE { wd:Q177171 wdt:P780 ?X . ?X wdt:P2176 ?answer}
"What language does Ranveer Singh speak, and what award have they received?",SELECT ?ans_1 ?ans_2 WHERE { wd:Q902879 wdt:P1412 ?ans_1 . wd:Q902879 wdt:P166 ?ans_2 }
What position was held by Boutros Boutros-Ghali in 1992?,"SELECT ?obj WHERE { wd:Q1257 p:P39 ?s . ?s ps:P39 ?obj . ?s pq:P580 ?x filter(contains(YEAR(?x),'1992')) }"
Where is the death location of Giuseppe Arcimboldo with the telephone code 02?,"SELECT ?answer WHERE { wd:Q7751 wdt:P20 ?answer . ?answer wdt:P473 ?x FILTER(contains(?x,'02'))}"
The National Aeronautics and Space Administration is an organization from which federal government?,select distinct ?obj where { wd:Q23548 wdt:P749 ?obj . ?obj wdt:P31 wd:Q1006644 }
What did Jean Racine become a member of on 1672-12-5?,"SELECT ?obj WHERE { wd:Q742 p:P463 ?s . ?s ps:P463 ?obj . ?s pq:P580 ?x filter(contains(YEAR(?x),'1672')) }"
What podcast does John Oliver work on?,select distinct ?sbj where { ?sbj wdt:P371 wd:Q1701254 . ?sbj wdt:P31 wd:Q24634210 }
Did Ulysses S. Grant's horse have a name?,select distinct ?obj where { wd:Q34836 wdt:P3091 ?obj . ?obj wdt:P31 wd:Q726 }
What is informed of A New World Record played by?,SELECT ?answer WHERE { wd:Q300498 wdt:P175 ?X . ?X wdt:P737 ?answer}
What time does Mercel Proust have his funeral?,SELECT ?value WHERE { wd:Q7199 p:P793 ?s . ?s ps:P793 wd:Q201676 . ?s pq:P585 ?value}
"What's the name of the color model that starts with an ""h""?","SELECT DISTINCT ?sbj ?sbj_label WHERE { ?sbj wdt:P31 wd:Q2294018 . ?sbj rdfs:label ?sbj_label . FILTER(STRSTARTS(lcase(?sbj_label), 'h')) . FILTER (lang(?sbj_label) = 'en') } LIMIT 25"
When was the Old City of Jerusalem created in the Kingdom of Jerusalem?,SELECT ?value WHERE { wd:Q213274 p:P17 ?s . ?s ps:P17 wd:Q55502 . ?s pq:P580 ?value}
When did Animal Farm win the Prometheus Award - Hall of Fame award?,SELECT ?value WHERE { wd:Q1396889 p:P166 ?s . ?s ps:P166 wd:Q19360203 . ?s pq:P585 ?value}
What linked jurisdiction is adjacent to the Council of the North?,SELECT ?answer WHERE { wd:Q5176544 wdt:P1001 ?X . ?X wdt:P47 ?answer}
When did Tokyo become the twin city of Moscow?,SELECT ?value WHERE { wd:Q1490 p:P190 ?s . ?s ps:P190 wd:Q649 . ?s pq:P580 ?value}
Who replaced Miguel Díaz-Canel as the Prime Minister of Cuba?,SELECT ?value WHERE { wd:Q1932603 p:P39 ?s . ?s ps:P39 wd:Q6502015 . ?s pq:P1365 ?value}
What's the main food source for the Pongo people?,SELECT (COUNT(?obj) AS ?value ) { wd:Q41050 wdt:P1034 ?obj }
"""Which film director of Akira, has the first name Katsuhiro?""",SELECT ?answer WHERE { wd:Q1905968 wdt:P57 ?answer . ?answer wdt:P735 wd:Q6378087}
Name a movie featuring Burt Reynolds,select distinct ?sbj where { ?sbj wdt:P161 wd:Q202148 . ?sbj wdt:P31 wd:Q11424 }
What is the taxonomic rank of the taxon parent of Homo floresiensis?,SELECT ?answer WHERE { wd:Q186266 wdt:P171 ?X . ?X wdt:P105 ?answer}
What country participated in the Cuban Missile Crisis?,select distinct ?obj where { wd:Q128160 wdt:P710 ?obj . ?obj wdt:P31 wd:Q3024240 }
Who created Memoires d'Outre-Tombe?,SELECT ?answer WHERE { wd:Q2263221 wdt:P50 ?X . ?X wdt:P19 ?answer}
"How many Oceania children were out of school on January 1, 2005?","SELECT ?obj WHERE { wd:Q538 p:P2573 ?s . ?s ps:P2573 ?obj . ?s pq:P585 ?x filter(contains(YEAR(?x),'2005')) }"
What are the technical specification which start with the letter webid,"SELECT DISTINCT ?sbj ?sbj_label WHERE { ?sbj wdt:P31 wd:Q20819677 . ?sbj rdfs:label ?sbj_label . FILTER(CONTAINS(lcase(?sbj_label), 'webid')) . FILTER (lang(?sbj_label) = 'en') } LIMIT 25"
Competitive snowboarding has how many sports discipline's?,SELECT (COUNT(?sub) AS ?value ) { ?sub wdt:P2416 wd:Q178131 }
The antiparticle of a neutron is what quantum particle?,select distinct ?obj where { wd:Q2348 wdt:P2152 ?obj . ?obj wdt:P31 wd:Q22675015 }
What is the birth date of the book by Avenue Q?,SELECT ?answer WHERE { wd:Q790583 wdt:P87 ?X . ?X wdt:P569 ?answer}
Which multinational corporation employs Steve Bannon?,select distinct ?obj where { wd:Q16146870 wdt:P108 ?obj . ?obj wdt:P31 wd:Q161726 }
which isomer of indium has the lowest atomic number,select ?ent where { ?ent wdt:P31 wd:Q846110 . ?ent wdt:P1086 ?obj . ?ent wdt:P279 wd:Q1094. } ORDER BY ASC(?obj)LIMIT 5
What is the honorific noble title of Salaman of Saudi Arabia?,select distinct ?obj where { wd:Q367825 wdt:P97 ?obj . ?obj wdt:P31 wd:Q1326966 }
For what work did François Mauriac receive the award Grand Prix du roman de l'Académie française?,SELECT ?value WHERE { wd:Q81685 p:P166 ?s . ?s ps:P166 wd:Q1542826 . ?s pq:P1686 ?value}
What is the narrative time described by the work of William Weatherall Wilkins?,SELECT ?answer WHERE { wd:Q27477095 wdt:P1441 ?X . ?X wdt:P2408 ?answer}
Tell me the bridge that is located in the administrative territorial entity of London borough of Southwark and starts with the letter b?,"SELECT DISTINCT ?sbj ?sbj_label WHERE { ?sbj wdt:P31 wd:Q12280 . ?sbj wdt:P131 wd:Q730706 . ?sbj rdfs:label ?sbj_label . FILTER(STRSTARTS(lcase(?sbj_label), 'b')) . FILTER (lang(?sbj_label) = 'en') } LIMIT 25"
What was the twinned administrative body of Patras that started in 1995?,"SELECT ?obj WHERE { wd:Q133123 p:P190 ?s . ?s ps:P190 ?obj . ?s pq:P580 ?x filter(contains(YEAR(?x),'1995')) }"
Who married the contestant of Aelita?,SELECT ?answer WHERE { wd:Q380803 wdt:P161 ?X . ?X wdt:P26 ?answer}
Which document is the main regulatory text of the Soviet Union?,select distinct ?obj where { wd:Q15180 wdt:P92 ?obj . ?obj wdt:P31 wd:Q49848 }
How many runways are at Charles de Gaulle Airport in Paris?,SELECT (COUNT(?obj) AS ?value ) { wd:Q46280 wdt:P529 ?obj }
How many continents are in the Portuguese Empire?,SELECT (COUNT(?obj) AS ?value ) { wd:Q200464 wdt:P30 ?obj }
What is formation of executive authority of darts ?,SELECT ?answer WHERE { wd:Q131471 wdt:P797 ?X . ?X wdt:P571 ?answer}
Who is the National member of Aileen Wuornos?,SELECT ?answer WHERE { wd:Q264849 wdt:P27 ?X . ?X wdt:P463 ?answer}
What {piece} of {Michigan} has been {subdivided into} {Mason County}?,SELECT ?answer WHERE { wd:Q5865495 wdt:P1269 ?answer . ?answer wdt:P150 wd:Q63718}
What was the political party of Jefferson Davis?,select distinct ?obj where { wd:Q162269 wdt:P27 ?obj . ?obj wdt:P31 wd:Q1520223 }
When was John D Rockefeller Jr. the spouse of Martha Baird?,SELECT ?value WHERE { wd:Q363984 p:P26 ?s . ?s ps:P26 wd:Q15730684 . ?s pq:P580 ?value}
What is the subsidiary company workplace of koo nimo?,SELECT ?answer WHERE { wd:Q6430491 wdt:P108 ?X . ?X wdt:P355 ?answer}
Foil is used in what type of sports competition?,SELECT (COUNT(?sub) AS ?value ) { ?sub wdt:P2416 wd:Q471447 }
Who directed the movie Brokeback Mountain ?,select distinct ?obj where { wd:Q160618 wdt:P57 ?obj . ?obj wdt:P31 wd:Q5 }
What is stoicism?,select distinct ?sbj where { ?sbj wdt:P135 wd:Q48235 . ?sbj wdt:P31 wd:Q5 }
Tell me fictional detective whose name has the word sam in it.,"SELECT DISTINCT ?sbj ?sbj_label WHERE { ?sbj wdt:P31 wd:Q223638 . ?sbj rdfs:label ?sbj_label . FILTER(CONTAINS(lcase(?sbj_label), 'ארץ')) . FILTER (lang(?sbj_label) = 'en') } LIMIT 25"
How many newspaper formats are there for the newspaper?,SELECT (COUNT(?sub) AS ?value ) { ?sub wdt:P3912 wd:Q11032 }
What is the official language of the topic of the history of Jamaica?,SELECT ?answer WHERE { wd:Q1994210 wdt:P1269 ?X . ?X wdt:P37 ?answer}
What was the position of Fernando Álvarez de Toledo in 1581?,"SELECT ?obj WHERE { wd:Q80847 p:P39 ?s . ?s ps:P39 ?obj . ?s pq:P580 ?x filter(contains(YEAR(?x),'1581')) }"
"What championship starts with the letter ""w""?","SELECT DISTINCT ?sbj ?sbj_label WHERE { ?sbj wdt:P31 wd:Q1079023 . ?sbj rdfs:label ?sbj_label . FILTER(STRSTARTS(lcase(?sbj_label), 'w')) . FILTER (lang(?sbj_label) = 'en') } LIMIT 25"
How many head coaches did Verne Gagne have?,SELECT (COUNT(?sub) AS ?value ) { ?sub wdt:P286 wd:Q950279 }
What is the legislature of a Mexican state with the lowest number of constituencies whose instance of is unicameral legislature ?,select ?ent where { ?ent wdt:P31 wd:Q17680584 . ?ent wdt:P4253 ?obj . ?ent wdt:P31 wd:Q37002670} ORDER BY ASC(?obj)LIMIT 5
Montevideo is the capital of what state?,select distinct ?obj where { wd:Q1335 wdt:P1376 ?obj . ?obj wdt:P31 wd:Q3624078 }
What business is Verizon involved with?,select distinct ?sbj where { ?sbj wdt:P156 wd:Q467752 . ?sbj wdt:P31 wd:Q4830453 }
Tell me album whose name has the word wall in it.,"SELECT DISTINCT ?sbj ?sbj_label WHERE { ?sbj wdt:P31 wd:Q482994 . ?sbj rdfs:label ?sbj_label . FILTER(CONTAINS(lcase(?sbj_label), 'wall')) . FILTER (lang(?sbj_label) = 'en') } LIMIT 25"
What is the alma mater of Elgin Baylor whose position is -122.319?,"SELECT ?answer WHERE { wd:Q357458 wdt:P69 ?answer . ?answer wdt:P625 ?x FILTER(contains(?x,'-122.319'))}"
What items are used in ECC patents?,SELECT ?answer WHERE { wd:Q5322656 wdt:P1269 ?X . ?X wdt:P2283 ?answer}
when date created for  label of The Cure ?,SELECT ?answer WHERE { wd:Q484427 wdt:P264 ?X . ?X wdt:P571 ?answer}
"How many shots are done by David Lynch, director of photography?",SELECT (COUNT(?sub) AS ?value ) { ?sub wdt:P344 wd:Q2071 }
What is the translation of the above?,SELECT ?answer WHERE { wd:Q21191066 wdt:P629 ?X . ?X wdt:P674 ?answer}
"In Macbeth, King of Scotland what gender identify is often confused with man?",SELECT ?answer WHERE { wd:Q244403 wdt:P21 ?answer . ?answer wdt:P1889 wd:Q8441}
"What do the zoo animals of Downtown Aquarium, Houston play with?",SELECT ?answer WHERE { wd:Q5303351 wdt:P1990 ?X . ?X wdt:P1535 ?answer}
What is Roe v. Wade published in and what jurisdiction applies?,SELECT ?ans_1 ?ans_2 WHERE { wd:Q300950 wdt:P1001 ?ans_1 . wd:Q300950 wdt:P1433 ?ans_2 }
Who is {titleholder} of {nomination received} of {Jeffrey Ford} ?,SELECT ?answer WHERE { wd:Q2495863 wdt:P1411 ?X . ?X wdt:P1346 ?answer}
What were the immediate effects ot the Battle of Fort Sumter?,select distinct ?sbj where { ?sbj wdt:P1478 wd:Q543165 . ?sbj wdt:P31 wd:Q8465 }
In which city the main headquarters of the company PricewaterhouseCoopers are located ?,SELECT ?answer WHERE { wd:Q488048 wdt:P159 ?X . ?X wdt:P6 ?answer}
When did Donald Crisp win the Academy Award for Best Supporting Actor?,SELECT ?value WHERE { wd:Q367073 p:P166 ?s . ?s ps:P166 wd:Q106291 . ?s pq:P585 ?value}
Who or what is the owner of Deutsche Bank?,SELECT ?answer WHERE { wd:Q66048 wdt:P127 ?X . ?X wdt:P1830 ?answer}
Where was Kristen Stewart born and where is her citizenship?,SELECT ?ans_1 ?ans_2 WHERE { wd:Q126599 wdt:P19 ?ans_1 . wd:Q126599 wdt:P27 ?ans_2 }
"What position did Raúl Alfonsín Gato hold until July 3, 2002?","SELECT ?obj WHERE { wd:Q193062 p:P39 ?s . ?s ps:P39 ?obj . ?s pq:P582 ?x filter(contains(YEAR(?x),'2002')) }"
Which landlocked country follows the Islam religion?,select distinct ?sbj where { ?sbj wdt:P140 wd:Q432 . ?sbj wdt:P31 wd:Q123480 }
What is pronunciation audio  for Disturbed that is {anguage of work or name is American English?,SELECT ?obj WHERE { wd:Q131366 p:P443 ?s . ?s ps:P443 ?obj . ?s pq:P407 wd:Q7976 }
How many social classifications are there for the {peasant} ?,SELECT (COUNT(?sub) AS ?value ) { ?sub wdt:P3716 wd:Q838811 }
who is the work location of yekaterinburg?,select distinct ?sbj where { ?sbj wdt:P937 wd:Q887 . ?sbj wdt:P31 wd:Q5 }
"What is the line of action of a strip joint, who has the knowledge of being a stripper?",SELECT ?answer WHERE { wd:Q6586445 wdt:P452 ?answer . ?answer wdt:P3095 wd:Q1141526}
Name a city in Iran that begins with the letter z,"SELECT DISTINCT ?sbj ?sbj_label WHERE { ?sbj wdt:P31 wd:Q56557504 . ?sbj rdfs:label ?sbj_label . FILTER(STRSTARTS(lcase(?sbj_label), 'z')) . FILTER (lang(?sbj_label) = 'en') } LIMIT 25"
"What is Andrei Tarkosvsky's cause of death, which included signs of weight loss?",SELECT ?answer WHERE { wd:Q853 wdt:P509 ?answer . ?answer wdt:P780 wd:Q718113}
What was the amount of female population of Sana'a in 2004-0-0?,"SELECT ?obj WHERE { wd:Q2471 p:P1539 ?s . ?s ps:P1539 ?obj . ?s pq:P585 ?x filter(contains(YEAR(?x),'2004')) }"
How many writing systems are there for Javanese?,SELECT (COUNT(?obj) AS ?value ) { wd:Q33549 wdt:P282 ?obj }
Who is the employer conservatory of Pyotr llyich Tchaikovsky?,select distinct ?obj where { wd:Q7315 wdt:P108 ?obj . ?obj wdt:P31 wd:Q184644 }
Where is the resting place of dedication of the Church of St Peter?,SELECT ?answer WHERE { wd:Q17528903 wdt:P825 ?X . ?X wdt:P119 ?answer}
"What species of animal is Dinny, the Brontosaur, who is kept at the Calgary Zoo?",SELECT ?answer WHERE { wd:Q44664230 wdt:P276 ?X . ?X wdt:P1990 ?answer}
What is the name of the operating system that is written in Assembly language and contains 'vm' in its name?,"SELECT DISTINCT ?sbj ?sbj_label WHERE { ?sbj wdt:P31 wd:Q9135 . ?sbj wdt:P277 wd:Q165436 . ?sbj rdfs:label ?sbj_label . FILTER(CONTAINS(lcase(?sbj_label), 'vm')) . FILTER (lang(?sbj_label) = 'en') } LIMIT 25"
who is born at partner town of Nadya A.R. ?,SELECT ?answer WHERE { wd:Q6958032 wdt:P19 ?X . ?X wdt:P190 ?answer}
What is competitor War of the Triple Alliance's name in its original language?,SELECT ?answer WHERE { wd:Q58947 wdt:P710 ?X . ?X wdt:P1705 ?answer}
In which locations did Jan Brueghel the Elder work?,SELECT (COUNT(?obj) AS ?value ) { wd:Q209050 wdt:P937 ?obj }
Who {member of sports team} and the {position played on team / speciality} of {Stephen_Curry} ?,SELECT ?ans_1 ?ans_2 WHERE { wd:Q352159 wdt:P54 ?ans_1 . wd:Q352159 wdt:P413 ?ans_2 }
Nathan M. Pusey replaced James Bryant Conant in what position?,SELECT ?obj WHERE { wd:Q49355 p:P39 ?s . ?s ps:P39 ?obj . ?s pq:P1366 wd:Q1772795 }
"Which school did Mao Zedong attend starting January 1, 1912?","SELECT ?obj WHERE { wd:Q5816 p:P69 ?s . ?s ps:P69 ?obj . ?s pq:P580 ?x filter(contains(YEAR(?x),'1912')) }"
"Tell me a legal case that begins with the letter ""u"" and applies jurisdiction to the United States.","SELECT DISTINCT ?sbj ?sbj_label WHERE { ?sbj wdt:P31 wd:Q2334719 . ?sbj wdt:P1001 wd:Q30 . ?sbj rdfs:label ?sbj_label . FILTER(STRSTARTS(lcase(?sbj_label), 'u')) . FILTER (lang(?sbj_label) = 'en') } LIMIT 25"
When did Pyotr Stolypin stop being the Minister of the Interior of Russia?,SELECT ?value WHERE { wd:Q138487 p:P39 ?s . ?s ps:P39 wd:Q1518581 . ?s pq:P582 ?value}
What is the name of an embankment dam that starts with the letter h.,"SELECT DISTINCT ?sbj ?sbj_label WHERE { ?sbj wdt:P31 wd:Q1244922 . ?sbj rdfs:label ?sbj_label . FILTER(STRSTARTS(lcase(?sbj_label), 'h')) . FILTER (lang(?sbj_label) = 'en') } LIMIT 25"
"When did ""The Bold and the Beautiful"" receive an award for International TV Audience for Best Telenovela/Soap Opera?",SELECT ?value WHERE { wd:Q82729 p:P166 ?s . ?s ps:P166 wd:Q23011213 . ?s pq:P585 ?value}
What is part  series of successor of The Dinner Party ?,SELECT ?answer WHERE { wd:Q16744169 wdt:P156 ?X . ?X wdt:P179 ?answer}
what is branch of biology that starts with z,"SELECT DISTINCT ?sbj ?sbj_label WHERE { ?sbj wdt:P31 wd:Q28598684 . ?sbj rdfs:label ?sbj_label . FILTER(STRSTARTS(lcase(?sbj_label), 'z')) . FILTER (lang(?sbj_label) = 'en') } LIMIT 25"
What was the first season Richie McCaw was on the New Zealand national rugby union team?,SELECT ?value WHERE { wd:Q726148 p:P54 ?s . ?s ps:P54 wd:Q55801 . ?s pq:P1545 ?value}
What is the abugida in the context of the writing system in Kannada?,select distinct ?obj where { wd:Q33673 wdt:P282 ?obj . ?obj wdt:P31 wd:Q335806 }
how many cultures does enil have?,SELECT (COUNT(?obj) AS ?value ) { wd:Q214672 wdt:P2596 ?obj }
When did Tony Blair become the Leader of the Labour Party?,SELECT ?value WHERE { wd:Q9545 p:P39 ?s . ?s ps:P39 wd:Q3615378 . ?s pq:P580 ?value}
What is the point in time that Nicolaus Cusanus was made cardinal by the Holy Roman Church?,SELECT ?value WHERE { wd:Q154751 p:P39 ?s . ?s ps:P39 wd:Q1813197 . ?s pq:P580 ?value}
What position did Jean Monnet hold during 1952?,"SELECT ?obj WHERE { wd:Q159700 p:P39 ?s . ?s ps:P39 ?obj . ?s pq:P580 ?x filter(contains(YEAR(?x),'1952')) }"
Who gave the{total area} of {place of foundation} of {Carrefour} ?,SELECT ?answer WHERE { wd:Q217599 wdt:P740 ?X . ?X wdt:P2046 ?answer}
What are the {signs} that {led to} {Aldrin}?,SELECT ?answer WHERE { wd:Q409054 wdt:P1542 ?X . ?X wdt:P780 ?answer}
What year did Luxembourg join the International Centre for Settlement of Investment Disputes?,SELECT ?value WHERE { wd:Q32 p:P463 ?s . ?s ps:P463 wd:Q899770 . ?s pq:P580 ?value}
who is daddy of movie director for Valentine's Day ?,SELECT ?answer WHERE { wd:Q27671399 wdt:P57 ?X . ?X wdt:P22 ?answer}
What are the modern languages which start with the letter t,"SELECT DISTINCT ?sbj ?sbj_label WHERE { ?sbj wdt:P31 wd:Q1288568 . ?sbj rdfs:label ?sbj_label . FILTER(STRSTARTS(lcase(?sbj_label), 't')) . FILTER (lang(?sbj_label) = 'en') } LIMIT 25"
Who is the maternal half-sister of Mary Shelley?,SELECT ?obj WHERE { wd:Q47152 p:P3373 ?s . ?s ps:P3373 ?obj . ?s pq:P1039 wd:Q19595229 }
What award did Bobby Darin receive in the year 1960?,"SELECT ?obj WHERE { wd:Q311267 p:P166 ?s . ?s ps:P166 ?obj . ?s pq:P585 ?x filter(contains(YEAR(?x),'1960')) }"
Tell me iba official cocktail whose name has the word vesper in it.,"SELECT DISTINCT ?sbj ?sbj_label WHERE { ?sbj wdt:P31 wd:Q2536409 . ?sbj rdfs:label ?sbj_label . FILTER(CONTAINS(lcase(?sbj_label), 'vesper')) . FILTER (lang(?sbj_label) = 'en') } LIMIT 25"
"On 1974-4-1, what was the capital city of Canterbury?","SELECT ?obj WHERE { wd:Q29303 p:P1376 ?s . ?s ps:P1376 ?obj . ?s pq:P580 ?x filter(contains(YEAR(?x),'1974')) }"
Where is the Manhattan Bridge?,select distinct ?sbj where { ?sbj wdt:P276 wd:Q11299 . ?sbj wdt:P31 wd:Q537127 }
Which is the biological database for the location of Yale University?,select distinct ?sbj where { ?sbj wdt:P276 wd:Q49112 . ?sbj wdt:P31 wd:Q4117139 }
What is named for gauss whose member is Russian Academy of Sciences?,SELECT ?answer WHERE { wd:Q177493 wdt:P138 ?answer . ?answer wdt:P463 wd:Q83172}
Tell me novel series whose name has the word twilight  in it.,"SELECT DISTINCT ?sbj ?sbj_label WHERE { ?sbj wdt:P31 wd:Q1667921 . ?sbj rdfs:label ?sbj_label . FILTER(CONTAINS(lcase(?sbj_label), 'twilight')) . FILTER (lang(?sbj_label) = 'en') } LIMIT 25"
Which weapon model has the highest rate of fire?,select ?ent where { ?ent wdt:P31 wd:Q15142894 . ?ent wdt:P3792 ?obj } ORDER BY DESC(?obj)LIMIT 5
"Which is the birth place of Malcolm Allison, that is bordered by Purfleet?",SELECT ?answer WHERE { wd:Q1383862 wdt:P19 ?answer . ?answer wdt:P47 wd:Q1972020}
How many illustrations are by Hirohika Araki ?,SELECT (COUNT(?sub) AS ?value ) { ?sub wdt:P110 wd:Q719354 }
Which is the General council of the legislative body of Paris?,select distinct ?obj where { wd:Q90 wdt:P194 ?obj . ?obj wdt:P31 wd:Q1398920 }
What's the Carnegie Classification of Institutions of Higher Education that Ben Affleck graduated from?,SELECT ?answer WHERE { wd:Q483118 wdt:P69 ?X . ?X wdt:P2643 ?answer}
What are the administrative divisions of Gummo Marx's citizenship?,SELECT ?answer WHERE { wd:Q504548 wdt:P27 ?X . ?X wdt:P150 ?answer}
who is diplomatic relation of originate of The Shawshank Redemption?,SELECT ?answer WHERE { wd:Q172241 wdt:P495 ?X . ?X wdt:P530 ?answer}
What denomination of culture was Claude McKay famous for?,SELECT ?answer WHERE { wd:Q1096967 wdt:P172 ?X . ?X wdt:P140 ?answer}
How many {doctoral advisor} are there to {J. J. Thomson} ?,SELECT (COUNT(?sub) AS ?value ) { ?sub wdt:P184 wd:Q47285 }
What was Davor Šuker's team in 1996?,"SELECT ?obj WHERE { wd:Q189217 p:P54 ?s . ?s ps:P54 ?obj . ?s pq:P582 ?x filter(contains(YEAR(?x),'1996')) }"
Which historical country that is the  Head of government František Udržal and which that starts with the letter c,"SELECT DISTINCT ?sbj ?sbj_label WHERE { ?sbj wdt:P31 wd:Q3024240 . ?sbj wdt:P6 wd:Q2756999 . ?sbj rdfs:label ?sbj_label . FILTER(STRSTARTS(lcase(?sbj_label), 'c')) . FILTER (lang(?sbj_label) = 'en') } LIMIT 25"
"For Bryansk Oblast, what is the aspect of Russian literature that has cities?",SELECT ?answer WHERE { wd:Q179161 wdt:P1269 ?answer . ?answer wdt:P150 wd:Q2810}
What award did Matti Nykanen receive as a Ski Jumper in the 1984 Winter Olympics at Normal Hill?,SELECT ?value WHERE { wd:Q16849 p:P1344 ?s . ?s ps:P1344 wd:Q376245 . ?s pq:P166 ?value}
What are the comic strip which start with the letter z,"SELECT DISTINCT ?sbj ?sbj_label WHERE { ?sbj wdt:P31 wd:Q838795 . ?sbj rdfs:label ?sbj_label . FILTER(STRSTARTS(lcase(?sbj_label), 'z')) . FILTER (lang(?sbj_label) = 'en') } LIMIT 25"
"What was the incident that involved record producer, Marma Veeran?",SELECT ?answer WHERE { wd:Q6772032 wdt:P162 ?X . ?X wdt:P793 ?answer}
"What is the gender of Sancho Panza, who is often confused with being a man?",SELECT ?answer WHERE { wd:Q630823 wdt:P21 ?answer . ?answer wdt:P1889 wd:Q8441}
What subtopic of Moscow's history contains the division called the Khoroshyovsky District?,SELECT ?answer WHERE { wd:Q338434 wdt:P1269 ?answer . ?answer wdt:P150 wd:Q2366712}
Who created Esperanto?,select distinct ?obj where { wd:Q143 wdt:P170 ?obj . ?obj wdt:P31 wd:Q5 }
What award did Lise Meitner receive in 1960 ?,"SELECT ?obj WHERE { wd:Q56189 p:P166 ?s . ?s ps:P166 ?obj . ?s pq:P585 ?x filter(contains(YEAR(?x),'1960')) }"
What is the cheapest office building in the United States ?,select ?ent where { ?ent wdt:P31 wd:Q1021645 . ?ent wdt:P2130 ?obj . ?ent wdt:P17 wd:Q30} ORDER BY ASC(?obj)LIMIT 5
The 3rd African Movie Academy Awards was succeeded by which TV presenter?,SELECT ?answer WHERE { wd:Q4636629 wdt:P156 ?X . ?X wdt:P371 ?answer}
What is the name of the ethnic group that originates from Korea?,select distinct ?sbj where { ?sbj wdt:P495 wd:Q18097 . ?sbj wdt:P31 wd:Q41710 }
What award was Al Pacino nominated for in 1973?,"SELECT ?obj WHERE { wd:Q41163 p:P1411 ?s . ?s ps:P1411 ?obj . ?s pq:P585 ?x filter(contains(YEAR(?x),'1973')) }"
Who is Matt Stone's creative partner?,select distinct ?sbj where { ?sbj wdt:P1327 wd:Q44410 . ?sbj wdt:P31 wd:Q5 }
How many matches did Diego Maradona participate in with the A.A. Argentinos Juniors?,SELECT ?value WHERE { wd:Q17515 p:P54 ?s . ?s ps:P54 wd:Q220621 . ?s pq:P1350 ?value}
Charles the Bald replaced Louis the Stammerer in which position?,SELECT ?obj WHERE { wd:Q71231 p:P39 ?s . ?s ps:P39 ?obj . ?s pq:P1366 wd:Q182840 }
Who is {creators} of {language of the original work} {Star Trek Into Darkness} ?,SELECT ?answer WHERE { wd:Q171711 wdt:P364 ?X . ?X wdt:P170 ?answer}
What lake is Kenneth Ruffing's work located on?,SELECT ?answer WHERE { wd:Q6390652 wdt:P937 ?X . ?X wdt:P206 ?answer}
Vladimir Lenin is the head of government for what organization?,select distinct ?sbj where { ?sbj wdt:P6 wd:Q1394 . ?sbj wdt:P31 wd:Q43229 }
What are the postal codes for Sioux Falls?,SELECT (COUNT(?obj) AS ?value ) { wd:Q131335 wdt:P281 ?obj }
Which taxon has the biggest/largest genome size?,select ?ent where { ?ent wdt:P31 wd:Q16521 . ?ent wdt:P2143 ?obj } ORDER BY DESC(?obj)LIMIT 5
What biological process is used for DNA replication,select distinct ?obj where { wd:Q130996 wdt:P4774 ?obj . ?obj wdt:P31 wd:Q2996394 }
Who is the person that was educated at the University of Notre Dame?,select distinct ?sbj where { ?sbj wdt:P69 wd:Q178848 . ?sbj wdt:P31 wd:Q5 }
tell me literary character first appearance Action Comics #1 starts with s,"SELECT DISTINCT ?sbj ?sbj_label WHERE { ?sbj wdt:P31 wd:Q3658341 . ?sbj wdt:P4584 wd:Q5229132 . ?sbj rdfs:label ?sbj_label . FILTER(STRSTARTS(lcase(?sbj_label), 's')) . FILTER (lang(?sbj_label) = 'en') } LIMIT 25"
What are the atmosphere which start with the letter b,"SELECT DISTINCT ?sbj ?sbj_label WHERE { ?sbj wdt:P31 wd:Q427085 . ?sbj rdfs:label ?sbj_label . FILTER(STRSTARTS(lcase(?sbj_label), 'b')) . FILTER (lang(?sbj_label) = 'en') } LIMIT 25"
What is an umbrella term that starts with u?,"SELECT DISTINCT ?sbj ?sbj_label WHERE { ?sbj wdt:P31 wd:Q210588 . ?sbj rdfs:label ?sbj_label . FILTER(STRSTARTS(lcase(?sbj_label), 'u')) . FILTER (lang(?sbj_label) = 'en') } LIMIT 25"
Edward Livingston replaced Martin Van Buren in what postion?,SELECT ?obj WHERE { wd:Q11820 p:P39 ?s . ?s ps:P39 ?obj . ?s pq:P1366 wd:Q544396 }
"What was the death place of Max Miedinger, which was divided into District 7?",SELECT ?answer WHERE { wd:Q118270 wdt:P20 ?answer . ?answer wdt:P150 wd:Q456149}
Who is the player that participated in Barbora Spotakova?,SELECT ?answer WHERE { wd:Q6419 wdt:P1344 ?X . ?X wdt:P710 ?answer}
Who is The Jungle Book's publisher and illustrator?,SELECT ?ans_1 ?ans_2 WHERE { wd:Q189509 wdt:P123 ?ans_1 . wd:Q189509 wdt:P110 ?ans_2 }
Which famous work of Lysippos that has a kind of music intitled nude?,SELECT ?answer WHERE { wd:Q192222 wdt:P800 ?answer . ?answer wdt:P136 wd:Q40446}
"What republic starts with the letter ""z""?","SELECT DISTINCT ?sbj ?sbj_label WHERE { ?sbj wdt:P31 wd:Q7270 . ?sbj rdfs:label ?sbj_label . FILTER(STRSTARTS(lcase(?sbj_label), 'z')) . FILTER (lang(?sbj_label) = 'en') } LIMIT 25"
who taxonomic rank of higher taxon of treeswift ?,SELECT ?answer WHERE { wd:Q31836 wdt:P171 ?X . ?X wdt:P105 ?answer}
Which is {birthplace} {state} of {Victor Emmanuel I of Sardinia} ?,SELECT ?answer WHERE { wd:Q175250 wdt:P19 ?X . ?X wdt:P17 ?answer}
Who replaced V.P. Singh as Chief Minister of Uttar Pradesh?,SELECT ?value WHERE { wd:Q315338 p:P39 ?s . ?s ps:P39 wd:Q28966983 . ?s pq:P1365 ?value}
When are Sunflowers instead classed as a Sunflower?,SELECT ?value WHERE { wd:Q157541 p:P1889 ?s . ?s ps:P1889 wd:Q383480 . ?s pq:P1013 ?value}
What work did Jacques Tati do to receive a Jury Prize award?,SELECT ?value WHERE { wd:Q51549 p:P166 ?s . ?s ps:P166 wd:Q164200 . ?s pq:P1686 ?value}
In which war did the Allies participate?,select distinct ?sbj where { ?sbj wdt:P710 wd:Q329888 . ?sbj wdt:P31 wd:Q198 }
"Able to speak Ukrainian, what is Taras Shevchenko famous for?",SELECT ?answer WHERE { wd:Q134958 wdt:P800 ?answer . ?answer wdt:P407 wd:Q8798}
Who is the{film} for {characters} of {Wyatt Earp},select distinct ?sbj where { ?sbj wdt:P4913 wd:Q9288 . ?sbj wdt:P31 wd:Q34770 }
Which South Australian House of Assembly by-election had the most ballots cast?,select ?ent where { ?ent wdt:P31 wd:Q51879476 . ?ent wdt:P1868 ?obj } ORDER BY DESC(?obj)LIMIT 5
What was David Scott's first mission as an astronaut?,"SELECT ?obj WHERE { wd:Q278656 p:P450 ?s . ?s ps:P450 ?obj . ?s pq:P1545 ?x filter(contains(?x,'1')) }"
What country shares a border with Duisburg?,SELECT (COUNT(?sub) AS ?value ) { ?sub wdt:P47 wd:Q2100 }
WHICH IS THE SPACE PROGRAM THAT CONTAINS THE WORD SPACE IN THEIR NAME,"SELECT DISTINCT ?sbj ?sbj_label WHERE { ?sbj wdt:P31 wd:Q60054001 . ?sbj rdfs:label ?sbj_label . FILTER(CONTAINS(lcase(?sbj_label), 'space')) . FILTER (lang(?sbj_label) = 'en') } LIMIT 25"
Which is the ethnic group which contains the word zambo in it's name?,"SELECT DISTINCT ?sbj ?sbj_label WHERE { ?sbj wdt:P31 wd:Q41710 . ?sbj rdfs:label ?sbj_label . FILTER(CONTAINS(lcase(?sbj_label), 'zambo')) . FILTER (lang(?sbj_label) = 'en') } LIMIT 25"
What does the Companhia do Metropolitano de São Paulo operate in the São Paulo Metrô?,SELECT ?value WHERE { wd:Q483343 p:P137 ?s . ?s ps:P137 wd:Q38182538 . ?s pq:P518 ?value}
What is the population and nationality of Zip the Pinhead?,SELECT ?answer WHERE { wd:Q5399386 wdt:P27 ?X . ?X wdt:P1082 ?answer}
Which is the national anthem that contains the word nunarput in it's name?,"SELECT DISTINCT ?sbj ?sbj_label WHERE { ?sbj wdt:P31 wd:Q23691 . ?sbj rdfs:label ?sbj_label . FILTER(CONTAINS(lcase(?sbj_label), 'nunarput')) . FILTER (lang(?sbj_label) = 'en') } LIMIT 25"
What are some hard rock albums?,select distinct ?sbj where { ?sbj wdt:P136 wd:Q83270 . ?sbj wdt:P31 wd:Q482994 }
Tell me syllable whose name has the word sen in it.,"SELECT DISTINCT ?sbj ?sbj_label WHERE { ?sbj wdt:P31 wd:Q8188 . ?sbj rdfs:label ?sbj_label . FILTER(CONTAINS(lcase(?sbj_label), 'sen')) . FILTER (lang(?sbj_label) = 'en') } LIMIT 25"
How many mountains are there for the {Lester Piggott} ?,SELECT (COUNT(?obj) AS ?value ) { wd:Q377345 wdt:P3091 ?obj }
What is the criteria used to name polar night which is the opposite of midnight sun?,SELECT ?value WHERE { wd:Q190991 p:P461 ?s . ?s ps:P461 wd:Q774621 . ?s pq:P1013 ?value}
What was Erich Raeder's role in the Nuremberg trials?,SELECT ?value WHERE { wd:Q57154 p:P1344 ?s . ?s ps:P1344 wd:Q80130 . ?s pq:P2868 ?value}
In which year Bob Dylan received the Grammy Lifetime Achievement Award?,SELECT ?value WHERE { wd:Q392 p:P166 ?s . ?s ps:P166 wd:Q935843 . ?s pq:P585 ?value}
What is { usage } of { Dick Cheney } that is { start time } { 2001 - 6 - 0 }?,"SELECT ?obj WHERE { wd:Q48259 p:P2283 ?s . ?s ps:P2283 ?obj . ?s pq:P580 ?x filter(contains(YEAR(?x),'2001')) }"
What is an active member of Salvador Dali?,SELECT ?answer WHERE { wd:Q5577 wdt:P937 ?X . ?X wdt:P463 ?answer}
Who was the wife of Giuseppe Garibaldi in 1/26/1880?,"SELECT ?obj WHERE { wd:Q539 p:P26 ?s . ?s ps:P26 ?obj . ?s pq:P580 ?x filter(contains(YEAR(?x),'1880')) }"
"What are the series ordinal of Evo Morales, the President of Bolivia?",SELECT ?value WHERE { wd:Q42410 p:P39 ?s . ?s ps:P39 wd:Q373548 . ?s pq:P1545 ?value}
What gaming platform is Second Life on?,SELECT ?answer WHERE { wd:Q106827 wdt:P400 ?X . ?X wdt:P747 ?answer}
What was Richard Harris nominated for because of his performance in Gladiator?,SELECT ?obj WHERE { wd:Q106775 p:P1411 ?s . ?s ps:P1411 ?obj . ?s pq:P1686 wd:Q128518 }
Thomas Hunt Morgan is a doctoral advisor to how many?,SELECT (COUNT(?sub) AS ?value ) { ?sub wdt:P184 wd:Q177681 }
In what year did Charles Martel fight in the Battle of the River Berre?,SELECT ?value WHERE { wd:Q3301 p:P607 ?s . ?s ps:P607 wd:Q1508114 . ?s pq:P585 ?value}
What are thebarycenter which start with the letter center,"SELECT DISTINCT ?sbj ?sbj_label WHERE { ?sbj wdt:P31 wd:Q809690 . ?sbj rdfs:label ?sbj_label . FILTER(CONTAINS(lcase(?sbj_label), 'center')) . FILTER (lang(?sbj_label) = 'en') } LIMIT 25"
tell me sexual orientation that name has the word sex in it,"SELECT DISTINCT ?sbj ?sbj_label WHERE { ?sbj wdt:P31 wd:Q17888 . ?sbj rdfs:label ?sbj_label . FILTER(CONTAINS(lcase(?sbj_label), 'sex')) . FILTER (lang(?sbj_label) = 'en') } LIMIT 25"
How many landing locations are there in the Atlantic Ocean?,SELECT (COUNT(?sub) AS ?value ) { ?sub wdt:P1158 wd:Q97 }
Which article of Z-Boys features the film director Stacy Peralta?,SELECT ?answer WHERE { wd:Q191378 wdt:P805 ?answer . ?answer wdt:P57 wd:Q465229}
When did Ternopil Oblast become part of Ukraine?,SELECT ?value WHERE { wd:Q173407 p:P131 ?s . ?s ps:P131 wd:Q212 . ?s pq:P580 ?value}
what is located in the administrative territorial entity for Huawei has headquarters location as Shenzhen ?,SELECT ?value WHERE { wd:Q160120 p:P159 ?s . ?s ps:P159 wd:Q15174 . ?s pq:P131 ?value}
What college did Salvador Dali begin in 1922?,"SELECT ?obj WHERE { wd:Q5577 p:P69 ?s . ?s ps:P69 ?obj . ?s pq:P580 ?x filter(contains(YEAR(?x),'1922')) }"
What  fruit image is on Tulipa's capsule?,SELECT ?value WHERE { wd:Q93201 p:P4000 ?s . ?s ps:P4000 wd:Q147768 . ?s pq:P18 ?value}
What language is used to pronounce Guy de Maupassant?,SELECT ?answer WHERE { wd:Q9327 wdt:P103 ?X . ?X wdt:P443 ?answer}
What was Ethiopia's ethnic makeup in 2007?,"SELECT ?obj WHERE { wd:Q115 p:P172 ?s . ?s ps:P172 ?obj . ?s pq:P585 ?x filter(contains(YEAR(?x),'2007')) }"
What is the  material  developed by McAfee VirusScan ?,SELECT ?answer WHERE { wd:Q1629915 wdt:P178 ?X . ?X wdt:P1056 ?answer}
What cast member joined Sesame Street in 1972?,"SELECT ?obj WHERE { wd:Q155629 p:P161 ?s . ?s ps:P161 ?obj . ?s pq:P580 ?x filter(contains(YEAR(?x),'1972')) }"
"Knowing about his signs of memory loss that disrupts daily life, what is the disability of Paddy Roy Bates?",SELECT ?answer WHERE { wd:Q555531 wdt:P1050 ?answer . ?answer wdt:P780 wd:Q30141616}
What wards are in the Hautes-Pyrenees district?,SELECT ?answer WHERE { wd:Q13377687 wdt:P1889 ?answer . ?answer wdt:P131 wd:Q12700}
What was Celeste Holm nominated for?,SELECT ?obj WHERE { wd:Q212957 p:P1411 ?s . ?s ps:P1411 ?obj . ?s pq:P1686 wd:Q200299 }
What is the tributary of the harbour of Duisburg ?,SELECT ?answer WHERE { wd:Q2100 wdt:P206 ?X . ?X wdt:P974 ?answer}
What is the number of children not enrolled in school in the Rashidun Caliphate?,SELECT ?answer WHERE { wd:Q12490507 wdt:P30 ?X . ?X wdt:P2573 ?answer}
which river has the steepest tributary,select ?ent where { ?ent wdt:P31 wd:Q4022 . ?ent wdt:P4184 ?obj . ?ent wdt:P974 wd:Q46992264 } ORDER BY DESC(?obj)LIMIT 5
Who is Devi that is worshipped by Hinduism and contains the word lakshmi in his name?,"SELECT DISTINCT ?sbj ?sbj_label WHERE { ?sbj wdt:P31 wd:Q494511 . ?sbj wdt:P1049 wd:Q9089 . ?sbj rdfs:label ?sbj_label . FILTER(CONTAINS(lcase(?sbj_label), 'lakshmi')) . FILTER (lang(?sbj_label) = 'en') } LIMIT 25"
Who is the musician of  Darth Vader?,SELECT ?answer WHERE { wd:Q12206942 wdt:P175 ?X . ?X wdt:P463 ?answer}
At what point in time was Sally Ride educated at Stanford University?,SELECT ?value WHERE { wd:Q49285 p:P69 ?s . ?s ps:P69 wd:Q41506 . ?s pq:P585 ?value}
Who was the rector of Charles University in Prague whose administration ended in 1990?,"SELECT ?obj WHERE { wd:Q31519 p:P1075 ?s . ?s ps:P1075 ?obj . ?s pq:P582 ?x filter(contains(YEAR(?x),'1990')) }"
When did Harold MacMillan end his position as Member of the 38th Parliament of the United Kingdom?,SELECT ?value WHERE { wd:Q128985 p:P39 ?s . ?s ps:P39 wd:Q41582597 . ?s pq:P582 ?value}
Name the feminine name behind the language work of Russian,select distinct ?sbj where { ?sbj wdt:P407 wd:Q7737 . ?sbj wdt:P31 wd:Q11879590 }
Which award did Corin Tellado receive in the year 1998?,"SELECT ?obj WHERE { wd:Q1813126 p:P166 ?s . ?s ps:P166 ?obj . ?s pq:P585 ?x filter(contains(YEAR(?x),'1998')) }"
When did the Iron Age start?,SELECT (COUNT(?obj) AS ?value ) { wd:Q11764 wdt:P580 ?obj }
Who was Michel Houellebecq when he was working in Paris?,SELECT ?obj WHERE { wd:Q103114 p:P108 ?s . ?s ps:P108 ?obj . ?s pq:P937 wd:Q90 }
For which song did Mick Jagger win a Golden Globe Award for Best Original Song?,SELECT ?value WHERE { wd:Q128121 p:P166 ?s . ?s ps:P166 wd:Q1472235 . ?s pq:P1346 ?value}
"What is the language official of Luhansk, whose Linguasphere code is 53-AAA-ea?","SELECT ?answer WHERE { wd:Q134279 wdt:P37 ?answer . ?answer wdt:P1396 ?x FILTER(contains(?x,'53-AAA-ea'))}"
How many occupations does Nancy Cartwright have?,SELECT (COUNT(?obj) AS ?value ) { wd:Q229211 wdt:P106 ?obj }
Who did Christie Brinkley divorce in 2006?,"SELECT ?obj WHERE { wd:Q253476 p:P26 ?s . ?s ps:P26 ?obj . ?s pq:P582 ?x filter(contains(YEAR(?x),'2006')) }"
What language and geography are found in Kurdistan?,SELECT ?ans_1 ?ans_2 WHERE { wd:Q41470 wdt:P2936 ?ans_1 . wd:Q41470 wdt:P706 ?ans_2 }
Tell me the ship type whose name has the word whaleback in it,"SELECT DISTINCT ?sbj ?sbj_label WHERE { ?sbj wdt:P31 wd:Q2235308 . ?sbj rdfs:label ?sbj_label . FILTER(CONTAINS(lcase(?sbj_label), 'whaleback')) . FILTER (lang(?sbj_label) = 'en') } LIMIT 25"
Who gave the {member of crew of} of {cosmonaut mission} of {Scott E. Parazynski} ?,SELECT ?answer WHERE { wd:Q706739 wdt:P450 ?X . ?X wdt:P1029 ?answer}
"What was the population of Washington, D.C. at the start of 1860?","SELECT ?obj WHERE { wd:Q61 p:P1082 ?s . ?s ps:P1082 ?obj . ?s pq:P585 ?x filter(contains(YEAR(?x),'1860')) }"
The antiparticle of an elementary particle is what premium particle?,select distinct ?obj where { wd:Q43116 wdt:P2152 ?obj . ?obj wdt:P31 wd:Q22675015 }
"WHat are the biomedical measurands that contain the word ""waist"" in their name ?","SELECT DISTINCT ?sbj ?sbj_label WHERE { ?sbj wdt:P31 wd:Q42014143 . ?sbj rdfs:label ?sbj_label . FILTER(CONTAINS(lcase(?sbj_label), 'waist')) . FILTER (lang(?sbj_label) = 'en') } LIMIT 25"
What's the place where James I of Scotland is detained?,SELECT (COUNT(?obj) AS ?value ) { wd:Q235234 wdt:P2632 ?obj }
What what is animated taxondistributed by MGM and {family},"SELECT DISTINCT ?sbj ?sbj_label WHERE { ?sbj wdt:P31 wd:Q16521 . ?sbj wdt:P105 wd:Q35409 . ?sbj rdfs:label ?sbj_label . FILTER(CONTAINS(lcase(?sbj_label), 'xyridaceae')) . FILTER (lang(?sbj_label) = 'en') } LIMIT 25"
What subsidiary entities are co-founded by Google?,SELECT ?answer WHERE { wd:Q95 wdt:P355 ?X . ?X wdt:P112 ?answer}
What are the national sports team  which start with the letter t,"SELECT DISTINCT ?sbj ?sbj_label WHERE { ?sbj wdt:P31 wd:Q1194951 . ?sbj rdfs:label ?sbj_label . FILTER(STRSTARTS(lcase(?sbj_label), 't')) . FILTER (lang(?sbj_label) = 'en') } LIMIT 25"
What are weapon studio which start with the letter z,"SELECT DISTINCT ?sbj ?sbj_label WHERE { ?sbj wdt:P31 wd:Q728 . ?sbj rdfs:label ?sbj_label . FILTER(STRSTARTS(lcase(?sbj_label), 'z')) . FILTER (lang(?sbj_label) = 'en') } LIMIT 25"
Which taxon is named after David Bowie?,select distinct ?sbj where { ?sbj wdt:P138 wd:Q5383 . ?sbj wdt:P31 wd:Q16521 }
What is { significant event } of { Eugène Delacroix } that is { location } is { Saint - Germain - des - Prés Abbey }?,SELECT ?obj WHERE { wd:Q33477 p:P793 ?s . ?s ps:P793 ?obj . ?s pq:P276 wd:Q334186 }
Who gave the{ZIP+4} of {resident in} of {James Ellroy} ?,SELECT ?answer WHERE { wd:Q318487 wdt:P551 ?X . ?X wdt:P281 ?answer}
"What is the birthplace of Oleg Nikolaenko, the sequel of which is Transcaucasian Socialist Federative Soviet Republic?",SELECT ?answer WHERE { wd:Q7086105 wdt:P19 ?answer . ?answer wdt:P155 wd:Q545205}
Who was the Anna Karina's husband in the year 1982?,"SELECT ?obj WHERE { wd:Q232113 p:P26 ?s . ?s ps:P26 ?obj . ?s pq:P580 ?x filter(contains(YEAR(?x),'1982')) }"
Which is the research program that the objective of project or mission of human genome whose name contains the word genome?,"SELECT DISTINCT ?sbj ?sbj_label WHERE { ?sbj wdt:P31 wd:Q7315176 . ?sbj wdt:P3712 wd:Q720988 . ?sbj rdfs:label ?sbj_label . FILTER(CONTAINS(lcase(?sbj_label), 'genome')) . FILTER (lang(?sbj_label) = 'en') } LIMIT 25"
What is the son of Ja'far al-Sadiq whose sister is Asmaa Bint Jafar?,SELECT ?answer WHERE { wd:Q170046 wdt:P40 ?answer . ?answer wdt:P3373 wd:Q18595646}
What are the borders of Kaifeng that contain the rural city of Fendquan District,SELECT ?answer WHERE { wd:Q208471 wdt:P47 ?answer . ?answer wdt:P150 wd:Q1198617}
What awards has champion Jack Nicholson won?,SELECT ?answer WHERE { wd:Q39792 wdt:P166 ?X . ?X wdt:P1346 ?answer}
Who {has sons} of {son of} of {Fu Xi} ?,SELECT ?answer WHERE { wd:Q236972 wdt:P22 ?X . ?X wdt:P40 ?answer}
What is the name of the artery that supplies the liver?,select distinct ?obj where { wd:Q9368 wdt:P2286 ?obj . ?obj wdt:P31 wd:Q9655 }
what is the start time for Aung San Suu Kyi has member of Club of Madrid ?,SELECT ?value WHERE { wd:Q36740 p:P463 ?s . ?s ps:P463 wd:Q2426861 . ?s pq:P580 ?value}
Where is David buried?,select distinct ?obj where { wd:Q41370 wdt:P119 ?obj . ?obj wdt:P31 wd:Q486972 }
What twinned twinned administrative body of Stavanger started on the 1st of January 1948?,"SELECT ?obj WHERE { wd:Q25416 p:P190 ?s . ?s ps:P190 ?obj . ?s pq:P580 ?x filter(contains(YEAR(?x),'1948')) }"
What genre does David Blaine work in?,select distinct ?obj where { wd:Q353983 wdt:P136 ?obj . ?obj wdt:P31 wd:Q1792379 }
When during the history of Turkey did the country have diplomatic relations with Argentina?,SELECT ?answer WHERE { wd:Q190876 wdt:P1269 ?answer . ?answer wdt:P530 wd:Q414}
When was Halley's Comet discovered?,SELECT (COUNT(?obj) AS ?value ) { wd:Q23054 wdt:P575 ?obj }
Who is the titleholder of award received of Linkin Park?,SELECT ?answer WHERE { wd:Q261 wdt:P1411 ?X . ?X wdt:P1346 ?answer}
What are the cuisines in the {sushi} ?,SELECT (COUNT(?sub) AS ?value ) { ?sub wdt:P2012 wd:Q46383 }
Which Seyfert galaxy has the largest apparent magnitude?,select ?ent where { ?ent wdt:P31 wd:Q213930 . ?ent wdt:P1215 ?obj } ORDER BY DESC(?obj)LIMIT 5
Is Etruschi the city of culture?,select distinct ?sbj where { ?sbj wdt:P2596 wd:Q17161 . ?sbj wdt:P31 wd:Q515 }
What award did Amos Oss Vengurion receive in 2017-0-0?,"SELECT ?obj WHERE { wd:Q151872 p:P166 ?s . ?s ps:P166 ?obj . ?s pq:P585 ?x filter(contains(YEAR(?x),'2017')) }"
Who developed the continent of the Amundsen Sea?,SELECT ?answer WHERE { wd:Q72154 wdt:P30 ?X . ?X wdt:P61 ?answer}
Which is the painting that depicts the Richard III of England?,select distinct ?sbj where { ?sbj wdt:P180 wd:Q133028 . ?sbj wdt:P31 wd:Q3305213 }
"What award did Nicolai Kryuchkov win on December 23, 1980?","SELECT ?obj WHERE { wd:Q1196388 p:P166 ?s . ?s ps:P166 ?obj . ?s pq:P585 ?x filter(contains(YEAR(?x),'1980')) }"
What is the diplomatic relationship between Indonesia and Switzerland?,SELECT ?obj WHERE { wd:Q39 p:P530 ?s . ?s ps:P530 ?obj . ?s pq:P805 wd:Q15948966 }
What amount of those stated are for Zaporizhzhia?,SELECT (COUNT(?obj) AS ?value ) { wd:Q157835 wdt:P248 ?obj }
"What is the sourcing circumstances for Roger Williams, who was born in 1603?","SELECT ?value WHERE { wd:Q391591 p:P569 ?s . ?s ps:P569 ?x filter(contains(YEAR(?x),'1603')) . ?s pq:P1480 ?value}"
What border of North Maluku Province has the gps coordinate 1.25?,"SELECT ?answer WHERE { wd:Q5094 wdt:P47 ?answer . ?answer wdt:P625 ?x FILTER(contains(?x,'1.25'))}"
How many crystal systems are in an amorphous solid?,SELECT (COUNT(?sub) AS ?value ) { ?sub wdt:P556 wd:Q103382 }
What tributaries are near the Lake of Cadiz?,SELECT ?answer WHERE { wd:Q15682 wdt:P206 ?X . ?X wdt:P974 ?answer}
Who edited the movie 'Jaws' and is buried in Encino?,SELECT ?answer WHERE { wd:Q189505 wdt:P1040 ?answer . ?answer wdt:P20 wd:Q1190590}
What is the headquarters location and the located on terrain feature of Commonwealth_of_Independent_States ?,SELECT ?ans_1 ?ans_2 WHERE { wd:Q7779 wdt:P159 ?ans_1 . wd:Q7779 wdt:P706 ?ans_2 }
What are the municipality of West Bengal which start with the letter t,"SELECT DISTINCT ?sbj ?sbj_label WHERE { ?sbj wdt:P31 wd:Q18918041 . ?sbj rdfs:label ?sbj_label . FILTER(STRSTARTS(lcase(?sbj_label), 't')) . FILTER (lang(?sbj_label) = 'en') } LIMIT 25"
"What has districts in the Fengtai District, which has wgs 84 at 116.157?","SELECT ?answer WHERE { wd:Q393831 wdt:P150 ?answer . ?answer wdt:P625 ?x FILTER(contains(?x,'116.157'))}"
What was the discovery of permaculture?,SELECT ?answer WHERE { wd:Q4572 wdt:P61 ?X . ?X wdt:P569 ?answer}
What are Hollywood's borders and where is the location of the administrative territorial  entity?,SELECT ?ans_1 ?ans_2 WHERE { wd:Q34006 wdt:P47 ?ans_1 . wd:Q34006 wdt:P131 ?ans_2 }
When did {battle} of {6th Bomber Corps} {formed}  ?,SELECT ?answer WHERE { wd:Q18234919 wdt:P241 ?X . ?X wdt:P607 ?answer}
Mention the ethnic group related to the Yiddish.,select distinct ?obj where { wd:Q8641 wdt:P2341 ?obj . ?obj wdt:P31 wd:Q41710 }
When did Steve Bannon complete his studies at Virginia Tech?,SELECT ?value WHERE { wd:Q16146870 p:P69 ?s . ?s ps:P69 wd:Q65379 . ?s pq:P582 ?value}
How many anthems are for Bulgaria?,SELECT (COUNT(?obj) AS ?value ) { wd:Q219 wdt:P85 ?obj }
What noble title is given to Louis II of Italy followed by Charles the Bald?,SELECT ?obj WHERE { wd:Q215204 p:P97 ?s . ?s ps:P97 ?obj . ?s pq:P156 wd:Q71231 }
who formation date of topic  of geology of the Moon ?,SELECT ?answer WHERE { wd:Q1648514 wdt:P1269 ?X . ?X wdt:P571 ?answer}
Did Yemelyan Pugachev die in Moscow Oblast?,SELECT ?answer WHERE { wd:Q154240 wdt:P20 ?answer . ?answer wdt:P1376 wd:Q1697}
What is the geological locality having diopside with the total area of 11.14?,"SELECT ?answer WHERE { wd:Q316671 wdt:P2695 ?answer . ?answer wdt:P2046 ?x FILTER(contains(?x,'11.14'))}"
"which music of gayane,was released on 1903-6-6?","SELECT ?answer WHERE { wd:Q539437 wdt:P86 ?answer . ?answer wdt:P569 ?x FILTER(contains(YEAR(?x),'1903'))}"
When did Néstor Kirchner start as Secretary General of the Union of South American Nations?,SELECT ?value WHERE { wd:Q170899 p:P39 ?s . ?s ps:P39 wd:Q2474558 . ?s pq:P580 ?value}
What genre is Rear Window?,SELECT (COUNT(?obj) AS ?value ) { wd:Q34414 wdt:P136 ?obj }
What music from Loretta Lynn received an award?,select distinct ?sbj where { ?sbj wdt:P1346 wd:Q272931 . ?sbj wdt:P31 wd:Q1364556 }
In what year did William Howard Taft become President of the USA?,SELECT ?value WHERE { wd:Q35648 p:P39 ?s . ?s ps:P39 wd:Q11696 . ?s pq:P580 ?value}
How many head coaches are there for Borussia Dortmund?,SELECT (COUNT(?obj) AS ?value ) { wd:Q41420 wdt:P286 ?obj }
How many archives are at Harvard University?,SELECT (COUNT(?sub) AS ?value ) { ?sub wdt:P485 wd:Q13371 }
What was Claude Rains nominated for in Notorious?,SELECT ?obj WHERE { wd:Q318734 p:P1411 ?s . ?s ps:P1411 ?obj . ?s pq:P1686 wd:Q587419 }
What position did Félix Faure hold before he was replaced by Émile Loubet?,SELECT ?obj WHERE { wd:Q296076 p:P39 ?s . ?s ps:P39 ?obj . ?s pq:P1366 wd:Q169502 }
Belgrade is the capital of what country?,select distinct ?sbj where { ?sbj wdt:P36 wd:Q3711 . ?sbj wdt:P31 wd:Q3024240 }
What diplomatic crisis lead to the founding of the Russian Orthodox Church?,select distinct ?obj where { wd:Q60995 wdt:P793 ?obj . ?obj wdt:P31 wd:Q5791104 }
What award did John Wayne receive in 2007?,"SELECT ?obj WHERE { wd:Q40531 p:P166 ?s . ?s ps:P166 ?obj . ?s pq:P585 ?x filter(contains(YEAR(?x),'2007')) }"
What is plays of Axl Rose Fernando that has discovered is Bartolomeo Cristofori?,SELECT ?answer WHERE { wd:Q11885 wdt:P1303 ?answer . ?answer wdt:P61 wd:Q301597}
How many developers are placed at Department of Defense?,SELECT (COUNT(?sub) AS ?value ) { ?sub wdt:P178 wd:Q11209 }
For whom Sam Shepard's spouse was in 1969-1-1?,"SELECT ?obj WHERE { wd:Q294583 p:P26 ?s . ?s ps:P26 ?obj . ?s pq:P580 ?x filter(contains(YEAR(?x),'1969')) }"
"Who is the spouse, and what position does Derek Jeter play in?",SELECT ?ans_1 ?ans_2 WHERE { wd:Q353511 wdt:P26 ?ans_1 . wd:Q353511 wdt:P413 ?ans_2 }
How many filming location were there for Saving Private Ryan?,SELECT (COUNT(?obj) AS ?value ) { wd:Q165817 wdt:P915 ?obj }
what is the work  for Neil Gaiman has award received as Locus Award for Best Collection?,SELECT ?value WHERE { wd:Q210059 p:P166 ?s . ?s ps:P166 wd:Q54824268 . ?s pq:P1686 ?value}
Who is the {protein} for {physically interacts with} of {fentanyl},select distinct ?sbj where { ?sbj wdt:P129 wd:Q407541 . ?sbj wdt:P31 wd:Q8054 }
Who is owned and developed by the FAceted Application of Subject Terminology?,SELECT ?answer WHERE { wd:Q3294867 wdt:P178 ?X . ?X wdt:P1830 ?answer}
Which is the literary work of the writer Cheryl Strayed?,select distinct ?sbj where { ?sbj wdt:P50 wd:Q5092780 . ?sbj wdt:P31 wd:Q7725634 }
Andriy Shevchenko played this position in what club?,SELECT ?answer WHERE { wd:Q41244 wdt:P54 ?X . ?X wdt:P1352 ?answer}
Who is the organizer of the Grand Tour for Amaury Sport Organisation that has the word de in their name?,"SELECT DISTINCT ?sbj ?sbj_label WHERE { ?sbj wdt:P31 wd:Q866427 . ?sbj wdt:P664 wd:Q372681 . ?sbj rdfs:label ?sbj_label . FILTER(CONTAINS(lcase(?sbj_label), 'de')) . FILTER (lang(?sbj_label) = 'en') } LIMIT 25"
When did Ryan Giggs become a member of the Manchester United F.C.?,SELECT ?value WHERE { wd:Q10524 p:P54 ?s . ?s ps:P54 wd:Q18656 . ?s pq:P580 ?value}
Name the stepparent of Sally Field.,select distinct ?obj where { wd:Q187033 wdt:P3448 ?obj . ?obj wdt:P31 wd:Q5 }
"As described by Brockhaus and Efron Encyclopedic Dictionary, what is the unit of length for the smallest conversion to a standard unit?",select ?ent where { ?ent wdt:P31 wd:Q1978718 . ?ent wdt:P2442 ?obj . ?ent wdt:P1343 wd:Q602358} ORDER BY ASC(?obj)LIMIT 5
What are the location and coordinates of the town called Tallow?,"SELECT ?answer WHERE { wd:Q863266 wdt:P1889 ?answer . ?answer wdt:P625 ?x FILTER(contains(?x,'24.7858'))}"
Since when was Jinju twinned with Omsk?,SELECT ?value WHERE { wd:Q42144 p:P190 ?s . ?s ps:P190 wd:Q898 . ?s pq:P580 ?value}
Who is {nominated for} of {Javier Bardem} where {for work} is {No Country for Old Men} ?,SELECT ?obj WHERE { wd:Q134895 p:P1411 ?s . ?s ps:P1411 ?obj . ?s pq:P1686 wd:Q183081 }
In which time zone is Newcastle upon Tyne located?,SELECT ?value WHERE { wd:Q1425428 p:P421 ?s . ?s ps:P421 wd:Q6655 . ?s pq:P1264 ?value}
What are the civilizations that start with the letter V,"SELECT DISTINCT ?sbj ?sbj_label WHERE { ?sbj wdt:P31 wd:Q8432 . ?sbj rdfs:label ?sbj_label . FILTER(STRSTARTS(lcase(?sbj_label), 'v')) . FILTER (lang(?sbj_label) = 'en') } LIMIT 25"
What country contains Beijing?,select distinct ?sbj where { ?sbj wdt:P150 wd:Q956 . ?sbj wdt:P31 wd:Q3624078 }
WHICH IS THE PRIME NUMBER WITH THE MAXIMUM NUMERIC VALUE,select ?ent where { ?ent wdt:P31 wd:Q49008 . ?ent wdt:P1181 ?obj } ORDER BY DESC(?obj)LIMIT 5
"""Which is {nomination received} of {Andy Murray}, that has {winners} is {Juan Pablo Montoya} ?""",SELECT ?answer WHERE { wd:Q10125 wdt:P1411 ?answer . ?answer wdt:P1346 wd:Q172744}
Which locality has the largest male population?,select ?ent where { ?ent wdt:P31 wd:Q3257686 . ?ent wdt:P1540 ?obj } ORDER BY DESC(?obj)LIMIT 5
How many distributions are there of a printed circuit board?,SELECT (COUNT(?sub) AS ?value ) { ?sub wdt:P437 wd:Q173350 }
What treatment is Neil Diamond getting for his health issues?,SELECT ?answer WHERE { wd:Q294531 wdt:P1050 ?X . ?X wdt:P2176 ?answer}
Which is the automobile model that is manufactured by Honda?,select distinct ?sbj where { ?sbj wdt:P176 wd:Q9584 . ?sbj wdt:P31 wd:Q3231690 }
What sport doe Abebe Bikila hold the olympic record for?,SELECT ?answer WHERE { wd:Q52596 wdt:P641 ?X . ?X wdt:P2869 ?answer}
What country shares a border with Northern Territory and is along the 26th parallel south?,SELECT ?obj WHERE { wd:Q3235 p:P47 ?s . ?s ps:P47 ?obj . ?s pq:P805 wd:Q1390493 }
Who is the nominee nominated for Vertigo at the Academy Awards for Best Production Design?,SELECT ?value WHERE { wd:Q202548 p:P1411 ?s . ?s ps:P1411 wd:Q277751 . ?s pq:P2453 ?value}
What amount of money did Luc Montagnier receive as a prize for the Nobel Prize in Physiology or Medicine?,SELECT ?value WHERE { wd:Q103598 p:P166 ?s . ?s ps:P166 wd:Q80061 . ?s pq:P2121 ?value}
When did Callimachus die?,SELECT ?obj WHERE { wd:Q192417 p:P570 ?s . ?s ps:P570 ?obj . ?s pq:P1480 wd:Q5727902 }
Who is the business owner of Barbie the doll maker,select distinct ?sbj where { ?sbj wdt:P1830 wd:Q167447 . ?sbj wdt:P31 wd:Q4830453 }
Name the active ingredient in amoxicillin.,select distinct ?obj where { wd:Q201928 wdt:P3780 ?obj . ?obj wdt:P31 wd:Q28885102 }
When did Yevhen Tomin stop being Governor for Poltava Oblast?,SELECT ?value WHERE { wd:Q169501 p:P6 ?s . ?s ps:P6 wd:Q12161920 . ?s pq:P582 ?value}
"What is the document published by the National Constituent Assembly that contains the word ""citizen"" in its name","SELECT DISTINCT ?sbj ?sbj_label WHERE { ?sbj wdt:P31 wd:Q49848 . ?sbj wdt:P98 wd:Q876424 . ?sbj rdfs:label ?sbj_label . FILTER(CONTAINS(lcase(?sbj_label), 'citizen')) . FILTER (lang(?sbj_label) = 'en') } LIMIT 25"
What is the public key fingerprint of built IBM Personal Computers?,SELECT ?answer WHERE { wd:Q202712 wdt:P176 ?X . ?X wdt:P3721 ?answer}
who  is the language of work or name of hebrew alphabet?,select distinct ?obj where { wd:Q33513 wdt:P407 ?obj . ?obj wdt:P31 wd:Q34770 }
Where was Reebok established?,SELECT ?answer WHERE { wd:Q466183 wdt:P112 ?X . ?X wdt:P551 ?answer}
What are the world day which start with the letter n,"SELECT DISTINCT ?sbj ?sbj_label WHERE { ?sbj wdt:P31 wd:Q2558684 . ?sbj rdfs:label ?sbj_label . FILTER(STRSTARTS(lcase(?sbj_label), 'n')) . FILTER (lang(?sbj_label) = 'en') } LIMIT 25"
WHEN DID PENELOPE RECEIVED THE AWARD OF THE FOUNDATION?,SELECT ?answer WHERE { wd:Q39666 wdt:P166 ?X . ?X wdt:P571 ?answer}
"What ethnoreligious group starts with the letter ""y""?","SELECT DISTINCT ?sbj ?sbj_label WHERE { ?sbj wdt:P31 wd:Q11197007 . ?sbj rdfs:label ?sbj_label . FILTER(STRSTARTS(lcase(?sbj_label), 'y')) . FILTER (lang(?sbj_label) = 'en') } LIMIT 25"
How many brands are there for Procter & Gamble?,SELECT (COUNT(?obj) AS ?value ) { wd:Q212405 wdt:P1716 ?obj }
which aircraft family has the lowest highest glide ration whose instance of is aircraft family?,select ?ent where { ?ent wdt:P31 wd:Q15056993 . ?ent wdt:P1470 ?obj . ?ent wdt:P31 wd:Q15056993} ORDER BY ASC(?obj)LIMIT 5
When did Jerome Bruner receive an APA Award for Distinguished Scientific Contributions to Psychology?,SELECT ?value WHERE { wd:Q114867 p:P166 ?s . ?s ps:P166 wd:Q17112655 . ?s pq:P585 ?value}
Where is the {venous drainage} and the {arterial supply} of {Clitoris} ?,SELECT ?ans_1 ?ans_2 WHERE { wd:Q873072 wdt:P2289 ?ans_1 . wd:Q873072 wdt:P2286 ?ans_2 }
"From what country is F. Scott Fitzgerald, who was born in St. Paul?",SELECT ?value WHERE { wd:Q93354 p:P19 ?s . ?s ps:P19 wd:Q28848 . ?s pq:P17 ?value}
WHAT ARE THE WORD THAT  ROOT WHICH CONTAINS TYPE OF MATHEMATICAL FUNCTION,"SELECT DISTINCT ?sbj ?sbj_label WHERE { ?sbj wdt:P31 wd:Q47279819 . ?sbj rdfs:label ?sbj_label . FILTER(CONTAINS(lcase(?sbj_label), 'root')) . FILTER (lang(?sbj_label) = 'en') } LIMIT 25"
How many times was Elizabeth II head of state?,SELECT (COUNT(?sub) AS ?value ) { ?sub wdt:P35 wd:Q9682 }
Which company in Russia has the lowest total equity?,select ?ent where { ?ent wdt:P31 wd:Q13641190 . ?ent wdt:P2137 ?obj . ?ent wdt:P17 wd:Q159. } ORDER BY ASC(?obj)LIMIT 5
When did Nadia Boulanger start working at Fontainebleau Schools?,SELECT ?value WHERE { wd:Q140619 p:P108 ?s . ?s ps:P108 wd:Q470082 . ?s pq:P580 ?value}
What are the diplomatic relations of the Kam people living in South Sudan?,SELECT ?answer WHERE { wd:Q958 wdt:P530 ?answer . ?answer wdt:P172 wd:Q216096}
What award did Maria Rojo receive in 1978?,"SELECT ?obj WHERE { wd:Q290301 p:P166 ?s . ?s ps:P166 ?obj . ?s pq:P585 ?x filter(contains(YEAR(?x),'1978')) }"
,select distinct ?obj where { wd:Q11299 wdt:P47 ?obj . ?obj wdt:P31 wd:Q408804 }
"What is the namesake of the Riemann zeta function, which has the Cauchy–Euler equation in its significant works?",SELECT ?answer WHERE { wd:Q187235 wdt:P138 ?answer . ?answer wdt:P800 wd:Q1196465}
"Where was Paul VI born in, which is adjacent to Cellatica?",SELECT ?answer WHERE { wd:Q16975 wdt:P19 ?answer . ?answer wdt:P47 wd:Q103883}
How many people are convicted of drug possession?,SELECT (COUNT(?sub) AS ?value ) { ?sub wdt:P1399 wd:Q1259959 }
What award did Anish Kapoor receive in 2016?,"SELECT ?obj WHERE { wd:Q327293 p:P166 ?s . ?s ps:P166 ?obj . ?s pq:P585 ?x filter(contains(YEAR(?x),'2016')) }"
Dennis M. Ritchie designed which structured programming language?,select distinct ?sbj where { ?sbj wdt:P287 wd:Q45575 . ?sbj wdt:P31 wd:Q28920117 }
Which is the historic house museum of the residence of Rembrandt?,select distinct ?obj where { wd:Q5598 wdt:P551 ?obj . ?obj wdt:P31 wd:Q2087181 }
Tell me hole whose name has the word depletion in it.,"SELECT DISTINCT ?sbj ?sbj_label WHERE { ?sbj wdt:P31 wd:Q20204151 . ?sbj rdfs:label ?sbj_label . FILTER(CONTAINS(lcase(?sbj_label), 'depletion')) . FILTER (lang(?sbj_label) = 'en') } LIMIT 25"
What is the capital city of the Kingdom of Navarre?,SELECT ?answer WHERE { wd:Q200262 wdt:P36 ?X . ?X wdt:P1376 ?answer}
How many mothers did Eros have?,SELECT (COUNT(?obj) AS ?value ) { wd:Q121973 wdt:P25 ?obj }
When was Boleslaw Bierut came to the position of President of Poland?,SELECT ?value WHERE { wd:Q55832 p:P39 ?s . ?s ps:P39 wd:Q1054799 . ?s pq:P580 ?value}
What is the name of the fictional universe described in Daredevil?,"SELECT DISTINCT ?sbj ?sbj_label WHERE { ?sbj wdt:P31 wd:Q196600 . ?sbj wdt:P1445 wd:Q16977365 . ?sbj rdfs:label ?sbj_label . FILTER(CONTAINS(lcase(?sbj_label), 'cinematic')) . FILTER (lang(?sbj_label) = 'en') } LIMIT 25"
When did Burt Bacharach  received the award for Grammy Trustees?,SELECT ?value WHERE { wd:Q212762 p:P166 ?s . ?s ps:P166 wd:Q5593916 . ?s pq:P585 ?value}
"What government structure starts with the letter ""t""?","SELECT DISTINCT ?sbj ?sbj_label WHERE { ?sbj wdt:P31 wd:Q19944802 . ?sbj rdfs:label ?sbj_label . FILTER(STRSTARTS(lcase(?sbj_label), 't')) . FILTER (lang(?sbj_label) = 'en') } LIMIT 25"
How many students studied the subject {astronomy} ?,SELECT (COUNT(?sub) AS ?value ) { ?sub wdt:P2579 wd:Q333 }
What left office is from the temporal range start of Sturtian glaciation?,SELECT ?answer WHERE { wd:Q1450075 wdt:P523 ?X . ?X wdt:P582 ?answer}
When did Lech Walesa receive the Order of Pius IX award?,SELECT ?value WHERE { wd:Q444 p:P166 ?s . ?s ps:P166 wd:Q1423841 . ?s pq:P585 ?value}
When was Benito Juárez elected as President of Mexico?,SELECT ?value WHERE { wd:Q182276 p:P39 ?s . ?s ps:P39 wd:Q628004 . ?s pq:P580 ?value}
Which recreational tool based on Control theory uses the principle of zero-sum game?,SELECT ?answer WHERE { wd:Q156612 wdt:P2283 ?answer . ?answer wdt:P101 wd:Q6501221}
Who is {service operator} of {aircraft carried} of {LATAM Brasil} ?,SELECT ?answer WHERE { wd:Q690789 wdt:P121 ?X . ?X wdt:P137 ?answer}
"Who are the sons of Maximilian I, Holy Roman Emperor, who died on 1557-5-4?","SELECT ?answer WHERE { wd:Q150726 wdt:P40 ?answer . ?answer wdt:P570 ?x FILTER(contains(YEAR(?x),'1557'))}"
How many NBC headquarters locations are there?,SELECT (COUNT(?obj) AS ?value ) { wd:Q13974 wdt:P159 ?obj }
How many speeches were done by Ronald Reagan?,SELECT (COUNT(?sub) AS ?value ) { ?sub wdt:P823 wd:Q9960 }
When was Gerd Muller a member of the German under-23 football team?,SELECT ?value WHERE { wd:Q43744 p:P54 ?s . ?s ps:P54 wd:Q1202768 . ?s pq:P580 ?value}
What is the molar mass of the parent body of Titania?,SELECT ?answer WHERE { wd:Q3322 wdt:P397 ?X . ?X wdt:P2067 ?answer}
What was Otto Hahn nominated for in the year 1945?,"SELECT ?obj WHERE { wd:Q57065 p:P1411 ?s . ?s ps:P1411 ?obj . ?s pq:P585 ?x filter(contains(YEAR(?x),'1945')) }"
how much stock exchange does banco santander have?,SELECT (COUNT(?obj) AS ?value ) { wd:Q806215 wdt:P414 ?obj }
how many habitats does varanus komodoensis have?,SELECT (COUNT(?obj) AS ?value ) { wd:Q4504 wdt:P2974 ?obj }
What are the Greek primordial deity which start with the letter uranus,"SELECT DISTINCT ?sbj ?sbj_label WHERE { ?sbj wdt:P31 wd:Q878099 . ?sbj rdfs:label ?sbj_label . FILTER(CONTAINS(lcase(?sbj_label), 'uranus')) . FILTER (lang(?sbj_label) = 'en') } LIMIT 25"
How many instrument are for harps,SELECT (COUNT(?sub) AS ?value ) { ?sub wdt:P870 wd:Q47369 }
How many defendants were there in the Nuremberg trials?,SELECT (COUNT(?obj) AS ?value ) { wd:Q80130 wdt:P1591 ?obj }
What is the name of Mike Tyson's ex-wife that he was married to until 2/14/89?,"SELECT ?obj WHERE { wd:Q79031 p:P26 ?s . ?s ps:P26 ?obj . ?s pq:P582 ?x filter(contains(YEAR(?x),'1989')) }"
Who created the original topic of The Essential Dykes to Watch Out For?,SELECT ?answer WHERE { wd:Q50377307 wdt:P1269 ?X . ?X wdt:P170 ?answer}
who date incorporated of honours of andrei gromyko ?,SELECT ?answer WHERE { wd:Q184267 wdt:P166 ?X . ?X wdt:P571 ?answer}
"What is the daughter of Leopold II, Holy Roman Emperor, whose sister is Maria Anna d'Asburgo-Lorena?",SELECT ?answer WHERE { wd:Q151321 wdt:P40 ?answer . ?answer wdt:P3373 wd:Q1032317}
Which daylght saving time is valid in the timezone of Stockholm?,SELECT ?obj WHERE { wd:Q1754 p:P421 ?s . ?s ps:P421 ?obj . ?s pq:P1264 wd:Q36669 }
"Of all the unitary states which are members of the International Centre for Settlement of Investment Disputes, which has the highest GDP per capita in nominal terms?",select ?ent where { ?ent wdt:P31 wd:Q179164 . ?ent wdt:P2132 ?obj . ?ent wdt:P463 wd:Q899770 } ORDER BY DESC(?obj)LIMIT 5
Which {voice actors} of {series} {She Swill Survive} ?,SELECT ?answer WHERE { wd:Q51165010 wdt:P179 ?X . ?X wdt:P725 ?answer}
What is the sport with the maximum number of players from Papua New Guinea?,select ?ent where { ?ent wdt:P31 wd:Q29791211 . ?ent wdt:P4909 ?obj . ?ent wdt:P276 wd:Q691 } ORDER BY DESC(?obj)LIMIT 5
What is the time of the day in year of Easter?,SELECT ?answer WHERE { wd:Q21196 wdt:P837 ?X . ?X wdt:P585 ?answer}
Tell me economics crisis whose name has the word period in it.,"SELECT DISTINCT ?sbj ?sbj_label WHERE { ?sbj wdt:P31 wd:Q290178 . ?sbj rdfs:label ?sbj_label . FILTER(CONTAINS(lcase(?sbj_label), 'period')) . FILTER (lang(?sbj_label) = 'en') } LIMIT 25"
What rugby team has the highest number of losses?,select ?ent where { ?ent wdt:P31 wd:Q50846468 . ?ent wdt:P1356 ?obj . ?ent wdt:P641 wd:Q5849 } ORDER BY DESC(?obj)LIMIT 5
when did Ailsa Garland become the editor for vogue,SELECT ?value WHERE { wd:Q6351976 p:P98 ?s . ?s ps:P98 wd:Q21176318 . ?s pq:P580 ?value}
WHICH IS THE GROUP OF ORGANISMS KNOWN BY ONE PARATICULAR COMMON NAME THAT IS LOCOMOTION AND SNAKE LOCOMOTION THAT CONTAINS THE WORD SNAKE IN THEIR NAME,"SELECT DISTINCT ?sbj ?sbj_label WHERE { ?sbj wdt:P31 wd:Q55983715 . ?sbj wdt:P3512 wd:Q29378923 . ?sbj rdfs:label ?sbj_label . FILTER(CONTAINS(lcase(?sbj_label), 'snake')) . FILTER (lang(?sbj_label) = 'en') } LIMIT 25"
What award did Shigeru Miyamoto receive in 2008?,"SELECT ?obj WHERE { wd:Q12382 p:P166 ?s . ?s ps:P166 ?obj . ?s pq:P585 ?x filter(contains(YEAR(?x),'2008')) }"
How many {material are used} for {fiber} ?,SELECT (COUNT(?sub) AS ?value ) { ?sub wdt:P186 wd:Q161 }
For what film was Catherine Deneuve nominated for the César Award for Best Actress?,SELECT ?value WHERE { wd:Q106418 p:P1411 ?s . ?s ps:P1411 wd:Q24241 . ?s pq:P1686 ?value}
What are the coordinates for the location of the Limpopo river source?,SELECT ?obj WHERE { wd:Q173017 p:P625 ?s . ?s ps:P625 ?obj . ?s pq:P518 wd:Q7376362 }
Name an infectious disease that afflicts liver and starts with letter H,"SELECT DISTINCT ?sbj ?sbj_label WHERE { ?sbj wdt:P31 wd:Q18123741 . ?sbj wdt:P689 wd:Q9368 . ?sbj rdfs:label ?sbj_label . FILTER(STRSTARTS(lcase(?sbj_label), 'h')) . FILTER (lang(?sbj_label) = 'en') } LIMIT 25"
What are the  airline which start with the letter pan,"SELECT DISTINCT ?sbj ?sbj_label WHERE { ?sbj wdt:P31 wd:Q46970 . ?sbj rdfs:label ?sbj_label . FILTER(CONTAINS(lcase(?sbj_label), 'pan')) . FILTER (lang(?sbj_label) = 'en') } LIMIT 25"
What position did Ludwig Erhard hold for two years?,"SELECT ?obj WHERE { wd:Q2496 p:P39 ?s . ?s ps:P39 ?obj . ?s pq:P1545 ?x filter(contains(?x,'2')) }"
What is the highest position in the church of England ?,select distinct ?obj where { wd:Q82708 wdt:P2388 ?obj . ?obj wdt:P31 wd:Q4164871 }
Who were the members of the Lewis and Clark Expedition?,select distinct ?sbj where { ?sbj wdt:P1344 wd:Q505802 . ?sbj wdt:P31 wd:Q5 }
What commercials advertise the menu of In-N-Out Burger?,SELECT ?answer WHERE { wd:Q1205312 wdt:P1056 ?X . ?X wdt:P186 ?answer}
Which active ingredient is the duty of Vivelle?,SELECT ?answer WHERE { wd:Q48826042 wdt:P3781 ?X . ?X wdt:P2868 ?answer}
Tell me virtue whose name has the word wisdom in it.,"SELECT DISTINCT ?sbj ?sbj_label WHERE { ?sbj wdt:P31 wd:Q157811 . ?sbj rdfs:label ?sbj_label . FILTER(CONTAINS(lcase(?sbj_label), 'wisdom')) . FILTER (lang(?sbj_label) = 'en') } LIMIT 25"
What is {symptom} of {this taxon is the source of} {sunflower} ?,SELECT ?answer WHERE { wd:Q171497 wdt:P1672 ?X . ?X wdt:P1542 ?answer}
Who is the concubine of the scriptwriter of The Lady Without Camelias?,SELECT ?answer WHERE { wd:Q3208121 wdt:P58 ?X . ?X wdt:P451 ?answer}
What is {in narrative} of {sidekick of} {Luigi} ?,SELECT ?answer WHERE { wd:Q210593 wdt:P2546 ?X . ?X wdt:P1441 ?answer}
who is the sports season for sport of australian rules football?,select distinct ?sbj where { ?sbj wdt:P641 wd:Q50776 . ?sbj wdt:P31 wd:Q27020041 }
WHAT ARE THE WORK OF INCUMBENT OF CHIEF OFFICIAL WHITE HOUSE PHOTOGRAPHER?,SELECT ?answer WHERE { wd:Q28955826 wdt:P1308 ?X . ?X wdt:P108 ?answer}
Who's voice is dubbed in Freemium Isn't Free,SELECT ?answer WHERE { wd:Q18573108 wdt:P179 ?X . ?X wdt:P725 ?answer}
What is the relationship between Vaclav Havel and Dagmar Havlova?,SELECT ?value WHERE { wd:Q36233 p:P1038 ?s . ?s ps:P1038 wd:Q5107449 . ?s pq:P1039 ?value}
What country is Santa Monica in where Fred MacMurray died?,SELECT ?value WHERE { wd:Q356309 p:P20 ?s . ?s ps:P20 wd:Q47164 . ?s pq:P17 ?value}
Who is {role model} of {writers} {Railsea} ?,SELECT ?answer WHERE { wd:Q7284118 wdt:P50 ?X . ?X wdt:P737 ?answer}
When did Iannis Xenakis marry Francoise Xenakis?,SELECT ?value WHERE { wd:Q152880 p:P26 ?s . ?s ps:P26 wd:Q3086635 . ?s pq:P580 ?value}
How many dome enclosures are there?,SELECT (COUNT(?sub) AS ?value ) { ?sub wdt:P3158 wd:Q12493 }
What is the population of New Taipei City in 2010?,"SELECT ?obj WHERE { wd:Q244898 p:P1082 ?s . ?s ps:P1082 ?obj . ?s pq:P585 ?x filter(contains(YEAR(?x),'2010')) }"
What field of employment is Kōtarō Yoshida in?,SELECT ?answer WHERE { wd:Q2600927 wdt:P106 ?X . ?X wdt:P425 ?answer}
How many forewords did John Lasseter author?,SELECT (COUNT(?sub) AS ?value ) { ?sub wdt:P2679 wd:Q269214 }
How many instrumentation are by harpsichord?,SELECT (COUNT(?sub) AS ?value ) { ?sub wdt:P870 wd:Q81982 }
For What Saint-John Perse was in  nomination in the year 1955?,"SELECT ?obj WHERE { wd:Q132684 p:P1411 ?s . ?s ps:P1411 ?obj . ?s pq:P585 ?x filter(contains(YEAR(?x),'1955')) }"
Which is the historical country of the diplomatic relation of Czechoslovakia?,select distinct ?sbj where { ?sbj wdt:P530 wd:Q33946 . ?sbj wdt:P31 wd:Q3024240 }
What is the {manner of death} and the {cause of death} of {Robert_Louis_Stevenson} ?,SELECT ?ans_1 ?ans_2 WHERE { wd:Q1512 wdt:P1196 ?ans_1 . wd:Q1512 wdt:P509 ?ans_2 }
What are the modern language which start with the letter thai,"SELECT DISTINCT ?sbj ?sbj_label WHERE { ?sbj wdt:P31 wd:Q1288568 . ?sbj rdfs:label ?sbj_label . FILTER(CONTAINS(lcase(?sbj_label), 'thai')) . FILTER (lang(?sbj_label) = 'en') } LIMIT 25"
How many screenwriters are there for Casablanca?,SELECT (COUNT(?obj) AS ?value ) { wd:Q132689 wdt:P58 ?obj }
Where was the place of interment of life partner of Abdul Hamid II?,SELECT ?answer WHERE { wd:Q134817 wdt:P26 ?X . ?X wdt:P119 ?answer}
When did the country Cluj-Napoca become the Principality of Transylvania?,SELECT ?value WHERE { wd:Q100188 p:P17 ?s . ?s ps:P17 wd:Q655621 . ?s pq:P580 ?value}
"Who is working for J.L. Mackie, who has a subnetwork of 2001:630:440::/44?","SELECT ?answer WHERE { wd:Q713642 wdt:P108 ?answer . ?answer wdt:P3793 ?x FILTER(contains(?x,'2001:630:440::/44'))}"
What is the significant landmark in the capital of the Achaemenid Empire?,select distinct ?obj where { wd:Q389688 wdt:P36 ?obj . ?obj wdt:P31 wd:Q2319498 }
Which runway in LAX are made of concrete?,SELECT ?obj WHERE { wd:Q8731 p:P529 ?s . ?s ps:P529 ?obj . ?s pq:P186 wd:Q22657 }
Which {contains administrative territorial entity} and the {located in the administrative territorial entity} of {Tamil_Nadu} ?,SELECT ?ans_1 ?ans_2 WHERE { wd:Q1445 wdt:P150 ?ans_1 . wd:Q1445 wdt:P131 ?ans_2 }
,select distinct ?sbj where { ?sbj wdt:P3975 wd:Q15031 . ?sbj wdt:P31 wd:Q233591 }
What was the last year that FC Bayern Munich used the Olympic Stadium of Munich as its home venue?,SELECT ?value WHERE { wd:Q15789 p:P115 ?s . ?s ps:P115 wd:Q131610 . ?s pq:P582 ?value}
what is the name of the conjugate acid of hydroxide ion which has the index of refraction equal to 1.33432?,"SELECT ?answer WHERE { wd:Q199877 wdt:P4147 ?answer . ?answer wdt:P1109 ?x FILTER(contains(?x,'1.33432'))}"
Where is the location of birth of Antónia Ferreira subdivided into Galafura e Covelinhas?,SELECT ?answer WHERE { wd:Q591755 wdt:P19 ?answer . ?answer wdt:P150 wd:Q25438947}
What is the total quantity produced by Fuji?,SELECT (COUNT(?obj) AS ?value ) { wd:Q504893 wdt:P1092 ?obj }
What awards has Elton John won?,SELECT ?answer WHERE { wd:Q2808 wdt:P166 ?X . ?X wdt:P1346 ?answer}
What award did Elias Canetti receive in 1980?,"SELECT ?obj WHERE { wd:Q80064 p:P166 ?s . ?s ps:P166 ?obj . ?s pq:P585 ?x filter(contains(YEAR(?x),'1980')) }"
"Name an instruction set architecture that contain the word "" x87"" in its name","SELECT DISTINCT ?sbj ?sbj_label WHERE { ?sbj wdt:P31 wd:Q272683 . ?sbj rdfs:label ?sbj_label . FILTER(CONTAINS(lcase(?sbj_label), 'x87')) . FILTER (lang(?sbj_label) = 'en') } LIMIT 25"
When was Jonny Wilkinson has joind as a member to the RC Toulonnais sports team?,SELECT ?value WHERE { wd:Q318920 p:P54 ?s . ?s ps:P54 wd:Q1857064 . ?s pq:P580 ?value}
Who has died in John Bain that has the geolocation of 35.2269?,"SELECT ?answer WHERE { wd:Q6220303 wdt:P20 ?answer . ?answer wdt:P625 ?x FILTER(contains(?x,'35.2269'))}"
For what Western Visayas is it 2017,"SELECT ?obj WHERE { wd:Q13665 p:P2046 ?s . ?s ps:P2046 ?obj . ?s pq:P582 ?x filter(contains(YEAR(?x),'2017')) }"
"What was Roger Martin du Gard nominated for on January 1, 1935?","SELECT ?obj WHERE { wd:Q129155 p:P1411 ?s . ?s ps:P1411 ?obj . ?s pq:P585 ?x filter(contains(YEAR(?x),'1935')) }"
What is the safety classification and labeling for Nitric Acid through the NFPA Health subsection NFPA 704:Standard system for the identification of the hazards of materials for emergency response?,SELECT ?value WHERE { wd:Q83320 p:P4952 ?s . ?s ps:P4952 wd:Q51139288 . ?s pq:P993 ?value}
Who is the fictional person that is present in the work of Macbeth?,select distinct ?sbj where { ?sbj wdt:P1441 wd:Q130283 . ?sbj wdt:P31 wd:Q15632617 }
Who is Katie Ledecky related to?,select distinct ?sbj where { ?sbj wdt:P1038 wd:Q137374 . ?sbj wdt:P31 wd:Q5 }
Who gave the {stockholders} of {builder} of {EMD GP39-2} ?,SELECT ?answer WHERE { wd:Q5323435 wdt:P176 ?X . ?X wdt:P127 ?answer}
Which is the corporation for the products produced by Coca-Cola?,select distinct ?sbj where { ?sbj wdt:P1056 wd:Q2813 . ?sbj wdt:P31 wd:Q167037 }
Tell me universal library whose name has the word library in it.,"SELECT DISTINCT ?sbj ?sbj_label WHERE { ?sbj wdt:P31 wd:Q2495568 . ?sbj rdfs:label ?sbj_label . FILTER(CONTAINS(lcase(?sbj_label), 'library')) . FILTER (lang(?sbj_label) = 'en') } LIMIT 25"
What are the condiment which start with the letter y,"SELECT DISTINCT ?sbj ?sbj_label WHERE { ?sbj wdt:P31 wd:Q2596997 . ?sbj rdfs:label ?sbj_label . FILTER(STRSTARTS(lcase(?sbj_label), 'y')) . FILTER (lang(?sbj_label) = 'en') } LIMIT 25"
What is Tanzania method in determining total fertility rate of 5.616?,"SELECT ?value WHERE { wd:Q924 p:P4841 ?s . ?s ps:P4841 ?x filter(contains(?x,'5.616')) . ?s pq:P459 ?value}"
,select distinct ?sbj where { ?sbj wdt:P161 wd:Q212002 . ?sbj wdt:P31 wd:Q5398426 }
"What is the name of Alexander Blok's birthplace, that has Manchester as a sister city?",SELECT ?answer WHERE { wd:Q164765 wdt:P19 ?answer . ?answer wdt:P190 wd:Q18125}
Where did Karl Marx begin his education in the year 1830?,"SELECT ?obj WHERE { wd:Q9061 p:P69 ?s . ?s ps:P69 ?obj . ?s pq:P580 ?x filter(contains(YEAR(?x),'1830')) }"
Which smallest planet has the lowest longitude of ascending noed i the scattered disc?,select ?ent where { ?ent wdt:P31 wd:Q2199 . ?ent wdt:P2213 ?obj . ?ent wdt:P361 wd:Q180380} ORDER BY ASC(?obj)LIMIT 5
Which films is Mary Pickerford in?,select distinct ?obj where { wd:Q104109 wdt:P1283 ?obj . ?obj wdt:P31 wd:Q1371849 }
Name the river with maximim Strahler number?,select ?ent where { ?ent wdt:P31 wd:Q4022 . ?ent wdt:P1548 ?obj } ORDER BY DESC(?obj)LIMIT 5
Which is the position in the time period of Reconquista?,select distinct ?sbj where { ?sbj wdt:P2348 wd:Q79791 . ?sbj wdt:P31 wd:Q4164871 }
How many payment types are accepted at the Louvre museum?,SELECT (COUNT(?obj) AS ?value ) { wd:Q19675 wdt:P2851 ?obj }
What instrument is played by Scandinavian Airlines?,SELECT ?answer WHERE { wd:Q187854 wdt:P2283 ?X . ?X wdt:P1535 ?answer}
"What position did Lin Biao start on May 25, 1959.","SELECT ?obj WHERE { wd:Q315475 p:P39 ?s . ?s ps:P39 ?obj . ?s pq:P580 ?x filter(contains(YEAR(?x),'1959')) }"
Where was the location of the invasion of the Russian Empire?,select distinct ?sbj where { ?sbj wdt:P276 wd:Q34266 . ?sbj wdt:P31 wd:Q467011 }
Who replaced Zachary Taylor as President of the United States?,SELECT ?value WHERE { wd:Q11896 p:P39 ?s . ?s ps:P39 wd:Q11696 . ?s pq:P1365 ?value}
Who is thefor J's PhD student Oppenheimer Robert?,select distinct ?obj where { wd:Q132537 wdt:P185 ?obj . ?obj wdt:P31 wd:Q5 }
Who's rule over Tocanis government ended on 3-22-20187?,"SELECT ?obj WHERE { wd:Q43695 p:P6 ?s . ?s ps:P6 ?obj . ?s pq:P582 ?x filter(contains(YEAR(?x),'2018')) }"
Which etchnicity do Russians have?,select distinct ?obj where { wd:Q7737 wdt:P2341 ?obj . ?obj wdt:P31 wd:Q41710 }
When  did Samuel Eliot Morison receive his Pulitzer Prise for Biography and Autobiography?,SELECT ?value WHERE { wd:Q982883 p:P166 ?s . ?s ps:P166 wd:Q285117 . ?s pq:P585 ?value}
Who gave the{AWLD status} of {languages of expression} of {Patton Oswalt} ?,SELECT ?answer WHERE { wd:Q374065 wdt:P1412 ?X . ?X wdt:P1999 ?answer}
When was Althea Gibson a member of the United States Wightman Cup team?,SELECT ?value WHERE { wd:Q53550 p:P54 ?s . ?s ps:P54 wd:Q7892299 . ?s pq:P580 ?value}
Where in Spain was Muhammad al-Idrisi born?,SELECT ?answer WHERE { wd:Q173441 wdt:P19 ?answer . ?answer wdt:P131 wd:Q29}
Which of the work of Rodin is significant?,SELECT ?answer WHERE { wd:Q30755 wdt:P800 ?X . ?X wdt:P195 ?answer}
"What new religious movement starts with the letter ""s""?","SELECT DISTINCT ?sbj ?sbj_label WHERE { ?sbj wdt:P31 wd:Q477544 . ?sbj rdfs:label ?sbj_label . FILTER(STRSTARTS(lcase(?sbj_label), 's')) . FILTER (lang(?sbj_label) = 'en') } LIMIT 25"
What is the name of award recieved for Dawn Fraser has participant of 1960 Summer Olympics ?,SELECT ?value WHERE { wd:Q229040 p:P1344 ?s . ?s ps:P1344 wd:Q8415 . ?s pq:P166 ?value}
What is in conflict of armed with of A.100 ?,SELECT ?answer WHERE { wd:Q381204 wdt:P520 ?X . ?X wdt:P607 ?answer}
Who is the sculptor portrayed in mandolin?,SELECT ?answer WHERE { wd:Q302497 wdt:P1299 ?X . ?X wdt:P170 ?answer}
Who is the {Wikimedia category} for {category for films shot at this location} of {Shanghai},select distinct ?obj where { wd:Q8686 wdt:P1740 ?obj . ?obj wdt:P31 wd:Q4167836 }
What organization applies to the European Parliament?,select distinct ?obj where { wd:Q8889 wdt:P1001 ?obj . ?obj wdt:P31 wd:Q4120211 }
What was the namesake for Bohr radius with a recognition title of Copley Medal?,SELECT ?answer WHERE { wd:Q652571 wdt:P138 ?answer . ?answer wdt:P166 wd:Q28003}
Who is the spouse of Jose Saramago in 1944?,"SELECT ?obj WHERE { wd:Q37060 p:P26 ?s . ?s ps:P26 ?obj . ?s pq:P580 ?x filter(contains(YEAR(?x),'1944')) }"
When was Comoros a member of the International Development Association?,SELECT ?value WHERE { wd:Q970 p:P463 ?s . ?s ps:P463 wd:Q827525 . ?s pq:P580 ?value}
Who are the characters from the narrative of Sigurd?,SELECT ?answer WHERE { wd:Q537554 wdt:P1441 ?X . ?X wdt:P674 ?answer}
Name the aerospace manufacturer located in Otrokovice that has the least total revenue?,select ?ent where { ?ent wdt:P31 wd:Q936518 . ?ent wdt:P2139 ?obj . ?ent wdt:P159 wd:Q1009095} ORDER BY ASC(?obj)LIMIT 5
How many mobile country codes are in the USA?,SELECT (COUNT(?obj) AS ?value ) { wd:Q30 wdt:P2258 ?obj }
Czechoslovakia has diplomatic relations with what sovereign state?,select distinct ?sbj where { ?sbj wdt:P530 wd:Q33946 . ?sbj wdt:P31 wd:Q3624078 }
What award follows the Hasselblad Award received by Susan Meiselas?,SELECT ?value WHERE { wd:Q274604 p:P166 ?s . ?s ps:P166 wd:Q1324112 . ?s pq:P155 ?value}
What political scandal involved Hillary Clinton where she has to defend herself?,select distinct ?sbj where { ?sbj wdt:P1591 wd:Q6294 . ?sbj wdt:P31 wd:Q934744 }
How many creators are with the Pokémon?,SELECT (COUNT(?obj) AS ?value ) { wd:Q239937 wdt:P170 ?obj }
What network uses Internet Protocol version 4,select distinct ?sbj where { ?sbj wdt:P2283 wd:Q11103 . ?sbj wdt:P31 wd:Q15836568 }
Which division is the team of Tallan Martin in?,SELECT ?answer WHERE { wd:Q7680059 wdt:P54 ?X . ?X wdt:P118 ?answer}
What was the role of W.E.B. Du Bois as a member of Alpha Phi Alpha?,SELECT ?value WHERE { wd:Q158060 p:P463 ?s . ?s ps:P463 wd:Q2839513 . ?s pq:P2868 ?value}
"What colossal statue starts with the letter ""s""?","SELECT DISTINCT ?sbj ?sbj_label WHERE { ?sbj wdt:P31 wd:Q1779653 . ?sbj rdfs:label ?sbj_label . FILTER(STRSTARTS(lcase(?sbj_label), 's')) . FILTER (lang(?sbj_label) = 'en') } LIMIT 25"
What's the human being for Jiang Zemin?,select distinct ?obj where { wd:Q16597 wdt:P3448 ?obj . ?obj wdt:P31 wd:Q5 }
How many are affected by bronchitis?,SELECT (COUNT(?sub) AS ?value ) { ?sub wdt:P1542 wd:Q173022 }
When was Malala Yousafzai nominated for the National Malala Peace Prize?,SELECT ?value WHERE { wd:Q32732 p:P1411 ?s . ?s ps:P1411 wd:Q6974223 . ?s pq:P585 ?value}
In which museum Mahatma Gandhi died ?,select distinct ?obj where { wd:Q1001 wdt:P20 ?obj . ?obj wdt:P31 wd:Q33506 }
"When was Marie Louise, Duchess of Parma the spouse of Napoleon ?",SELECT ?value WHERE { wd:Q157491 p:P26 ?s . ?s ps:P26 wd:Q517 . ?s pq:P580 ?value}
How many instruments are used in The Carnival of the Animals score?,SELECT (COUNT(?obj) AS ?value ) { wd:Q941724 wdt:P870 ?obj }
What is the temporal range start and the parent taxon of Animal ?,SELECT ?ans_1 ?ans_2 WHERE { wd:Q729 wdt:P523 ?ans_1 . wd:Q729 wdt:P171 ?ans_2 }
When did David Beckham receive the PFA Team of the Year award?,SELECT ?value WHERE { wd:Q10520 p:P166 ?s . ?s ps:P166 wd:Q2044044 . ?s pq:P585 ?value}
Which academic degree did Bjarne Stroustrup earn from the University of Cambridge?,SELECT ?value WHERE { wd:Q92620 p:P69 ?s . ?s ps:P69 wd:Q35794 . ?s pq:P512 ?value}
"What is the private, not-for-profit school for the archives of Jefferson Davis?",select distinct ?obj where { wd:Q162269 wdt:P485 ?obj . ?obj wdt:P31 wd:Q23002054 }
What is the twin town of George Cukor's native home?,SELECT ?answer WHERE { wd:Q56014 wdt:P19 ?X . ?X wdt:P190 ?answer}
When did the Rostov-on-Don start as the twinned administrative body as Gera?,SELECT ?value WHERE { wd:Q908 p:P190 ?s . ?s ps:P190 wd:Q3750 . ?s pq:P580 ?value}
What drug caused the death of Calvin Coolidge?,SELECT ?answer WHERE { wd:Q36023 wdt:P509 ?X . ?X wdt:P2176 ?answer}
What is the Greek mythology of Odysseus's murder?,select distinct ?sbj where { ?sbj wdt:P157 wd:Q47231 . ?sbj wdt:P31 wd:Q22988604 }
What is the next steel bridge crossing upstream of London Bridge?,select distinct ?obj where { wd:Q130206 wdt:P2673 ?obj . ?obj wdt:P31 wd:Q12042110 }
How is silk fabricated?,select distinct ?obj where { wd:Q37681 wdt:P2079 ?obj . ?obj wdt:P31 wd:Q29028649 }
Name an art that starts with the letter T,"SELECT DISTINCT ?sbj ?sbj_label WHERE { ?sbj wdt:P31 wd:Q735 . ?sbj rdfs:label ?sbj_label . FILTER(STRSTARTS(lcase(?sbj_label), 't')) . FILTER (lang(?sbj_label) = 'en') } LIMIT 25"
Mention the genetic codon enlisted in the L-Arginine,select distinct ?obj where { wd:Q173670 wdt:P702 ?obj . ?obj wdt:P31 wd:Q165052 }
What are some of the signs of HN-1?,SELECT ?answer WHERE { wd:Q5635296 wdt:P1542 ?X . ?X wdt:P780 ?answer}
What did wives composed Please Don't Eat the Daisies?,SELECT ?answer WHERE { wd:Q2698658 wdt:P86 ?X . ?X wdt:P26 ?answer}
What is the name of a feminist movement that has the word wereldvrouwenmars their name.,"SELECT DISTINCT ?sbj ?sbj_label WHERE { ?sbj wdt:P31 wd:Q15580856 . ?sbj rdfs:label ?sbj_label . FILTER(CONTAINS(lcase(?sbj_label), 'wereldvrouwenmars')) . FILTER (lang(?sbj_label) = 'en') } LIMIT 25"
How many people in Japan are considered ethnic Japanese?,SELECT ?value WHERE { wd:Q17 p:P172 ?s . ?s ps:P172 wd:Q161652 . ?s pq:P1107 ?value}
what did him give himself the pseudonym france gall?,"SELECT ?value WHERE { wd:Q208258 p:P742 ?s . ?s ps:P742 ?x filter(contains(?x,'France Gall')) . ?s pq:P138 ?value}"
Who is the head of country (or state)?,select distinct ?sbj where { ?sbj wdt:P35 wd:Q22686 . ?sbj wdt:P31 wd:Q6256 }
Which Russian arena has the highest capacity?,select ?ent where { ?ent wdt:P31 wd:Q641226 . ?ent wdt:P1083 ?obj . ?ent wdt:P17 wd:Q159 } ORDER BY DESC(?obj)LIMIT 5
Tell me the history of a country or state that starts with the letter h,"SELECT DISTINCT ?sbj ?sbj_label WHERE { ?sbj wdt:P31 wd:Q17544377 . ?sbj rdfs:label ?sbj_label . FILTER(STRSTARTS(lcase(?sbj_label), 'h')) . FILTER (lang(?sbj_label) = 'en') } LIMIT 25"
When was Ronald Fisher nominated for the Nobel Prize in Physiology or Medicine?,SELECT ?value WHERE { wd:Q216723 p:P1411 ?s . ?s ps:P1411 wd:Q80061 . ?s pq:P585 ?value}
Who signed the Declaration of Independence?,select distinct ?obj where { wd:Q127912 wdt:P1891 ?obj . ?obj wdt:P31 wd:Q5 }
which series ordinal of osmium tetroxide has ionization energy of 12.6?,"SELECT ?value WHERE { wd:Q422021 p:P2260 ?s . ?s ps:P2260 ?x filter(contains(?x,'12.6')) . ?s pq:P1545 ?value}"
Who wrote the notable work Doctor Who?,SELECT (COUNT(?sub) AS ?value ) { ?sub wdt:P800 wd:Q34316 }
What is the next lowest rank below pope?,select distinct ?obj where { wd:Q19546 wdt:P3729 ?obj . ?obj wdt:P31 wd:Q4164871 }
What tributary is on lake Saint Martin?,SELECT ?answer WHERE { wd:Q25596 wdt:P206 ?X . ?X wdt:P974 ?answer}
Who is in the cast members of The X Files,select distinct ?obj where { wd:Q2744 wdt:P161 ?obj . ?obj wdt:P31 wd:Q5 }
In what television show did Jennifer Lopez play a character named Lynn?,SELECT ?value WHERE { wd:Q40715 p:P735 ?s . ?s ps:P735 wd:Q3841018 . ?s pq:P1545 ?value}
Who is the grandnephew of Sixtus IV?,SELECT ?obj WHERE { wd:Q163514 p:P1038 ?s . ?s ps:P1038 ?obj . ?s pq:P1039 wd:Q4113832 }
What is {zip code} of {workplace} of {Cornelia Funke} ?,SELECT ?answer WHERE { wd:Q57971 wdt:P937 ?X . ?X wdt:P281 ?answer}
How many hair colors are orange?,SELECT (COUNT(?sub) AS ?value ) { ?sub wdt:P1884 wd:Q39338 }
How many surface tensions are there for ethyl acetate?,SELECT (COUNT(?obj) AS ?value ) { wd:Q407153 wdt:P3013 ?obj }
What is the record label tent?,SELECT (COUNT(?sub) AS ?value ) { ?sub wdt:P264 wd:Q170544 }
Which non-negative integer is the opposite of 0?,select distinct ?sbj where { ?sbj wdt:P461 wd:Q204 . ?sbj wdt:P31 wd:Q28920052 }
who office held of developer of apollo and daphne?,SELECT ?answer WHERE { wd:Q945850 wdt:P88 ?X . ?X wdt:P39 ?answer}
Give me a female idol group that starts with the letter z.,"SELECT DISTINCT ?sbj ?sbj_label WHERE { ?sbj wdt:P31 wd:Q11446438 . ?sbj rdfs:label ?sbj_label . FILTER(STRSTARTS(lcase(?sbj_label), 'z')) . FILTER (lang(?sbj_label) = 'en') } LIMIT 25"
Who is the daughter of the Unfinished Symphony's film director?,SELECT ?answer WHERE { wd:Q7884354 wdt:P57 ?X . ?X wdt:P22 ?answer}
How many times did Catherine Breillat direct?,SELECT (COUNT(?sub) AS ?value ) { ?sub wdt:P57 wd:Q289054 }
What are the { replacements } for { Mohammad Mosaddegh } as { Prime Minister of Iran }?,SELECT ?value WHERE { wd:Q123037 p:P39 ?s . ?s ps:P39 wd:Q13561063 . ?s pq:P1365 ?value}
when is the {end time} for {Luis Miguel Dominguín} has {spouse} as {Lucia Bosè} ?,SELECT ?value WHERE { wd:Q745388 p:P26 ?s . ?s ps:P26 wd:Q267724 . ?s pq:P582 ?value}
Why are books writen about Salvador Dali,SELECT ?answer WHERE { wd:Q5577 wdt:P800 ?X . ?X wdt:P180 ?answer}
How many commanders does Erich von Manstein have?,SELECT (COUNT(?obj) AS ?value ) { wd:Q57135 wdt:P598 ?obj }
Which platinum isotope has the most excess mass?,select ?ent where { ?ent wdt:P31 wd:Q19475 . ?ent wdt:P2160 ?obj } ORDER BY DESC(?obj)LIMIT 5
What was the population of Burundi in 1992?,"SELECT ?obj WHERE { wd:Q967 p:P1082 ?s . ?s ps:P1082 ?obj . ?s pq:P585 ?x filter(contains(YEAR(?x),'1992')) }"
Where in the bible can you find the book of David?,select distinct ?obj where { wd:Q41370 wdt:P1441 ?obj . ?obj wdt:P31 wd:Q29154430 }
In the history of Algebra what is the Universal Decimal Classification?,SELECT ?answer WHERE { wd:Q5018842 wdt:P1269 ?X . ?X wdt:P1190 ?answer}
what is land-grant university starts with v,"SELECT DISTINCT ?sbj ?sbj_label WHERE { ?sbj wdt:P31 wd:Q615150 . ?sbj rdfs:label ?sbj_label . FILTER(STRSTARTS(lcase(?sbj_label), 'v')) . FILTER (lang(?sbj_label) = 'en') } LIMIT 25"
What are thegroup or class of chemical substances which start with the letter vitamin,"SELECT DISTINCT ?sbj ?sbj_label WHERE { ?sbj wdt:P31 wd:Q17339814 . ?sbj rdfs:label ?sbj_label . FILTER(CONTAINS(lcase(?sbj_label), 'vitamin')) . FILTER (lang(?sbj_label) = 'en') } LIMIT 25"
When has Košice been doing as head of government since 2010-12-21?,"SELECT ?obj WHERE { wd:Q25409 p:P6 ?s . ?s ps:P6 ?obj . ?s pq:P580 ?x filter(contains(YEAR(?x),'2010')) }"
Who gave the {co-founded by} of {has designer} of {RIM-116 Rolling Airframe Missile} ?,SELECT ?answer WHERE { wd:Q1060737 wdt:P287 ?X . ?X wdt:P112 ?answer}
"What Spiegel im Spiegel composition has received the ""Honorary doctor of the university of Liege"" award?",SELECT ?answer WHERE { wd:Q517901 wdt:P86 ?answer . ?answer wdt:P166 wd:Q23700921}
What was the political ideology of the KKK and where was its birthplace?,SELECT ?ans_1 ?ans_2 WHERE { wd:Q47131 wdt:P740 ?ans_1 . wd:Q47131 wdt:P1142 ?ans_2 }
How many languages is Odia fluent in?,SELECT (COUNT(?sub) AS ?value ) { ?sub wdt:P1412 wd:Q33810 }
What government of Navarre began on 9-18-1996?,"SELECT ?obj WHERE { wd:Q4018 p:P6 ?s . ?s ps:P6 ?obj . ?s pq:P580 ?x filter(contains(YEAR(?x),'1996')) }"
What was the {manner of death} and the {cause of death} of {Paul_Allen} ?,SELECT ?ans_1 ?ans_2 WHERE { wd:Q162005 wdt:P1196 ?ans_1 . wd:Q162005 wdt:P509 ?ans_2 }
"What is Stephen Hillenburg's middle name, that is that same as Stefan?",SELECT ?answer WHERE { wd:Q318750 wdt:P735 ?answer . ?answer wdt:P460 wd:Q17496650}
"Who coined the term ""Basic English"" and used the pseudonym Adelyne More?","SELECT ?answer WHERE { wd:Q26746 wdt:P61 ?answer . ?answer wdt:P742 ?x FILTER(contains(?x,'Adelyne More'))}"
What are the Avion which start with the letter washington,"SELECT DISTINCT ?sbj ?sbj_label WHERE { ?sbj wdt:P31 wd:Q13393265 . ?sbj rdfs:label ?sbj_label . FILTER(CONTAINS(lcase(?sbj_label), 'washington')) . FILTER (lang(?sbj_label) = 'en') } LIMIT 25"
When did Antoine Laurent Lavoisier cease to be a citizen of the French Republic?,SELECT ?value WHERE { wd:Q39607 p:P27 ?s . ?s ps:P27 wd:Q58296 . ?s pq:P582 ?value}
When was Samuel Adams became the Governor of Massachusetts?,SELECT ?value WHERE { wd:Q212963 p:P39 ?s . ?s ps:P39 wd:Q887117 . ?s pq:P580 ?value}
What people are assocated with Al-Andalus and start with the letter A?,"SELECT DISTINCT ?sbj ?sbj_label WHERE { ?sbj wdt:P31 wd:Q2221906 . ?sbj wdt:P1792 wd:Q9073671 . ?sbj rdfs:label ?sbj_label . FILTER(STRSTARTS(lcase(?sbj_label), 'a')) . FILTER (lang(?sbj_label) = 'en') } LIMIT 25"
What inspires the sidekick of Sebastian?,SELECT ?answer WHERE { wd:Q7885388 wdt:P2546 ?X . ?X wdt:P941 ?answer}
Who was made advisor of Madonna with child and saints?,SELECT ?answer WHERE { wd:Q3842726 wdt:P170 ?X . ?X wdt:P1066 ?answer}
What is composed by Thaïs? Who is the child of Alexis Massenet?,SELECT ?answer WHERE { wd:Q1144467 wdt:P86 ?answer . ?answer wdt:P22 wd:Q20895527}
Which award is received by Chris Thile for his work in Bass & Mandolin?,SELECT ?obj WHERE { wd:Q596779 p:P166 ?s . ?s ps:P166 ?obj . ?s pq:P1686 wd:Q19158992 }
What is Q48460 of  the antonym  of virtue ?,SELECT ?answer WHERE { wd:Q157811 wdt:P461 ?X . ?X wdt:P1036 ?answer}
What award did Dmitry Khvorostovsky achieve in 1991?,"SELECT ?obj WHERE { wd:Q333201 p:P166 ?s . ?s ps:P166 ?obj . ?s pq:P585 ?x filter(contains(YEAR(?x),'1991')) }"
What is the name of the French Constitution ?,"SELECT DISTINCT ?sbj ?sbj_label WHERE { ?sbj wdt:P31 wd:Q7755 . ?sbj rdfs:label ?sbj_label . FILTER(CONTAINS(lcase(?sbj_label), 'french')) . FILTER (lang(?sbj_label) = 'en') } LIMIT 25"
What are the military operation which start with the letter o,"SELECT DISTINCT ?sbj ?sbj_label WHERE { ?sbj wdt:P31 wd:Q645883 . ?sbj rdfs:label ?sbj_label . FILTER(STRSTARTS(lcase(?sbj_label), 'o')) . FILTER (lang(?sbj_label) = 'en') } LIMIT 25"
"What is the last name of Carlos Vives, whose language is Spanish?",SELECT ?answer WHERE { wd:Q965888 wdt:P734 ?answer . ?answer wdt:P407 wd:Q1321}
Which synonym has the longest gestation period?,select ?ent where { ?ent wdt:P31 wd:Q1040689 . ?ent wdt:P3063 ?obj } ORDER BY DESC(?obj)LIMIT 5
When did William Petty stop being UK Prime Minister?,SELECT ?value WHERE { wd:Q312573 p:P39 ?s . ?s ps:P39 wd:Q14211 . ?s pq:P582 ?value}
Until when was W.G. Grace a member of sports team in London County Cricket Club?,SELECT ?value WHERE { wd:Q616068 p:P54 ?s . ?s ps:P54 wd:Q6670295 . ?s pq:P582 ?value}
What continent did Paco Moncayo have fidelity to?,SELECT ?answer WHERE { wd:Q2335730 wdt:P945 ?X . ?X wdt:P30 ?answer}
What is Jerry Sienfeld's  fictional company?,select distinct ?sbj where { ?sbj wdt:P170 wd:Q215506 . ?sbj wdt:P31 wd:Q5446565 }
What part of Malmö has an area of 2.371?,"SELECT ?value WHERE { wd:Q2211 p:P2046 ?s . ?s ps:P2046 ?x filter(contains(?x,'2.371')) . ?s pq:P518 ?value}"
"""What is the treats disease of bismuth whose treatment is Trovafloxacin?",SELECT ?answer WHERE { wd:Q942 wdt:P2175 ?answer . ?answer wdt:P2176 wd:Q544393}
What is Gerard way's occupation and country of citizenship?,SELECT ?ans_1 ?ans_2 WHERE { wd:Q204132 wdt:P27 ?ans_1 . wd:Q204132 wdt:P106 ?ans_2 }
Who is Ferdinand II of Aragon's son-in-law?,SELECT ?obj WHERE { wd:Q12860 p:P1038 ?s . ?s ps:P1038 ?obj . ?s pq:P1039 wd:Q3752578 }
Name the Japanese television drama on the Doraeman network with the least seasons ?,select ?ent where { ?ent wdt:P31 wd:Q399811 . ?ent wdt:P2437 ?obj . ?ent wdt:P449 wd:Q864910. } ORDER BY ASC(?obj)LIMIT 5
WHICH IS THE ICE HOCKEY TOURNAMENT THAT CONTAINS THE WORD TROPHY IN THEIR NAME,"SELECT DISTINCT ?sbj ?sbj_label WHERE { ?sbj wdt:P31 wd:Q18325242 . ?sbj rdfs:label ?sbj_label . FILTER(CONTAINS(lcase(?sbj_label), 'trophy')) . FILTER (lang(?sbj_label) = 'en') } LIMIT 25"
How many work locations are for Hans Hofmann?,SELECT (COUNT(?obj) AS ?value ) { wd:Q215461 wdt:P937 ?obj }
Who was the first James Irwin named James?,SELECT ?value WHERE { wd:Q297801 p:P735 ?s . ?s ps:P735 wd:Q677191 . ?s pq:P1545 ?value}
What was the population of South Dakota in the year 2000?,"SELECT ?obj WHERE { wd:Q1211 p:P1082 ?s . ?s ps:P1082 ?obj . ?s pq:P585 ?x filter(contains(YEAR(?x),'2000')) }"
Who is the son written by Devi?,SELECT ?answer WHERE { wd:Q640276 wdt:P86 ?X . ?X wdt:P22 ?answer}
Who is the {parent taxon} and {this taxon is source of} of {Turtle} ?,SELECT ?ans_1 ?ans_2 WHERE { wd:Q223044 wdt:P171 ?ans_1 . wd:Q223044 wdt:P1672 ?ans_2 }
In what position did Jean-Antoine-Nicolas de Caritat de Condorcet replace Jean-Paul Grandjean de Fouchy?,SELECT ?obj WHERE { wd:Q201477 p:P39 ?s . ?s ps:P39 ?obj . ?s pq:P1365 wd:Q3168514 }
"What is the endemism of the lyrebird, which has diplomatic relation in Belgium?",SELECT ?answer WHERE { wd:Q214096 wdt:P183 ?answer . ?answer wdt:P530 wd:Q31}
For what reason Gene Kelly was in nomination for Anchors Aweigh?,SELECT ?obj WHERE { wd:Q73089 p:P1411 ?s . ?s ps:P1411 ?obj . ?s pq:P1686 wd:Q542988 }
How many people have been inspired by Batman?,SELECT (COUNT(?obj) AS ?value ) { wd:Q2695156 wdt:P941 ?obj }
"what is the honours of Fred Astaire, that has leader of James Mason ?",SELECT ?answer WHERE { wd:Q100937 wdt:P166 ?answer . ?answer wdt:P1346 wd:Q209186}
Who is the participant of Ludmilla Tourischeva awarded Olympic silver medal?,SELECT ?obj WHERE { wd:Q231516 p:P1344 ?s . ?s ps:P1344 ?obj . ?s pq:P166 wd:Q15889641 }
What is award received from Rekha  that is point in time  is  1997 - 0 - 0 ?,"SELECT ?obj WHERE { wd:Q465826 p:P166 ?s . ?s ps:P166 ?obj . ?s pq:P585 ?x filter(contains(YEAR(?x),'1997')) }"
Which monetary authority on the Singapore dollar has the lowest target interest rate ?,select ?ent where { ?ent wdt:P31 wd:Q6899005 . ?ent wdt:P2661 ?obj . ?ent wdt:P38 wd:Q190951} ORDER BY ASC(?obj)LIMIT 5
What component of a Bloody Mary is served in a highball glass?,SELECT ?value WHERE { wd:Q207711 p:P186 ?s . ?s ps:P186 wd:Q4131010 . ?s pq:P518 ?value}
In what location was Xu Fu born that has the logitude of 118.3?,"SELECT ?answer WHERE { wd:Q700302 wdt:P19 ?answer . ?answer wdt:P625 ?x FILTER(contains(?x,'118.3'))}"
tell  me American football team that home venue Lambeau Field  name has the  the word bay in it,"SELECT DISTINCT ?sbj ?sbj_label WHERE { ?sbj wdt:P31 wd:Q17156793 . ?sbj wdt:P115 wd:Q860790 . ?sbj rdfs:label ?sbj_label . FILTER(CONTAINS(lcase(?sbj_label), 'bay')) . FILTER (lang(?sbj_label) = 'en') } LIMIT 25"
What is the first in the series of Once Upon a Time in the West?,"SELECT ?obj WHERE { wd:Q168154 p:P179 ?s . ?s ps:P179 ?obj . ?s pq:P1545 ?x filter(contains(?x,'1')) }"
Who is the {factory} for {product or material produced} of {butter},select distinct ?sbj where { ?sbj wdt:P1056 wd:Q34172 . ?sbj wdt:P31 wd:Q83405 }
Which standards organization oversees the development of Structured Query Language?,select distinct ?obj where { wd:Q47607 wdt:P178 ?obj . ?obj wdt:P31 wd:Q1328899 }
What college did Virgil Thomson attend?,SELECT ?answer WHERE { wd:Q544485 wdt:P69 ?X . ?X wdt:P355 ?answer}
Which team did Serge Blanco start on in 1/1/1984?,"SELECT ?obj WHERE { wd:Q1322456 p:P54 ?s . ?s ps:P54 ?obj . ?s pq:P580 ?x filter(contains(YEAR(?x),'1984')) }"
"In Harry Potter, what does the term pureblood mean?",select distinct ?obj where { wd:Q8337 wdt:P674 ?obj . ?obj wdt:P31 wd:Q12372870 }
How many executives held by the capital state {Romania} ?,SELECT (COUNT(?obj) AS ?value ) { wd:Q218 wdt:P1906 ?obj }
Who are the publishers for Civilization?,SELECT (COUNT(?obj) AS ?value ) { wd:Q1868663 wdt:P123 ?obj }
What is the name of Thomas Jefferson's residence?,select distinct ?obj where { wd:Q11812 wdt:P551 ?obj . ?obj wdt:P31 wd:Q188913 }
What woodcut print is depicted by the Tower of Babel?,select distinct ?obj where { wd:Q41213 wdt:P1299 ?obj . ?obj wdt:P31 wd:Q18219090 }
When was Brigham Young no longer married to Ann Eliza Young?,SELECT ?value WHERE { wd:Q203559 p:P26 ?s . ?s ps:P26 wd:Q3617629 . ?s pq:P582 ?value}
Who became the head of the government of Vaduz on 2017-1-0?,"SELECT ?obj WHERE { wd:Q1844 p:P6 ?s . ?s ps:P6 ?obj . ?s pq:P580 ?x filter(contains(YEAR(?x),'2007')) }"
Which is the national mission of Mary Higgins Clark?,SELECT ?answer WHERE { wd:Q231736 wdt:P27 ?X . ?X wdt:P1451 ?answer}
Tell me language family whose name has the word quechua in it.,"SELECT DISTINCT ?sbj ?sbj_label WHERE { ?sbj wdt:P31 wd:Q25295 . ?sbj rdfs:label ?sbj_label . FILTER(CONTAINS(lcase(?sbj_label), 'quechua')) . FILTER (lang(?sbj_label) = 'en') } LIMIT 25"
"Palauli forms part of the capital of Apia, give the complete place name.",SELECT ?answer WHERE { wd:Q36260 wdt:P1376 ?answer . ?answer wdt:P150 wd:Q1147216}
Tell me the holiday that starts with the letter w,"SELECT DISTINCT ?sbj ?sbj_label WHERE { ?sbj wdt:P31 wd:Q1445650 . ?sbj rdfs:label ?sbj_label . FILTER(STRSTARTS(lcase(?sbj_label), 'w')) . FILTER (lang(?sbj_label) = 'en') } LIMIT 25"
Tell me phase whose name has the word hydrogen in it.,"SELECT DISTINCT ?sbj ?sbj_label WHERE { ?sbj wdt:P31 wd:Q104837 . ?sbj rdfs:label ?sbj_label . FILTER(CONTAINS(lcase(?sbj_label), 'hydrogen')) . FILTER (lang(?sbj_label) = 'en') } LIMIT 25"
who next to lake of  the principal area  of university of medical Sciences and technology ?,SELECT ?answer WHERE { wd:Q7895723 wdt:P131 ?X . ?X wdt:P206 ?answer}
What is the ship with the lowest payload mass whose manufacturer is ERROR1?,select ?ent where { ?ent wdt:P31 wd:Q11446 . ?ent wdt:P4519 ?obj . ?ent wdt:P176 wd:Q16606610} ORDER BY ASC(?obj)LIMIT 5
Name the newest NMHH rating category that replaces category IV?,select ?ent where { ?ent wdt:P31 wd:Q23683425 . ?ent wdt:P2899 ?obj . ?ent wdt:P1365 wd:Q23830579} ORDER BY ASC(?obj)LIMIT 5
What is Sammantha Teuscher's line of work?,SELECT ?answer WHERE { wd:Q11999315 wdt:P106 ?X . ?X wdt:P425 ?answer}
What research institute is a subsidiary of Brown University?,select distinct ?obj where { wd:Q49114 wdt:P355 ?obj . ?obj wdt:P31 wd:Q31855 }
"When did Nancy Astor, Viscountess Astor, held the position of Member of the 37th Parliament of the United Kingdom?",SELECT ?value WHERE { wd:Q195013 p:P39 ?s . ?s ps:P39 wd:Q41582593 . ?s pq:P580 ?value}
"""Which exchange of Nokia, is shown in Die Hard with a Vengeance?""",SELECT ?answer WHERE { wd:Q1418 wdt:P414 ?answer . ?answer wdt:P1441 wd:Q106871}
What is the inspiration and influence of the Statue of Liberty?,SELECT ?ans_1 ?ans_2 WHERE { wd:Q9202 wdt:P941 ?ans_1 . wd:Q9202 wdt:P737 ?ans_2 }
"Name a yearly celebration occuring during the winter solctice that contains the word ""yule"" in its name","SELECT DISTINCT ?sbj ?sbj_label WHERE { ?sbj wdt:P31 wd:Q200538 . ?sbj wdt:P837 wd:Q207932 . ?sbj rdfs:label ?sbj_label . FILTER(CONTAINS(lcase(?sbj_label), 'yule')) . FILTER (lang(?sbj_label) = 'en') } LIMIT 25"
"Who is the daughter of Great Britain's King George II, that married to Frederick II and was the Landgrave of Hesse-Kassel?",SELECT ?answer WHERE { wd:Q131981 wdt:P40 ?answer . ?answer wdt:P26 wd:Q454473}
What is the record label and genre of Soundgarden?,SELECT ?ans_1 ?ans_2 WHERE { wd:Q174817 wdt:P264 ?ans_1 . wd:Q174817 wdt:P136 ?ans_2 }
What are the lunar calendar which start with the letter calendar,"SELECT DISTINCT ?sbj ?sbj_label WHERE { ?sbj wdt:P31 wd:Q185688 . ?sbj rdfs:label ?sbj_label . FILTER(CONTAINS(lcase(?sbj_label), 'calendar')) . FILTER (lang(?sbj_label) = 'en') } LIMIT 25"
Which is the business with the headquarters location in Barcelona?,select distinct ?sbj where { ?sbj wdt:P159 wd:Q1492 . ?sbj wdt:P31 wd:Q4830453 }
What is the players maximum number of plays in World Chess Championship?,SELECT ?answer WHERE { wd:Q190042 wdt:P641 ?X . ?X wdt:P1873 ?answer}
"Who is the co-founder of publishing house of Journal of experimental psychology, human learning and memory?",SELECT ?answer WHERE { wd:Q27711480 wdt:P123 ?X . ?X wdt:P112 ?answer}
In what year did William Bateson give a Croonian Lecture?,SELECT ?value WHERE { wd:Q297302 p:P166 ?s . ?s ps:P166 wd:Q1192912 . ?s pq:P585 ?value}
Princeton University has how many parent organization?,SELECT (COUNT(?sub) AS ?value ) { ?sub wdt:P749 wd:Q21578 }
"""Who is {developer} of {quicksort}, which has {doctoral student} is {Augusto Sampaio} ?""",SELECT ?answer WHERE { wd:Q486598 wdt:P61 ?answer . ?answer wdt:P185 wd:Q16466596}
Who owns NSDAP?,SELECT (COUNT(?sub) AS ?value ) { ?sub wdt:P127 wd:Q7320 }
What is the work location of Bilbao?,select distinct ?sbj where { ?sbj wdt:P937 wd:Q8692 . ?sbj wdt:P31 wd:Q5 }
In which barley wine contains the maximum of alcohol by volume?,select ?ent where { ?ent wdt:P31 wd:Q808329 . ?ent wdt:P2665 ?obj } ORDER BY DESC(?obj)LIMIT 5
What is the border of Georgia that has the UTC-06:00 timezone?,SELECT ?answer WHERE { wd:Q1428 wdt:P47 ?answer . ?answer wdt:P421 wd:Q5385}
Mention the source composition of sweetbread.,SELECT ?answer WHERE { wd:Q49951 wdt:P1582 ?X . ?X wdt:P1672 ?answer}
Who is the biggest musical influence of Needles?,SELECT ?answer WHERE { wd:Q6039366 wdt:P175 ?X . ?X wdt:P737 ?answer}
"Who, named after Bio-Savart law, died on 1862-2-3?","SELECT ?answer WHERE { wd:Q171340 wdt:P138 ?answer . ?answer wdt:P570 ?x FILTER(contains(YEAR(?x),'1862'))}"
What is the family name for writing the Hebrew alphabet,select distinct ?sbj where { ?sbj wdt:P282 wd:Q33513 . ?sbj wdt:P31 wd:Q101352 }
How much language is in Dutch?,SELECT (COUNT(?sub) AS ?value ) { ?sub wdt:P1412 wd:Q7411 }
TELL ME THE CREATION MYTH THAT CONTAINS THE WORD DEAMTIME IN THEIR NAME,"SELECT DISTINCT ?sbj ?sbj_label WHERE { ?sbj wdt:P31 wd:Q215304 . ?sbj rdfs:label ?sbj_label . FILTER(CONTAINS(lcase(?sbj_label), 'dreamtime')) . FILTER (lang(?sbj_label) = 'en') } LIMIT 25"
For what accolade was William Somerset Maugham nominated on 1964-1-1?,"SELECT ?obj WHERE { wd:Q134942 p:P1411 ?s . ?s ps:P1411 ?obj . ?s pq:P585 ?x filter(contains(YEAR(?x),'1964')) }"
Tell me ceremonial county of England whose name has the word yorkshire in it.,"SELECT DISTINCT ?sbj ?sbj_label WHERE { ?sbj wdt:P31 wd:Q180673 . ?sbj rdfs:label ?sbj_label . FILTER(CONTAINS(lcase(?sbj_label), 'yorkshire')) . FILTER (lang(?sbj_label) = 'en') } LIMIT 25"
How many {numeric values} are there for {pi}?,SELECT (COUNT(?obj) AS ?value ) { wd:Q167 wdt:P1181 ?obj }
What is the biomedical measurement for the medical condition treated by phenol?,select distinct ?obj where { wd:Q130336 wdt:P2175 ?obj . ?obj wdt:P31 wd:Q42014143 }
What award did Renee Zellweger receive in 2004?,"SELECT ?obj WHERE { wd:Q122614 p:P166 ?s . ?s ps:P166 ?obj . ?s pq:P585 ?x filter(contains(YEAR(?x),'2004')) }"
When was Irving Langmuir nominated for a Nobel Prize in Chemistry?,SELECT ?value WHERE { wd:Q184286 p:P1411 ?s . ?s ps:P1411 wd:Q44585 . ?s pq:P585 ?value}
what is the character role for seventeen moments of spring has cast member as nikolay prokopovich?,SELECT ?value WHERE { wd:Q472018 p:P161 ?s . ?s ps:P161 wd:Q4380349 . ?s pq:P453 ?value}
Which cooperative bank that is a member of Bundesverband der Deutschen Volksbanken und Raiffeisenbanken has the most employees ?,select ?ent where { ?ent wdt:P31 wd:Q3277997 . ?ent wdt:P1128 ?obj . ?ent wdt:P463 wd:Q1009029 } ORDER BY DESC(?obj)LIMIT 5
how many cites are in a mathematical theory of communication?,SELECT (COUNT(?sub) AS ?value ) { ?sub wdt:P2860 wd:Q724029 }
What award did Hilary Mantel receive on 1-1-2009?,"SELECT ?obj WHERE { wd:Q465700 p:P166 ?s . ?s ps:P166 ?obj . ?s pq:P585 ?x filter(contains(YEAR(?x),'2009')) }"
Which man founded LaVeyan Satanism?,SELECT ?answer WHERE { wd:Q256223 wdt:P112 ?answer . ?answer wdt:P21 wd:Q6581097}
"What fan convention starts with the letter ""v""?","SELECT DISTINCT ?sbj ?sbj_label WHERE { ?sbj wdt:P31 wd:Q1129398 . ?sbj rdfs:label ?sbj_label . FILTER(STRSTARTS(lcase(?sbj_label), 'v')) . FILTER (lang(?sbj_label) = 'en') } LIMIT 25"
What was the sixth position that Samuel Pepys held?,"SELECT ?obj WHERE { wd:Q106143 p:P39 ?s . ?s ps:P39 ?obj . ?s pq:P1545 ?x filter(contains(?x,'6')) }"
"What is the Wylie transliteration for Abhidharma, that is labelled as མཛོད་ཕུག?","SELECT ?value WHERE { wd:Q612405 p:P1705 ?s . ?s ps:P1705 ?x filter(contains(?x,'མཛོད་ཕུག')) . ?s pq:P4187 ?value}"
"What was the unemployment rate in Germany as of March 1, 2014?","SELECT ?obj WHERE { wd:Q8046 p:P1198 ?s . ?s ps:P1198 ?obj . ?s pq:P585 ?x filter(contains(YEAR(?x),'2014')) }"
Which are the symptoms as the symptoms of the bipolar disorder?,select distinct ?obj where { wd:Q131755 wdt:P780 ?obj . ?obj wdt:P31 wd:Q169872 }
How long is a light-year?,SELECT ?answer WHERE { wd:Q531 wdt:P111 ?X . ?X wdt:P4020 ?answer}
When did Shire of Omeo stopped being part of the territory of Victoria?,SELECT ?value WHERE { wd:Q36687 p:P150 ?s . ?s ps:P150 wd:Q7498472 . ?s pq:P582 ?value}
Where did David Hume die?,SELECT ?answer WHERE { wd:Q37160 wdt:P20 ?X . ?X wdt:P190 ?answer}
What is succeded by Three Kingdoms whose used money is ancient Chinese coinage?,SELECT ?answer WHERE { wd:Q185043 wdt:P156 ?answer . ?answer wdt:P38 wd:Q4752816}
What is the MASL of the place of the death of Ibn Taymiyyah?,SELECT ?answer WHERE { wd:Q491558 wdt:P20 ?X . ?X wdt:P2044 ?answer}
What is the date commenced  developed by ICQ?,SELECT ?answer WHERE { wd:Q58166 wdt:P178 ?X . ?X wdt:P571 ?answer}
how is remake of makes use of Roman numerals?,SELECT ?answer WHERE { wd:Q38918 wdt:P2283 ?X . ?X wdt:P144 ?answer}
Who is Kenneth D. West Ph.D supervisor?,SELECT ?answer WHERE { wd:Q6390017 wdt:P184 ?X . ?X wdt:P185 ?answer}
Who are the language speakers of the language signed by Albert Renger-Patzsch?,SELECT ?answer WHERE { wd:Q62002 wdt:P1412 ?X . ?X wdt:P1098 ?answer}
Give me the series ordinal for the Lion King with film crew member Lisa Keene.,SELECT ?value WHERE { wd:Q36479 p:P3092 ?s . ?s ps:P3092 wd:Q3242412 . ?s pq:P1545 ?value}
How many tracklists are there for nevermind?,SELECT (COUNT(?obj) AS ?value ) { wd:Q17444 wdt:P658 ?obj }
"""What is name of John Foster Dulles Latin script that has alphabet?""",SELECT ?answer WHERE { wd:Q223677 wdt:P735 ?answer . ?answer wdt:P282 wd:Q8229}
what is book of the bible starts with s,"SELECT DISTINCT ?sbj ?sbj_label WHERE { ?sbj wdt:P31 wd:Q29154430 . ?sbj rdfs:label ?sbj_label . FILTER(STRSTARTS(lcase(?sbj_label), 's')) . FILTER (lang(?sbj_label) = 'en') } LIMIT 25"
"Name a language family that contains the word ""languages"" in its name","SELECT DISTINCT ?sbj ?sbj_label WHERE { ?sbj wdt:P31 wd:Q25295 . ?sbj wdt:P4132 wd:Q318917 . ?sbj rdfs:label ?sbj_label . FILTER(CONTAINS(lcase(?sbj_label), 'languages')) . FILTER (lang(?sbj_label) = 'en') } LIMIT 25"
What chateau is owned by Brad Pitt?,select distinct ?obj where { wd:Q35332 wdt:P1830 ?obj . ?obj wdt:P31 wd:Q751876 }
Who is the {geography of geographic location} for {geography of topic} of {Arab League},select distinct ?obj where { wd:Q7172 wdt:P2633 ?obj . ?obj wdt:P31 wd:Q46865913 }
Tell me the media player with a license of proprietary license and starts with the letter w?,"SELECT DISTINCT ?sbj ?sbj_label WHERE { ?sbj wdt:P31 wd:Q210337 . ?sbj wdt:P275 wd:Q3238057 . ?sbj rdfs:label ?sbj_label . FILTER(STRSTARTS(lcase(?sbj_label), 'w')) . FILTER (lang(?sbj_label) = 'en') } LIMIT 25"
What are the list of characters and the characters of Buffy the Vampire Slayer?,SELECT ?ans_1 ?ans_2 WHERE { wd:Q183513 wdt:P1881 ?ans_1 . wd:Q183513 wdt:P674 ?ans_2 }
What is {date of death} of {Al-Nawawi}? That is {instance of} is {statement with Gregorian date earlier than 1584}?,SELECT ?obj WHERE { wd:Q293571 p:P570 ?s . ?s ps:P570 ?obj . ?s pq:P31 wd:Q26961029 }
How many figures are worshipped by Norse mythology?,SELECT (COUNT(?sub) AS ?value ) { ?sub wdt:P1049 wd:Q128285 }
What award did Sidney Sheldon receive at the 20th Academy Awards?,SELECT ?obj WHERE { wd:Q105118 p:P166 ?s . ?s ps:P166 ?obj . ?s pq:P805 wd:Q303473 }
In what division is the service operator of Airbus A380?,SELECT ?answer WHERE { wd:Q5830 wdt:P137 ?X . ?X wdt:P199 ?answer}
"According to the registration office, what is the current population of Granada?",SELECT ?obj WHERE { wd:Q8810 p:P1082 ?s . ?s ps:P1082 ?obj . ?s pq:P459 wd:Q745221 }
"""Who is the {spouse} of {Lauryn Hill}, that has {craft} who is a {Canadian football player} ?""",SELECT ?answer WHERE { wd:Q214226 wdt:P26 ?answer . ?answer wdt:P106 wd:Q19841381}
What was the name of the spacecraft made for crew members of Alan Shepard?,select distinct ?sbj where { ?sbj wdt:P1029 wd:Q174979 . ?sbj wdt:P31 wd:Q7217761 }
TELL ME INTERNATIONAL SPORT GOVERNING BODY WHOSE NAME HAS THE WORD WORLD IN IT.,"SELECT DISTINCT ?sbj ?sbj_label WHERE { ?sbj wdt:P31 wd:Q11422536 . ?sbj rdfs:label ?sbj_label . FILTER(CONTAINS(lcase(?sbj_label), 'world')) . FILTER (lang(?sbj_label) = 'en') } LIMIT 25"
What award did Richard Rogers receive in the year 2006?,"SELECT ?obj WHERE { wd:Q237412 p:P166 ?s . ?s ps:P166 ?obj . ?s pq:P585 ?x filter(contains(YEAR(?x),'2006')) }"
Who is the employer of professor Fernand Braudel?,SELECT ?obj WHERE { wd:Q185105 p:P108 ?s . ?s ps:P108 ?obj . ?s pq:P39 wd:Q121594 }
"Where is the place of grave of Makarios III, founded in 1001-1-17?","SELECT ?answer WHERE { wd:Q153509 wdt:P119 ?answer . ?answer wdt:P571 ?x FILTER(contains(YEAR(?x),'1001'))}"
What whistleblowing platform did Julian Assange create?,select distinct ?sbj where { ?sbj wdt:P170 wd:Q360 . ?sbj wdt:P31 wd:Q1344897 }
What political party did Chen Shui-bian belong to in 1987-02-28?,"SELECT ?obj WHERE { wd:Q22368 p:P102 ?s . ?s ps:P102 ?obj . ?s pq:P580 ?x filter(contains(YEAR(?x),'1987')) }"
What are the foundational text and the history of topic of Islam?,SELECT ?ans_1 ?ans_2 WHERE { wd:Q432 wdt:P457 ?ans_1 . wd:Q432 wdt:P2184 ?ans_2 }
Which Class IB flammable liquid has the least lower flammable limit?,select ?ent where { ?ent wdt:P31 wd:Q21009055 . ?ent wdt:P2202 ?obj } ORDER BY DESC(?obj)LIMIT 5
what was michael jordans number?,SELECT (COUNT(?obj) AS ?value ) { wd:Q41421 wdt:P1618 ?obj }
who won by of honorary title of P. H. Newby ?,SELECT ?answer WHERE { wd:Q531194 wdt:P166 ?X . ?X wdt:P1346 ?answer}
What is the name of the winery Brad Pitt owns?,select distinct ?obj where { wd:Q35332 wdt:P1830 ?obj . ?obj wdt:P31 wd:Q156362 }
Tell me a specialty that starts with the letter w.,"SELECT DISTINCT ?sbj ?sbj_label WHERE { ?sbj wdt:P31 wd:Q1047113 . ?sbj rdfs:label ?sbj_label . FILTER(STRSTARTS(lcase(?sbj_label), 'w')) . FILTER (lang(?sbj_label) = 'en') } LIMIT 25"
Which is the ethnolect which starts with the letter p?,"SELECT DISTINCT ?sbj ?sbj_label WHERE { ?sbj wdt:P31 wd:Q951873 . ?sbj rdfs:label ?sbj_label . FILTER(STRSTARTS(lcase(?sbj_label), 'p')) . FILTER (lang(?sbj_label) = 'en') } LIMIT 25"
What is The Adventures of Tintin's country of orgin and the language used?,SELECT ?ans_1 ?ans_2 WHERE { wd:Q744536 wdt:P495 ?ans_1 . wd:Q744536 wdt:P407 ?ans_2 }
Which cosmonaut mission was Dick Scobee a crew member on?,SELECT ?answer WHERE { wd:Q320047 wdt:P450 ?X . ?X wdt:P1029 ?answer}
How many awards were the Palme d'Or nominated for?,SELECT (COUNT(?sub) AS ?value ) { ?sub wdt:P1411 wd:Q179808 }
When did Sophia Loren received an award as Telegatto?,SELECT ?value WHERE { wd:Q43252 p:P166 ?s . ?s ps:P166 wd:Q843823 . ?s pq:P585 ?value}
Wade H. McCree replaced Robert Bork in which position?,SELECT ?obj WHERE { wd:Q1365780 p:P39 ?s . ?s ps:P39 ?obj . ?s pq:P1366 wd:Q2538688 }
What was the population of Fortaleza in 1991?,"SELECT ?obj WHERE { wd:Q43463 p:P1082 ?s . ?s ps:P1082 ?obj . ?s pq:P585 ?x filter(contains(YEAR(?x),'1991')) }"
What genetic association caused John Gotti to die?,SELECT ?answer WHERE { wd:Q301646 wdt:P509 ?X . ?X wdt:P2293 ?answer}
Tell me asymmetric warfare  whose name has the word drug  in it.,"SELECT DISTINCT ?sbj ?sbj_label WHERE { ?sbj wdt:P31 wd:Q752673 . ?sbj rdfs:label ?sbj_label . FILTER(CONTAINS(lcase(?sbj_label), 'drug')) . FILTER (lang(?sbj_label) = 'en') } LIMIT 25"
Where was Catherine the Great born and died?,SELECT ?ans_1 ?ans_2 WHERE { wd:Q36450 wdt:P20 ?ans_1 . wd:Q36450 wdt:P19 ?ans_2 }
Who replaced Malcolm Turnbull as the Leader of the Opposition of Australia?,SELECT ?value WHERE { wd:Q927550 p:P39 ?s . ?s ps:P39 wd:Q2460433 . ?s pq:P1366 ?value}
does foreground depicts grande odalisque?,SELECT ?obj WHERE { wd:Q1978815 p:P180 ?s . ?s ps:P180 ?obj . ?s pq:P518 wd:Q2533752 }
When did the marriage of Jefferson and Varina Davis end?,SELECT ?value WHERE { wd:Q162269 p:P26 ?s . ?s ps:P26 wd:Q457993 . ?s pq:P582 ?value}
What academic degree did Samuel Johnson hold at the point in time that was 1775-0-0?,"SELECT ?obj WHERE { wd:Q183266 p:P512 ?s . ?s ps:P512 ?obj . ?s pq:P585 ?x filter(contains(YEAR(?x),'1775')) }"
"What are the standards developing organisation of IEEE 1394, that have subsidiary entities of IEEE Nuclear and Plasma Sciences Society?",SELECT ?answer WHERE { wd:Q181693 wdt:P1462 ?answer . ?answer wdt:P355 wd:Q3639101}
Who is the person with the hair color {purple} ?,SELECT (COUNT(?sub) AS ?value ) { ?sub wdt:P1884 wd:Q3257809 }
Tell me taxation whose name has the word sam in it.,"SELECT DISTINCT ?sbj ?sbj_label WHERE { ?sbj wdt:P31 wd:Q1964442 . ?sbj rdfs:label ?sbj_label . FILTER(CONTAINS(lcase(?sbj_label), 'tithe')) . FILTER (lang(?sbj_label) = 'en') } LIMIT 25"
"Which is the death place of Bjornstjerne Bjornson, that has local government areas in 11th arrondissement of paris?",SELECT ?answer WHERE { wd:Q46405 wdt:P20 ?answer . ?answer wdt:P150 wd:Q169293}
"What is the works for Richie Benaud, having recognition title of Satellite Award for Best Miniseries?",SELECT ?answer WHERE { wd:Q2739019 wdt:P108 ?answer . ?answer wdt:P166 wd:Q7426020}
What is the award that Daniel McFadden got with James Heckman?,SELECT ?obj WHERE { wd:Q312560 p:P166 ?s . ?s ps:P166 ?obj . ?s pq:P1706 wd:Q312561 }
Who is the {gene} for {genetic association} of {hepatitis C},select distinct ?sbj where { ?sbj wdt:P2293 wd:Q154869 . ?sbj wdt:P31 wd:Q7187 }
What award did Zadie Smith receive in 2006?,"SELECT ?obj WHERE { wd:Q140052 p:P166 ?s . ?s ps:P166 ?obj . ?s pq:P585 ?x filter(contains(YEAR(?x),'2006')) }"
What are the hypostasis which contains the word holy in their name,"SELECT DISTINCT ?sbj ?sbj_label WHERE { ?sbj wdt:P31 wd:Q651118 . ?sbj rdfs:label ?sbj_label . FILTER(CONTAINS(lcase(?sbj_label), 'holy')) . FILTER (lang(?sbj_label) = 'en') } LIMIT 25"
What are the Catholic cathedral which start with the letter saint,"SELECT DISTINCT ?sbj ?sbj_label WHERE { ?sbj wdt:P31 wd:Q56242215 . ?sbj rdfs:label ?sbj_label . FILTER(CONTAINS(lcase(?sbj_label), 'saint')) . FILTER (lang(?sbj_label) = 'en') } LIMIT 25"
Who is the {human} for {partner} of {Paul Thomas Anderson},select distinct ?obj where { wd:Q25132 wdt:P451 ?obj . ?obj wdt:P31 wd:Q5 }
How many types of orbits are with the {low Earth orbit} ?,SELECT (COUNT(?sub) AS ?value ) { ?sub wdt:P522 wd:Q663611 }
To Whom was Pamela Anderson married in the year 1995?,"SELECT ?obj WHERE { wd:Q83325 p:P26 ?s . ?s ps:P26 ?obj . ?s pq:P580 ?x filter(contains(YEAR(?x),'1995')) }"
What sovereign states does the US Declaration of Independence apply to,select distinct ?obj where { wd:Q127912 wdt:P1001 ?obj . ?obj wdt:P31 wd:Q3624078 }
"who are the film editor, director of Spirited_Away?",SELECT ?ans_1 ?ans_2 WHERE { wd:Q155653 wdt:P1040 ?ans_1 . wd:Q155653 wdt:P57 ?ans_2 }
Who was married to Lynn Margulis in June of 1957?,"SELECT ?obj WHERE { wd:Q234583 p:P26 ?s . ?s ps:P26 ?obj . ?s pq:P580 ?x filter(contains(YEAR(?x),'1957')) }"
who is the discoverer or inventor of gamma function?,select distinct ?obj where { wd:Q190573 wdt:P61 ?obj . ?obj wdt:P31 wd:Q5 }
what time does Martin Johnson start as a member of the England national rugby union team,SELECT ?value WHERE { wd:Q2036406 p:P54 ?s . ?s ps:P54 wd:Q378628 . ?s pq:P580 ?value}
What is {temperature} {on river} of {Iberian Peninsula} ?,SELECT ?answer WHERE { wd:Q12837 wdt:P206 ?X . ?X wdt:P2076 ?answer}
What is the {medical treatment} and the {symptoms} of {Ebola_virus_disease} ?,SELECT ?ans_1 ?ans_2 WHERE { wd:Q51993 wdt:P924 ?ans_1 . wd:Q51993 wdt:P780 ?ans_2 }
"What are the coordinates for the geographic center of Michigan, as determined by the center of gravity of the surface?",SELECT ?obj WHERE { wd:Q1166 p:P5140 ?s . ?s ps:P5140 ?obj . ?s pq:P459 wd:Q53329492 }
When did The Return of the Prodigal Son have significant sales?,SELECT ?value WHERE { wd:Q512755 p:P793 ?s . ?s ps:P793 wd:Q194189 . ?s pq:P585 ?value}
Who was Kim Basinger's husband until 2002?,"SELECT ?obj WHERE { wd:Q131380 p:P26 ?s . ?s ps:P26 ?obj . ?s pq:P582 ?x filter(contains(YEAR(?x),'2002')) }"
What is a phase change that starts with the letter s.,"SELECT DISTINCT ?sbj ?sbj_label WHERE { ?sbj wdt:P31 wd:Q185357 . ?sbj rdfs:label ?sbj_label . FILTER(STRSTARTS(lcase(?sbj_label), 's')) . FILTER (lang(?sbj_label) = 'en') } LIMIT 25"
Which {headquarters location} is {located in the administrative territorial entity} of {Princeton_University} ?,SELECT ?ans_1 ?ans_2 WHERE { wd:Q21578 wdt:P159 ?ans_1 . wd:Q21578 wdt:P131 ?ans_2 }
Where was the location of the Battle of Gettysburg and who were the participation that fought in that war?,SELECT ?ans_1 ?ans_2 WHERE { wd:Q33132 wdt:P710 ?ans_1 . wd:Q33132 wdt:P276 ?ans_2 }
On what lake is the Indian reserve of Thalang?,SELECT ?answer WHERE { wd:Q476875 wdt:P131 ?X . ?X wdt:P206 ?answer}
How many choreographs are by George Balanchine?,SELECT (COUNT(?sub) AS ?value ) { ?sub wdt:P1809 wd:Q310184 }
What is the position for the organization directed by the office of the African Union?,select distinct ?sbj where { ?sbj wdt:P2389 wd:Q7159 . ?sbj wdt:P31 wd:Q4164871 }
How was Don Lafontaine murdered?,SELECT ?answer WHERE { wd:Q449126 wdt:P509 ?X . ?X wdt:P1692 ?answer}
What is the { end time } for { Holy Roman Emperor Frederick II } as { Isabella II of Jerusalem }?,SELECT ?value WHERE { wd:Q130221 p:P26 ?s . ?s ps:P26 wd:Q233809 . ?s pq:P582 ?value}
What was Grazia Deledda nominated in 1921-1-1?,"SELECT ?obj WHERE { wd:Q7728 p:P1411 ?s . ?s ps:P1411 ?obj . ?s pq:P585 ?x filter(contains(YEAR(?x),'1921')) }"
"What gravitational-wave detector contains the word ""virgo"" in its name?","SELECT DISTINCT ?sbj ?sbj_label WHERE { ?sbj wdt:P31 wd:Q2302080 . ?sbj rdfs:label ?sbj_label . FILTER(CONTAINS(lcase(?sbj_label), 'virgo')) . FILTER (lang(?sbj_label) = 'en') } LIMIT 25"
Who fought against Scipio Africanus?,SELECT ?answer WHERE { wd:Q2253 wdt:P607 ?X . ?X wdt:P710 ?answer}
How many filming locations are located in Oxfordshire?,SELECT (COUNT(?sub) AS ?value ) { ?sub wdt:P915 wd:Q23169 }
What is the NFPA instability rating for carbon dioxide?,"SELECT ?obj WHERE { wd:Q1997 p:P4952 ?s . ?s ps:P4952 ?obj . ?s pq:P995 ?x filter(contains(?x,'0')) }"
When did Robert Ballard end his service in the United States Army?,SELECT ?value WHERE { wd:Q312867 p:P241 ?s . ?s ps:P241 wd:Q9212 . ?s pq:P582 ?value}
What award Thomas Alva Edison received at 1892-0-0?,"SELECT ?obj WHERE { wd:Q8743 p:P166 ?s . ?s ps:P166 ?obj . ?s pq:P585 ?x filter(contains(YEAR(?x),'1892')) }"
Who is the  {enterprise} for {chief executive officer} of {Michael Dell},select distinct ?sbj where { ?sbj wdt:P169 wd:Q218630 . ?sbj wdt:P31 wd:Q6881511 }
How many things are located on a linear feature by Canal du Midi?,SELECT (COUNT(?sub) AS ?value ) { ?sub wdt:P795 wd:Q202494 }
When did Jozef Lenart end his time as head of government for Czechoslovakia?,SELECT ?value WHERE { wd:Q33946 p:P6 ?s . ?s ps:P6 wd:Q465455 . ?s pq:P582 ?value}
What game is played by backgammon players and contains the word backgammon?,"SELECT DISTINCT ?sbj ?sbj_label WHERE { ?sbj wdt:P31 wd:Q131436 . ?sbj wdt:P3095 wd:Q23929009 . ?sbj rdfs:label ?sbj_label . FILTER(CONTAINS(lcase(?sbj_label), 'backgammon')) . FILTER (lang(?sbj_label) = 'en') } LIMIT 25"
Which taxon has the longest generation time?,select ?ent where { ?ent wdt:P31 wd:Q16521 . ?ent wdt:P3337 ?obj } ORDER BY DESC(?obj)LIMIT 5
What is chemical formula of diamond.,SELECT ?answer WHERE { wd:Q5283 wdt:P186 ?X . ?X wdt:P246 ?answer}
How many street address are located in Einsatzgruppen?,SELECT (COUNT(?obj) AS ?value ) { wd:Q152543 wdt:P969 ?obj }
Which song was Ringo Starr nominated for the Academy Award for Best Original Song Score?,SELECT ?value WHERE { wd:Q2632 p:P1411 ?s . ?s ps:P1411 wd:Q22344608 . ?s pq:P1686 ?value}
What is Salt Lake City's category for films shot and the associated people?,SELECT ?ans_1 ?ans_2 WHERE { wd:Q23337 wdt:P1740 ?ans_1 . wd:Q23337 wdt:P1792 ?ans_2 }
What would be the competing bibliography of all mankind?,SELECT ?answer WHERE { wd:Q4162673 wdt:P161 ?X . ?X wdt:P800 ?answer}
Which career did the character Buffy the Vampire Slayer choose?,SELECT ?answer WHERE { wd:Q183513 wdt:P674 ?X . ?X wdt:P106 ?answer}
What is the name of the spacecraft Godone Cooper was on?,select distinct ?obj where { wd:Q312833 wdt:P450 ?obj . ?obj wdt:P31 wd:Q7217761 }
What sports team did Magic Johnson belong to until the beginning of 1991?,"SELECT ?obj WHERE { wd:Q134183 p:P54 ?s . ?s ps:P54 ?obj . ?s pq:P582 ?x filter(contains(YEAR(?x),'1991')) }"
Where was Ansel Adams born and how did he die?,SELECT ?ans_1 ?ans_2 WHERE { wd:Q60809 wdt:P509 ?ans_1 . wd:Q60809 wdt:P19 ?ans_2 }
What did Ella Tiene Fuego play before it took that name?,SELECT ?answer WHERE { wd:Q24727808 wdt:P155 ?X . ?X wdt:P175 ?answer}
Name the water body comprised of the Paramaribo,SELECT ?answer WHERE { wd:Q3001 wdt:P206 ?X . ?X wdt:P974 ?answer}
Who is the followed by Communist Party of China has chairperson as Zhao Ziyang ?,SELECT ?value WHERE { wd:Q17427 p:P488 ?s . ?s ps:P488 wd:Q99829 . ?s pq:P156 ?value}
What character serves as a narrator in the book On the Road ?,select distinct ?obj where { wd:Q743180 wdt:P2438 ?obj . ?obj wdt:P31 wd:Q15632617 }
What are the fairy tale which start with the letter w,"SELECT DISTINCT ?sbj ?sbj_label WHERE { ?sbj wdt:P31 wd:Q699 . ?sbj rdfs:label ?sbj_label . FILTER(STRSTARTS(lcase(?sbj_label), 'w')) . FILTER (lang(?sbj_label) = 'en') } LIMIT 25"
"what is the subject of the history of Asia, that has time zone is Magadan",SELECT ?answer WHERE { wd:Q627531 wdt:P1269 ?answer . ?answer wdt:P421 wd:Q385504}
What are the differences inn  {state} ?,SELECT (COUNT(?sub) AS ?value ) { ?sub wdt:P1889 wd:Q7275 }
Who replaces eodoro Obiang Nguema Mbasogo for the position of the chairperson of the African Union?,SELECT ?value WHERE { wd:Q57385 p:P39 ?s . ?s ps:P39 wd:Q946339 . ?s pq:P1365 ?value}
What is the alphabet of Furutachi based upon?,SELECT ?answer WHERE { wd:Q27306164 wdt:P282 ?X . ?X wdt:P144 ?answer}
What field of journalism is Aloysius Bertrand in?,SELECT ?answer WHERE { wd:Q366464 wdt:P106 ?answer . ?answer wdt:P425 wd:Q11030}
What is the political party of Alcibiades DeBlanc?,SELECT ?answer WHERE { wd:Q16063054 wdt:P241 ?X . ?X wdt:P607 ?answer}
Who is the mother of Hadrian?,select distinct ?obj where { wd:Q1427 wdt:P25 ?obj . ?obj wdt:P31 wd:Q5 }
What was Judy Holliday nominated for for Born Yesterday?,SELECT ?obj WHERE { wd:Q253298 p:P1411 ?s . ?s ps:P1411 ?obj . ?s pq:P1686 wd:Q375594 }
Which stadium is the home venue of F.C. Porto ?,select distinct ?obj where { wd:Q128446 wdt:P115 ?obj . ?obj wdt:P31 wd:Q483110 }
In what sister city of Bordeaux did Robert Aldrich die?,SELECT ?answer WHERE { wd:Q95133 wdt:P20 ?answer . ?answer wdt:P190 wd:Q1479}
What timer home venue starts Montreal Canadians in Center Belly?,SELECT ?value WHERE { wd:Q188143 p:P115 ?s . ?s ps:P115 wd:Q522282 . ?s pq:P580 ?value}
How many illustrations are there by E. H. Shepard?,SELECT (COUNT(?sub) AS ?value ) { ?sub wdt:P110 wd:Q382031 }
What branch of science did Claude Shannon work in?,select distinct ?obj where { wd:Q92760 wdt:P101 ?obj . ?obj wdt:P31 wd:Q2465832 }
Which is {afflicts} {result} of {lindane} ?,SELECT ?answer WHERE { wd:Q282003 wdt:P1542 ?X . ?X wdt:P689 ?answer}
What are the chemical reaction which start with the letter s,"SELECT DISTINCT ?sbj ?sbj_label WHERE { ?sbj wdt:P31 wd:Q36534 . ?sbj rdfs:label ?sbj_label . FILTER(STRSTARTS(lcase(?sbj_label), 's')) . FILTER (lang(?sbj_label) = 'en') } LIMIT 25"
What group or class of chemicals has the greatest tensile strength?,select ?ent where { ?ent wdt:P31 wd:Q17339814 . ?ent wdt:P5479 ?obj . ?ent wdt:P31 wd:Q17339814 } ORDER BY DESC(?obj)LIMIT 5
How many astonomical filters are on the visible spectrum?,SELECT (COUNT(?sub) AS ?value ) { ?sub wdt:P1227 wd:Q76299 }
How many surface tensions are there for ethyl acetate?,SELECT (COUNT(?obj) AS ?value ) { wd:Q407153 wdt:P3013 ?obj }
Where in Europe did Thomas Nashe die?,SELECT ?answer WHERE { wd:Q443042 wdt:P20 ?answer . ?answer wdt:P30 wd:Q46}
Ruth Prawer Jhabvala was awarded what prize?,SELECT ?answer WHERE { wd:Q235759 wdt:P166 ?X . ?X wdt:P1346 ?answer}
When is the date of commencement of the book publish for Astronomy and Astrophysics,SELECT ?answer WHERE { wd:Q752075 wdt:P123 ?X . ?X wdt:P571 ?answer}
Who is the partner of Michel Foucault,select distinct ?sbj where { ?sbj wdt:P451 wd:Q44272 . ?sbj wdt:P31 wd:Q5 }
What is the parent taxon and the habitat of Streptococcus?,SELECT ?ans_1 ?ans_2 WHERE { wd:Q190161 wdt:P171 ?ans_1 . wd:Q190161 wdt:P2974 ?ans_2 }
What is the songwriter of Hard Contract known for?,SELECT ?answer WHERE { wd:Q374974 wdt:P86 ?X . ?X wdt:P800 ?answer}
Where in the HQ location of Transparency International is the border?,SELECT ?answer WHERE { wd:Q174240 wdt:P159 ?X . ?X wdt:P47 ?answer}
Name the most-produced rolling stock class operated by the New York City Subway ?,select ?ent where { ?ent wdt:P31 wd:Q811704 . ?ent wdt:P1092 ?obj . ?ent wdt:P137 wd:Q7733 } ORDER BY DESC(?obj)LIMIT 5
What town in Spain borders Bilbao?,select distinct ?sbj where { ?sbj wdt:P47 wd:Q8692 . ?sbj wdt:P31 wd:Q2074737 }
What is the founder builder of Lancashier Witch?,SELECT ?answer WHERE { wd:Q6483054 wdt:P176 ?X . ?X wdt:P112 ?answer}
Who produces and is the builder of the John Deere Model 4020?,SELECT ?answer WHERE { wd:Q6229075 wdt:P176 ?X . ?X wdt:P1056 ?answer}
When was Robert A. Millikan nominated for the Nobel Prize in Physics?,SELECT ?value WHERE { wd:Q130975 p:P1411 ?s . ?s ps:P1411 wd:Q38104 . ?s pq:P585 ?value}
Who was the spouse of Cher in 1979?,"SELECT ?obj WHERE { wd:Q12003 p:P26 ?s . ?s ps:P26 ?obj . ?s pq:P582 ?x filter(contains(YEAR(?x),'1979')) }"
How many matches did Garrincha play on the Brazil national football team?,SELECT ?value WHERE { wd:Q180642 p:P54 ?s . ?s ps:P54 wd:Q83459 . ?s pq:P1350 ?value}
Which is {diplomatic relation} of {location of discovered object} of {krypton} ?,SELECT ?answer WHERE { wd:Q888 wdt:P189 ?X . ?X wdt:P530 ?answer}
What are the educational stage which start with the letter s,"SELECT DISTINCT ?sbj ?sbj_label WHERE { ?sbj wdt:P31 wd:Q18189 . ?sbj rdfs:label ?sbj_label . FILTER(STRSTARTS(lcase(?sbj_label), 'k')) . FILTER (lang(?sbj_label) = 'en') } LIMIT 25"
What year did Eduardo Chillida receive the Princess of Asturias Award for the Arts?,SELECT ?value WHERE { wd:Q156736 p:P166 ?s . ?s ps:P166 wd:Q3319305 . ?s pq:P585 ?value}
How many Pokémon browser numbers are there for the {Pikachu} ?,SELECT (COUNT(?obj) AS ?value ) { wd:Q9351 wdt:P1685 ?obj }
What Vincente del Bosque member stopped playing in 1973?,"SELECT ?obj WHERE { wd:Q657360 p:P54 ?s . ?s ps:P54 ?obj . ?s pq:P582 ?x filter(contains(YEAR(?x),'1973')) }"
Who has the native label of 단 and revised romanization for Mandala,"SELECT ?value WHERE { wd:Q191431 p:P1705 ?s . ?s ps:P1705 ?x filter(contains(?x,'단')) . ?s pq:P2001 ?value}"
What is influenced from the school of Les Demoiselles d'Avignon?,SELECT ?answer WHERE { wd:Q910199 wdt:P135 ?X . ?X wdt:P737 ?answer}
Which {country for sport} is the {sport} of {Mike_Tyson} ?,SELECT ?ans_1 ?ans_2 WHERE { wd:Q79031 wdt:P1532 ?ans_1 . wd:Q79031 wdt:P641 ?ans_2 }
"Name a city that contains the word "" manila"" in its name","SELECT DISTINCT ?sbj ?sbj_label WHERE { ?sbj wdt:P31 wd:Q1907114 . ?sbj wdt:P126 wd:Q259278 . ?sbj rdfs:label ?sbj_label . FILTER(CONTAINS(lcase(?sbj_label), 'manila')) . FILTER (lang(?sbj_label) = 'en') } LIMIT 25"
Which taxon has the highest frequency of audible sound?,select ?ent where { ?ent wdt:P31 wd:Q16521 . ?ent wdt:P3387 ?obj } ORDER BY DESC(?obj)LIMIT 5
In which year did Daniel J. Boorstin receive a Bancroft prize?,SELECT ?value WHERE { wd:Q551252 p:P166 ?s . ?s ps:P166 wd:Q724144 . ?s pq:P585 ?value}
Who won the Battle of Austerlitz?,select distinct ?sbj where { ?sbj wdt:P607 wd:Q134114 . ?sbj wdt:P31 wd:Q5 }
Who was the Mayor of Atlanta starting in 2002?,"SELECT ?obj WHERE { wd:Q23556 p:P6 ?s . ?s ps:P6 ?obj . ?s pq:P580 ?x filter(contains(YEAR(?x),'2002')) }"
Was the democratic republic a participant of the American Revolution,select distinct ?sbj where { ?sbj wdt:P1344 wd:Q40949 . ?sbj wdt:P31 wd:Q5255892 }
Which taxon has cinnamon as a component for its fabrication ?,SELECT ?answer WHERE { wd:Q28165 wdt:P1582 ?X . ?X wdt:P171 ?answer}
When was the capital of Assyria Carchemish?,SELECT ?value WHERE { wd:Q41137 p:P36 ?s . ?s ps:P36 wd:Q283680 . ?s pq:P585 ?value}
What are the film studio which start with the letter s,"SELECT DISTINCT ?sbj ?sbj_label WHERE { ?sbj wdt:P31 wd:Q5333510 . ?sbj rdfs:label ?sbj_label . FILTER(CONTAINS(lcase(?sbj_label), 'tripartism')) . FILTER (lang(?sbj_label) = 'en') } LIMIT 25"
"Tell me me a Norse deity whose name consist of the word ""tyr"" and whose worshipped by Norse mythology","SELECT DISTINCT ?sbj ?sbj_label WHERE { ?sbj wdt:P31 wd:Q16513881 . ?sbj wdt:P1049 wd:Q128285 . ?sbj rdfs:label ?sbj_label . FILTER(CONTAINS(lcase(?sbj_label), 'tyr')) . FILTER (lang(?sbj_label) = 'en') } LIMIT 25"
Which party is headed by Anabella Azin?,SELECT ?answer WHERE { wd:Q5674198 wdt:P102 ?X . ?X wdt:P488 ?answer}
Who is the director that worked for Peter Goddard?,SELECT ?answer WHERE { wd:Q575072 wdt:P108 ?X . ?X wdt:P1037 ?answer}
Who won the prize awarded to John R. Pierce?,SELECT ?answer WHERE { wd:Q1340677 wdt:P166 ?X . ?X wdt:P1346 ?answer}
What does happen when you put Q48460 and gauge boson in contact ?,SELECT ?answer WHERE { wd:Q105580 wdt:P517 ?X . ?X wdt:P1036 ?answer}
Where will be Namada after she leaves river source?,SELECT ?obj WHERE { wd:Q234004 p:P625 ?s . ?s ps:P625 ?obj . ?s pq:P518 wd:Q7376362 }
How many continents are bordering Africa?,SELECT (COUNT(?sub) AS ?value ) { ?sub wdt:P30 wd:Q15 }
which railway company in transport have least operating income?,select ?ent where { ?ent wdt:P31 wd:Q249556 . ?ent wdt:P3362 ?obj . ?ent wdt:P452 wd:Q3565868} ORDER BY ASC(?obj)LIMIT 5
What country is David Ricardo a citizen of?,SELECT ?obj WHERE { wd:Q160270 p:P27 ?s . ?s ps:P27 ?obj . ?s pq:P1534 wd:Q343100 }
What character in Lawrence of Arabia is played by Jack Hawkins?,SELECT ?value WHERE { wd:Q228186 p:P161 ?s . ?s ps:P161 wd:Q26118 . ?s pq:P453 ?value}
Mention the television series featured by executive producer John Oliver.,select distinct ?sbj where { ?sbj wdt:P1431 wd:Q1701254 . ?sbj wdt:P31 wd:Q5398426 }
How many positions has Napoleon III held?,SELECT (COUNT(?obj) AS ?value ) { wd:Q7721 wdt:P39 ?obj }
Tell me boat type whose name has the word yoal  in it.,"SELECT DISTINCT ?sbj ?sbj_label WHERE { ?sbj wdt:P31 wd:Q16103215 . ?sbj rdfs:label ?sbj_label . FILTER(CONTAINS(lcase(?sbj_label), 'yoal')) . FILTER (lang(?sbj_label) = 'en') } LIMIT 25"
Who is the {doctoral student} and the {student} of {Pope_Benedict_XVI} ?,SELECT ?ans_1 ?ans_2 WHERE { wd:Q2494 wdt:P185 ?ans_1 . wd:Q2494 wdt:P802 ?ans_2 }
What is the safety classification and labelling for Hydrogen Chloride which is a NFPA Special category acid?,"SELECT ?obj WHERE { wd:Q211086 p:P4952 ?s . ?s ps:P4952 ?obj . ?s pq:P877 ?x filter(contains(?x,'ACID')) }"
How many official languages are there for the {Organization for Security and Co-operation in Europe} ?,SELECT (COUNT(?obj) AS ?value ) { wd:Q81299 wdt:P37 ?obj }
Tell me fictional detective whose name has the word sam in it.,"SELECT DISTINCT ?sbj ?sbj_label WHERE { ?sbj wdt:P31 wd:Q748720 . ?sbj rdfs:label ?sbj_label . FILTER(CONTAINS(lcase(?sbj_label), 'european')) . FILTER (lang(?sbj_label) = 'en') } LIMIT 25"
Which language is no longer spoken from the Hildegard of Bingen?,select distinct ?obj where { wd:Q70991 wdt:P1412 ?obj . ?obj wdt:P31 wd:Q45762 }
What is the minimum speed of Saturn?,SELECT ?obj WHERE { wd:Q193 p:P2052 ?s . ?s ps:P2052 ?obj . ?s pq:P1013 wd:Q10585806 }
What is an historical period that starts with the letter v.,"SELECT DISTINCT ?sbj ?sbj_label WHERE { ?sbj wdt:P31 wd:Q11514315 . ?sbj rdfs:label ?sbj_label . FILTER(STRSTARTS(lcase(?sbj_label), 'v')) . FILTER (lang(?sbj_label) = 'en') } LIMIT 25"
Who are the alumni of Robert Peel that earn wages higher than -1.81?,"SELECT ?answer WHERE { wd:Q181875 wdt:P69 ?answer . ?answer wdt:P625 ?x FILTER(contains(?x,'-1.8132'))}"
What are the disciplinary repository which start with the letter E,"SELECT DISTINCT ?sbj ?sbj_label WHERE { ?sbj wdt:P31 wd:Q5281480 . ?sbj rdfs:label ?sbj_label . FILTER(STRSTARTS(lcase(?sbj_label), 'e')) . FILTER (lang(?sbj_label) = 'en') } LIMIT 25"
who is painter of dilbert that his last name is adams,SELECT ?answer WHERE { wd:Q726431 wdt:P170 ?answer . ?answer wdt:P734 wd:Q351735}
What Yasushi Inoue was awarded at 1980-0-0?,"SELECT ?obj WHERE { wd:Q712734 p:P166 ?s . ?s ps:P166 ?obj . ?s pq:P585 ?x filter(contains(YEAR(?x),'1980')) }"
WHICH IS THE FUNDAMETAL INTERACTION THE CONTAINS THE WORD INTERACTION IN THEIR NAME,"SELECT DISTINCT ?sbj ?sbj_label WHERE { ?sbj wdt:P31 wd:Q104934 . ?sbj rdfs:label ?sbj_label . FILTER(CONTAINS(lcase(?sbj_label), 'interaction')) . FILTER (lang(?sbj_label) = 'en') } LIMIT 25"
What is the name of IGO of United Nations General Assembly?,select distinct ?sbj where { ?sbj wdt:P355 wd:Q47423 . ?sbj wdt:P31 wd:Q245065 }
How many children does Elton John and his spouse David Furnish have?,SELECT ?value WHERE { wd:Q2808 p:P26 ?s . ?s ps:P26 wd:Q1174489 . ?s pq:P1971 ?value}
What serial number the award received by Semyon timoshenko as Order of Victory?,SELECT ?value WHERE { wd:Q191702 p:P166 ?s . ?s ps:P166 wd:Q465316 . ?s pq:P2598 ?value}
Where did Martin Luther live in the year 1501?,"SELECT ?obj WHERE { wd:Q9554 p:P551 ?s . ?s ps:P551 ?obj . ?s pq:P580 ?x filter(contains(YEAR(?x),'1501')) }"
when did moselle replaced metz administratively?,SELECT ?value WHERE { wd:Q22690 p:P131 ?s . ?s ps:P131 wd:Q12652 . ?s pq:P580 ?value}
What is the chef-lieu of Xia dynasty whose post code is 452470?,"SELECT ?answer WHERE { wd:Q169705 wdt:P36 ?answer . ?answer wdt:P281 ?x FILTER(contains(?x,'452470'))}"
What was the year Pedro Pablo Kuczynski had his last citizenship of the United States of America?,SELECT ?value WHERE { wd:Q381027 p:P27 ?s . ?s ps:P27 wd:Q30 . ?s pq:P582 ?value}
Who is the daughter of the co-founder of King's College London?,SELECT ?answer WHERE { wd:Q245247 wdt:P112 ?X . ?X wdt:P22 ?answer}
Who is the employer of the {Hans Krebs} ?,SELECT (COUNT(?obj) AS ?value ) { wd:Q57191 wdt:P108 ?obj }
I want to know what are the stories of the languages of Sara Montiel?,SELECT ?answer WHERE { wd:Q268587 wdt:P1412 ?X . ?X wdt:P2184 ?answer}
Who is the contestant of part of the series by Edward Mordrake?,SELECT ?answer WHERE { wd:Q20020303 wdt:P179 ?X . ?X wdt:P161 ?answer}
"How many times was Austria-Hungary dissolved, abolished or demolished ?",SELECT (COUNT(?obj) AS ?value ) { wd:Q28513 wdt:P576 ?obj }
When was Vladimir Vasilyev appointed as head of government in the Republic of Dagestan?,SELECT ?value WHERE { wd:Q5118 p:P6 ?s . ?s ps:P6 wd:Q4104566 . ?s pq:P580 ?value}
How many crossings does the Irrawaddy River have?,SELECT (COUNT(?sub) AS ?value ) { ?sub wdt:P177 wd:Q26076 }
What are the dialect which start with the letter W,"SELECT DISTINCT ?sbj ?sbj_label WHERE { ?sbj wdt:P31 wd:Q33384 . ?sbj rdfs:label ?sbj_label . FILTER(STRSTARTS(lcase(?sbj_label), 'w')) . FILTER (lang(?sbj_label) = 'en') } LIMIT 25"
When did Netanya cease to be a city in Mandatory Palestine?,SELECT ?value WHERE { wd:Q192225 p:P17 ?s . ?s ps:P17 wd:Q193714 . ?s pq:P580 ?value}
"Name a videogame developped by CPU that contains the word ""pong"" in its name","SELECT DISTINCT ?sbj ?sbj_label WHERE { ?sbj wdt:P31 wd:Q7889 . ?sbj wdt:P880 wd:Q11653 . ?sbj rdfs:label ?sbj_label . FILTER(CONTAINS(lcase(?sbj_label), 'pong')) . FILTER (lang(?sbj_label) = 'en') } LIMIT 25"
What is the part of constellation of setting location of Mass Effect 2 ?,SELECT ?answer WHERE { wd:Q725057 wdt:P840 ?X . ?X wdt:P59 ?answer}
"What award was Maria Montessori nominated for on January 1, 1950?","SELECT ?obj WHERE { wd:Q131117 p:P1411 ?s . ?s ps:P1411 ?obj . ?s pq:P585 ?x filter(contains(YEAR(?x),'1950')) }"
Was Clement I's middle name the same as Klemen?,SELECT ?answer WHERE { wd:Q42887 wdt:P735 ?answer . ?answer wdt:P460 wd:Q1367830}
which public educational institution of the United States starts with letter u,"SELECT DISTINCT ?sbj ?sbj_label WHERE { ?sbj wdt:P31 wd:Q23002039 . ?sbj rdfs:label ?sbj_label . FILTER(STRSTARTS(lcase(?sbj_label), 'u')) . FILTER (lang(?sbj_label) = 'en') } LIMIT 25"
What is the universe of the boyfriend of Minnie Mouse ?,SELECT ?answer WHERE { wd:Q11936 wdt:P451 ?X . ?X wdt:P1080 ?answer}
"Who is the writer of Utopia, whose political seat is Lord Chancellor?",SELECT ?answer WHERE { wd:Q404158 wdt:P50 ?answer . ?answer wdt:P39 wd:Q217217}
What is the current population of Rio de Janerio?,"SELECT ?obj WHERE { wd:Q8678 p:P1082 ?s . ?s ps:P1082 ?obj . ?s pq:P585 ?x filter(contains(YEAR(?x),'1900')) }"
Where did Nadia Boulanger graduate university from?,SELECT ?answer WHERE { wd:Q140619 wdt:P802 ?X . ?X wdt:P69 ?answer}
What basic form of government for the Polish-Lithuanian Commonwealth ended in 1795?,"SELECT ?obj WHERE { wd:Q172107 p:P122 ?s . ?s ps:P122 ?obj . ?s pq:P582 ?x filter(contains(YEAR(?x),'1795')) }"
Give the name of the most memory capacity smartphone by the Android Nougat operating system?,select ?ent where { ?ent wdt:P31 wd:Q19723451 . ?ent wdt:P2928 ?obj . ?ent wdt:P306 wd:Q22274379 } ORDER BY DESC(?obj)LIMIT 5
What is the sign for February in Catalan Sign Language?,SELECT ?obj WHERE { wd:Q109 p:P2919 ?s . ?s ps:P2919 ?obj . ?s pq:P407 wd:Q35768 }
which terriain feature group is located on city of london?,select distinct ?obj where { wd:Q23311 wdt:P706 ?obj . ?obj wdt:P31 wd:Q16887380 }
Who is the admin HQ of the movie studio for Dinner for Schmucks?,SELECT ?answer WHERE { wd:Q1226599 wdt:P272 ?X . ?X wdt:P159 ?answer}
What prequel of plasma state of matter is using condensation?,SELECT ?answer WHERE { wd:Q166583 wdt:P2283 ?answer . ?answer wdt:P156 wd:Q29148313}
When did Kwame Nkruman hold the position as Prime Minister of Ghana?,SELECT ?value WHERE { wd:Q8620 p:P39 ?s . ?s ps:P39 wd:Q3657870 . ?s pq:P582 ?value}
"Tell me me a therapywhose name consist of the word ""woman"" and whose Sigmund Freud  psychoanalysis","SELECT DISTINCT ?sbj ?sbj_label WHERE { ?sbj wdt:P31 wd:Q179661 . ?sbj wdt:P50 wd:Q9215 . ?sbj rdfs:label ?sbj_label . FILTER(CONTAINS(lcase(?sbj_label), 'psychoanalysis')) . FILTER (lang(?sbj_label) = 'en') } LIMIT 25"
Who is the inventor of Titan?,SELECT ?answer WHERE { wd:Q2565 wdt:P61 ?X . ?X wdt:P184 ?answer}
What award did Steve Wozniak receive in 1997?,"SELECT ?obj WHERE { wd:Q483382 p:P166 ?s . ?s ps:P166 ?obj . ?s pq:P585 ?x filter(contains(YEAR(?x),'1997')) }"
Which is the bridge that is located in the administrative territorial entity of London Borough of Southwark and whose name contains the word bridge?,"SELECT DISTINCT ?sbj ?sbj_label WHERE { ?sbj wdt:P31 wd:Q12280 . ?sbj wdt:P131 wd:Q730706 . ?sbj rdfs:label ?sbj_label . FILTER(CONTAINS(lcase(?sbj_label), 'bridge')) . FILTER (lang(?sbj_label) = 'en') } LIMIT 25"
"""Where was the place of activity for Erich Von dem Bach-Zelewski, that was on lake in the Westhafen Canal ?""",SELECT ?answer WHERE { wd:Q57267 wdt:P937 ?answer . ?answer wdt:P206 wd:Q1532109}
which is the owned by and subsidiary of British_Airways ?,SELECT ?ans_1 ?ans_2 WHERE { wd:Q8766 wdt:P127 ?ans_1 . wd:Q8766 wdt:P355 ?ans_2 }
How many studies are for atomic nucleus?,SELECT (COUNT(?obj) AS ?value ) { wd:Q37147 wdt:P2579 ?obj }
What is the position held by Mr. Gordon Brown in electoral district as a member of the 54th parliament of the United Kingdom?,SELECT ?value WHERE { wd:Q10648 p:P39 ?s . ?s ps:P39 wd:Q35647955 . ?s pq:P768 ?value}
What is the Human Development Index of Afghanistan in the year 2015?,"SELECT ?obj WHERE { wd:Q889 p:P1081 ?s . ?s ps:P1081 ?obj . ?s pq:P585 ?x filter(contains(YEAR(?x),'2015')) }"
What are the unit of measurement which start with the letter visus,"SELECT DISTINCT ?sbj ?sbj_label WHERE { ?sbj wdt:P31 wd:Q47574 . ?sbj rdfs:label ?sbj_label . FILTER(CONTAINS(lcase(?sbj_label), 'visus')) . FILTER (lang(?sbj_label) = 'en') } LIMIT 25"
What is the population of Cartagena as estimated by the census office?,SELECT ?obj WHERE { wd:Q162615 p:P1082 ?s . ?s ps:P1082 ?obj . ?s pq:P459 wd:Q745221 }
What is the taxon that causes syphilis?,select distinct ?obj where { wd:Q41083 wdt:P828 ?obj . ?obj wdt:P31 wd:Q16521 }
Tell me civil parish  whose name has the word winmarleigh  in it.,"SELECT DISTINCT ?sbj ?sbj_label WHERE { ?sbj wdt:P31 wd:Q1115575 . ?sbj rdfs:label ?sbj_label . FILTER(CONTAINS(lcase(?sbj_label), 'winmarleigh')) . FILTER (lang(?sbj_label) = 'en') } LIMIT 25"
Tell me fictional detective whose name has the word hydro in it.,"SELECT DISTINCT ?sbj ?sbj_label WHERE { ?sbj wdt:P31 wd:Q1244922 . ?sbj rdfs:label ?sbj_label . FILTER(CONTAINS(lcase(?sbj_label), 'hydro')) . FILTER (lang(?sbj_label) = 'en') } LIMIT 25"
When did Peyton Manning play for the Tennessee Volunteers Football,SELECT ?value WHERE { wd:Q7539 p:P54 ?s . ?s ps:P54 wd:Q12070759 . ?s pq:P580 ?value}
Who was the nominee for Dr. Strangelove's nomination for the Academy Award for Best Writing of an Adapted Screenplay?,SELECT ?value WHERE { wd:Q105702 p:P1411 ?s . ?s ps:P1411 wd:Q107258 . ?s pq:P2453 ?value}
When did Terry Eagleton begin working at the University of Manchester?,SELECT ?value WHERE { wd:Q315349 p:P108 ?s . ?s ps:P108 wd:Q230899 . ?s pq:P580 ?value}
How many penalties result in death?,SELECT (COUNT(?sub) AS ?value ) { ?sub wdt:P1596 wd:Q4 }
When did Alan Greenspan leave his position as Chair of the Federal Reserve?,SELECT ?value WHERE { wd:Q193635 p:P39 ?s . ?s ps:P39 wd:Q2666591 . ?s pq:P582 ?value}
What business in the United States has the most registered users or contributors ?,select ?ent where { ?ent wdt:P31 wd:Q4830453 . ?ent wdt:P1833 ?obj . ?ent wdt:P17 wd:Q30 } ORDER BY DESC(?obj)LIMIT 5
Which is the video game of the series of Call of Duty?,select distinct ?sbj where { ?sbj wdt:P179 wd:Q192156 . ?sbj wdt:P31 wd:Q7889 }
How many people are appointed by the pope?,SELECT (COUNT(?sub) AS ?value ) { ?sub wdt:P748 wd:Q19546 }
What about Dan Brown is studied at the Phillips Exeter Acacemy?,SELECT ?answer WHERE { wd:Q7345 wdt:P69 ?answer . ?answer wdt:P4195 wd:Q7995498}
What award did Alice Hamilton receive in 1947?,"SELECT ?obj WHERE { wd:Q275600 p:P166 ?s . ?s ps:P166 ?obj . ?s pq:P585 ?x filter(contains(YEAR(?x),'1947')) }"
How many native Malagasy works are there?,SELECT (COUNT(?sub) AS ?value ) { ?sub wdt:P364 wd:Q7930 }
What is the currency of the country which Mary Lou Retton is a citizen of?,SELECT ?answer WHERE { wd:Q235975 wdt:P27 ?X . ?X wdt:P38 ?answer}
How many places of detention are by gulag?,SELECT (COUNT(?sub) AS ?value ) { ?sub wdt:P2632 wd:Q161448 }
What was Hillary Clinton a student of and what is her academic degree?,SELECT ?ans_1 ?ans_2 WHERE { wd:Q6294 wdt:P512 ?ans_1 . wd:Q6294 wdt:P1066 ?ans_2 }
How many are followed by the Kingdom of Georgia?,SELECT (COUNT(?obj) AS ?value ) { wd:Q154667 wdt:P156 ?obj }
Which is the zenith of the jurisdiction of Citizens United v. Federal Election Commission?,SELECT ?answer WHERE { wd:Q1092602 wdt:P1001 ?X . ?X wdt:P610 ?answer}
"Does the founder of Walmart, Jim Walton have any children?",SELECT ?answer WHERE { wd:Q483551 wdt:P138 ?answer . ?answer wdt:P40 wd:Q741784}
Who is the parent company of the label of Carabao?,SELECT ?answer WHERE { wd:Q1035286 wdt:P264 ?X . ?X wdt:P355 ?answer}
Tell me a children's game that starts with the letter z.,"SELECT DISTINCT ?sbj ?sbj_label WHERE { ?sbj wdt:P31 wd:Q1509934 . ?sbj rdfs:label ?sbj_label . FILTER(STRSTARTS(lcase(?sbj_label), 'z')) . FILTER (lang(?sbj_label) = 'en') } LIMIT 25"
What is the currency for the Weimar Republic?,select distinct ?obj where { wd:Q41304 wdt:P38 ?obj . ?obj wdt:P31 wd:Q8142 }
How many airline hub are done by All Nippon Airways,SELECT (COUNT(?obj) AS ?value ) { wd:Q204284 wdt:P113 ?obj }
"Who is the mentor of Strabo, who has the profession as a philosopher?",SELECT ?answer WHERE { wd:Q45936 wdt:P1066 ?answer . ?answer wdt:P106 wd:Q4964182}
What is the highest level of judicial authority in the institution of the European Union?,select distinct ?obj where { wd:Q458 wdt:P209 ?obj . ?obj wdt:P31 wd:Q748720 }
Which  is participant in  conflict  branch of Charles Whitman ?,SELECT ?answer WHERE { wd:Q453209 wdt:P241 ?X . ?X wdt:P607 ?answer}
"Name a state church that contain the word "" movement"" in its name","SELECT DISTINCT ?sbj ?sbj_label WHERE { ?sbj wdt:P31 wd:Q2325038 . ?sbj rdfs:label ?sbj_label . FILTER(CONTAINS(lcase(?sbj_label), 'movement')) . FILTER (lang(?sbj_label) = 'en') } LIMIT 25"
How many astonomical filters are on the visible spectrum?,SELECT (COUNT(?sub) AS ?value ) { ?sub wdt:P1227 wd:Q76299 }
When did Deke Slayton step down as Chief of the Astronaut Office?,SELECT ?value WHERE { wd:Q336810 p:P39 ?s . ?s ps:P39 wd:Q3667787 . ?s pq:P582 ?value}
Who is the discoverer of Impressionism who had Oscar-Claude Monet as their full name at birth?,"SELECT ?answer WHERE { wd:Q40415 wdt:P61 ?answer . ?answer wdt:P1477 ?x FILTER(contains(?x,'Oscar-Claude Monet'))}"
Tell me the name of the smallest collection of artwork that includes a painting of Samson destroying the Temple.,select ?ent where { ?ent wdt:P31 wd:Q15727816 . ?ent wdt:P3740 ?obj . ?ent wdt:P527 wd:Q17334432} ORDER BY ASC(?obj)LIMIT 5
Name the person who built Burj Khalifa,select distinct ?obj where { wd:Q12495 wdt:P84 ?obj . ?obj wdt:P31 wd:Q5 }
Which is the tributary in the coast of Pico Island?,SELECT ?answer WHERE { wd:Q210811 wdt:P206 ?X . ?X wdt:P974 ?answer}
"What arrondissement is the Waikato Region, the highest judicial authority in the Supreme Court of New Zealand?",SELECT ?answer WHERE { wd:Q139918 wdt:P131 ?answer . ?answer wdt:P209 wd:Q1355832}
Tell me the boy band that contains the wotd westlife in their name,"SELECT DISTINCT ?sbj ?sbj_label WHERE { ?sbj wdt:P31 wd:Q216337 . ?sbj rdfs:label ?sbj_label . FILTER(CONTAINS(lcase(?sbj_label), 'westlife')) . FILTER (lang(?sbj_label) = 'en') } LIMIT 25"
Tell me war of succession whose name has the word wars  in it.,"SELECT DISTINCT ?sbj ?sbj_label WHERE { ?sbj wdt:P31 wd:Q1348385 . ?sbj rdfs:label ?sbj_label . FILTER(CONTAINS(lcase(?sbj_label), 'wars')) . FILTER (lang(?sbj_label) = 'en') } LIMIT 25"
What sport is played for world record of high jump ?,SELECT ?answer WHERE { wd:Q165704 wdt:P2869 ?X . ?X wdt:P641 ?answer}
When did Charles Taylor receive the Kluge Prize award?,SELECT ?value WHERE { wd:Q311757 p:P166 ?s . ?s ps:P166 wd:Q1776592 . ?s pq:P585 ?value}
What postal code is at the boundry of Aurora?,SELECT ?answer WHERE { wd:Q49246 wdt:P47 ?X . ?X wdt:P281 ?answer}
,select distinct ?sbj where { ?sbj wdt:P131 wd:Q37836 . ?sbj wdt:P31 wd:Q123705 }
"""Which is {portrait of} of {A Sunday Afternoon on the Island of La Grande Jatte}, which has {sound emitted} is {female voice} ?""",SELECT ?answer WHERE { wd:Q1044742 wdt:P180 ?answer . ?answer wdt:P4733 wd:Q50810224}
Yilan County replaces how many ?,SELECT (COUNT(?obj) AS ?value ) { wd:Q237258 wdt:P1365 ?obj }
What is the cause and place of death of Lewis Carroll?,SELECT ?ans_1 ?ans_2 WHERE { wd:Q38082 wdt:P20 ?ans_1 . wd:Q38082 wdt:P509 ?ans_2 }
Which is the human-geographic territorial entity which starts with the letter w?,"SELECT DISTINCT ?sbj ?sbj_label WHERE { ?sbj wdt:P31 wd:Q15642541 . ?sbj rdfs:label ?sbj_label . FILTER(STRSTARTS(lcase(?sbj_label), 'w')) . FILTER (lang(?sbj_label) = 'en') } LIMIT 25"
How many film editors worked for Star Wars Episode IV: A New Hope?,SELECT (COUNT(?obj) AS ?value ) { wd:Q17738 wdt:P1040 ?obj }
When did Octavio Paz receive a John Simon Guggenheim Memorial Foundation Fellowship?,SELECT ?value WHERE { wd:Q46739 p:P166 ?s . ?s ps:P166 wd:Q1316544 . ?s pq:P585 ?value}
who is translated of the translation by nemean ode I?,SELECT ?answer WHERE { wd:Q55287508 wdt:P747 ?X . ?X wdt:P655 ?answer}
What is the Wikipedia article for natural numbers?,select distinct ?sbj where { ?sbj wdt:P360 wd:Q21199 . ?sbj wdt:P31 wd:Q13406463 }
Who gave the {titleholder} of {nomination received} of {Jennifer Capriati} ?,SELECT ?answer WHERE { wd:Q11680 wdt:P1411 ?X . ?X wdt:P1346 ?answer}
What are the plague pandemics which start with the letter p,"SELECT DISTINCT ?sbj ?sbj_label WHERE { ?sbj wdt:P31 wd:Q1516910 . ?sbj rdfs:label ?sbj_label . FILTER(STRSTARTS(lcase(?sbj_label), 'p')) . FILTER (lang(?sbj_label) = 'en') } LIMIT 25"
who is nominated for Natalie Wood that has work of Splendor in the Grass ?,SELECT ?obj WHERE { wd:Q180919 p:P1411 ?s . ?s ps:P1411 ?obj . ?s pq:P1686 wd:Q1411454 }
What shared a border with Centre-Val de Loire up to the end of 2015 ?,"SELECT ?obj WHERE { wd:Q13947 p:P47 ?s . ?s ps:P47 ?obj . ?s pq:P582 ?x filter(contains(YEAR(?x),'2015')) }"
Tell me dwarf planet whose name has the word pluto in it.,"SELECT DISTINCT ?sbj ?sbj_label WHERE { ?sbj wdt:P31 wd:Q2199 . ?sbj rdfs:label ?sbj_label . FILTER(CONTAINS(lcase(?sbj_label), 'pluto')) . FILTER (lang(?sbj_label) = 'en') } LIMIT 25"
Tell me the spouse who directed Twilight of Honor?,SELECT ?answer WHERE { wd:Q1581077 wdt:P57 ?X . ?X wdt:P26 ?answer}
Which lake water body has the longest vertical depth?,select ?ent where { ?ent wdt:P31 wd:Q30092776 . ?ent wdt:P4511 ?obj } ORDER BY DESC(?obj)LIMIT 5
Who is the author of Othello?,select distinct ?obj where { wd:Q26833 wdt:P50 ?obj . ?obj wdt:P31 wd:Q5 }
What are the signs of the afflictions of phosphine exposure?,SELECT ?answer WHERE { wd:Q21175052 wdt:P780 ?X . ?X wdt:P689 ?answer}
How did the participants of the American Revolutionary Way help constitute the republic?,select distinct ?obj where { wd:Q40949 wdt:P710 ?obj . ?obj wdt:P31 wd:Q1520223 }
What is the net profit of SoftBank?,SELECT (COUNT(?obj) AS ?value ) { wd:Q201653 wdt:P2295 ?obj }
What is occupation of the TV host of Top Gear?,SELECT ?answer WHERE { wd:Q33162 wdt:P371 ?X . ?X wdt:P106 ?answer}
What award did Juan Ramon Jimenez receive on 1956-1-1?,"SELECT ?obj WHERE { wd:Q131318 p:P166 ?s . ?s ps:P166 ?obj . ?s pq:P585 ?x filter(contains(YEAR(?x),'1956')) }"
What is the {studied by} and the {partially coincident with} of {Human_body} ?,SELECT ?ans_1 ?ans_2 WHERE { wd:Q23852 wdt:P2579 ?ans_1 . wd:Q23852 wdt:P1382 ?ans_2 }
What agent participated in the conflict of Lajos Morocz?,SELECT ?answer WHERE { wd:Q47462699 wdt:P607 ?X . ?X wdt:P710 ?answer}
What is the cosmic microwave background experiment with the longest wavelength?,select ?ent where { ?ent wdt:P31 wd:Q33093130 . ?ent wdt:P2808 ?obj } ORDER BY DESC(?obj)LIMIT 5
Who was Jiang Qing's spouse after 1936?,"SELECT ?obj WHERE { wd:Q236017 p:P26 ?s . ?s ps:P26 ?obj . ?s pq:P582 ?x filter(contains(YEAR(?x),'1936')) }"
Who is the teacher of the kids of Ali al-Hadi?,SELECT ?answer WHERE { wd:Q315377 wdt:P802 ?X . ?X wdt:P40 ?answer}
What caused Jimi Hendrix to die from asphyxia?,SELECT ?value WHERE { wd:Q5928 p:P509 ?s . ?s ps:P509 wd:Q193840 . ?s pq:P805 ?value}
What is the material used in most of the Young's modulus?,select ?ent where { ?ent wdt:P31 wd:Q214609 . ?ent wdt:P5480 ?obj } ORDER BY DESC(?obj)LIMIT 5
"What award did Lloyd Shapely receive on Jan. 1, 2012?","SELECT ?obj WHERE { wd:Q244739 p:P166 ?s . ?s ps:P166 ?obj . ?s pq:P585 ?x filter(contains(YEAR(?x),'2012')) }"
What writing system does Malayalam use?,select distinct ?obj where { wd:Q36236 wdt:P282 ?obj . ?obj wdt:P31 wd:Q29517555 }
What actor from The Truman Show was educated at the Peabody Institute?,SELECT ?answer WHERE { wd:Q214801 wdt:P161 ?answer . ?answer wdt:P69 wd:Q1156934}
What is the chrysanthemum taxonomic type?,select distinct ?obj where { wd:Q59882 wdt:P427 ?obj . ?obj wdt:P31 wd:Q16521 }
"How many license plates have ""plus one"" or ""+one""?",SELECT (COUNT(?obj) AS ?value ) { wd:Q564954 wdt:P275 ?obj }
What is the discipline of the advisor of Joseph Malegue?,SELECT ?answer WHERE { wd:Q3042797 wdt:P184 ?X . ?X wdt:P101 ?answer}
"Where was Henri Poincare born, who has the shire of Meurthe-et-Moselle?",SELECT ?answer WHERE { wd:Q81082 wdt:P19 ?answer . ?answer wdt:P131 wd:Q12626}
tell me duo starts with r,"SELECT DISTINCT ?sbj ?sbj_label WHERE { ?sbj wdt:P31 wd:Q10648343 . ?sbj rdfs:label ?sbj_label . FILTER(STRSTARTS(lcase(?sbj_label), 'r')) . FILTER (lang(?sbj_label) = 'en') } LIMIT 25"
How many minor planet groups are in centaur?,SELECT (COUNT(?sub) AS ?value ) { ?sub wdt:P196 wd:Q10734 }
,select distinct ?sbj where { ?sbj wdt:P1995 wd:Q183257 . ?sbj wdt:P31 wd:Q30897648 }
When did Ahmedabad become Presidency of Bombay which was located in the administrative territorial entity?,SELECT ?value WHERE { wd:Q1070 p:P131 ?s . ?s ps:P131 wd:Q891827 . ?s pq:P580 ?value}
Who is the taxon parent of Pseudotsuga menziesii whose common name is Pseŭdocugo?,"SELECT ?answer WHERE { wd:Q156687 wdt:P171 ?answer . ?answer wdt:P1843 ?x FILTER(contains(?x,'Pseŭdocugo'))}"
What was William Goldman nominated for at the 49th Academy Awards?,SELECT ?obj WHERE { wd:Q506885 p:P1411 ?s . ?s ps:P1411 ?obj . ?s pq:P805 wd:Q611050 }
Which piece that contains the favorite player Plautus was written by Richard II?,SELECT ?answer WHERE { wd:Q649562 wdt:P50 ?answer . ?answer wdt:P737 wd:Q47160}
What are the Greek deity which start with the letter Z,"SELECT DISTINCT ?sbj ?sbj_label WHERE { ?sbj wdt:P31 wd:Q22989102 . ?sbj rdfs:label ?sbj_label . FILTER(STRSTARTS(lcase(?sbj_label), 'z')) . FILTER (lang(?sbj_label) = 'en') } LIMIT 25"
Who gave the{this taxon is the source of} of {higher taxon} of {Brassica rapa subvar. esculenta} ?,SELECT ?answer WHERE { wd:Q1494125 wdt:P171 ?X . ?X wdt:P1672 ?answer}
Tell me binary operation whose name has the word union in it.,"SELECT DISTINCT ?sbj ?sbj_label WHERE { ?sbj wdt:P31 wd:Q164307 . ?sbj rdfs:label ?sbj_label . FILTER(CONTAINS(lcase(?sbj_label), 'union')) . FILTER (lang(?sbj_label) = 'en') } LIMIT 25"
What is the birth place of Margery Williams that has town and is part of the London Borough of Ealing?,SELECT ?answer WHERE { wd:Q948301 wdt:P19 ?answer . ?answer wdt:P150 wd:Q207218}
When did Theodore Roethke cease to reside in Washington?,SELECT ?value WHERE { wd:Q1151763 p:P551 ?s . ?s ps:P551 wd:Q1223 . ?s pq:P582 ?value}
What are the trigonometric function which start with the letter v,"SELECT DISTINCT ?sbj ?sbj_label WHERE { ?sbj wdt:P31 wd:Q93344 . ?sbj rdfs:label ?sbj_label . FILTER(STRSTARTS(lcase(?sbj_label), 'v')) . FILTER (lang(?sbj_label) = 'en') } LIMIT 25"
When did Catherine II of Russia gain citizenship of Prussia?,SELECT ?value WHERE { wd:Q36450 p:P27 ?s . ?s ps:P27 wd:Q27306 . ?s pq:P580 ?value}
Which language is the stable version of Android?,SELECT ?answer WHERE { wd:Q94 wdt:P277 ?X . ?X wdt:P348 ?answer}
What is the citizenship of Henry Cavendish whose end cause is Acts of Union 1800?,SELECT ?obj WHERE { wd:Q131733 p:P27 ?s . ?s ps:P27 ?obj . ?s pq:P1534 wd:Q343100 }
Who discovered and what is Uranium name after?,SELECT ?ans_1 ?ans_2 WHERE { wd:Q1098 wdt:P61 ?ans_1 . wd:Q1098 wdt:P138 ?ans_2 }
Tell me what work Helen Miren was nominated for?,SELECT ?obj WHERE { wd:Q349391 p:P1411 ?s . ?s ps:P1411 ?obj . ?s pq:P1686 wd:Q165392 }
What character in Twin Peaks was played by Michael Ontkean?,SELECT ?value WHERE { wd:Q2085 p:P161 ?s . ?s ps:P161 wd:Q1343162 . ?s pq:P453 ?value}
What degree is achieved by Nikolay Nekrasov in 1839?,"SELECT ?obj WHERE { wd:Q208003 p:P69 ?s . ?s ps:P69 ?obj . ?s pq:P580 ?x filter(contains(YEAR(?x),'1839')) }"
What was Nastassja Kinski nominated for in 1980?,"SELECT ?obj WHERE { wd:Q76711 p:P1411 ?s . ?s ps:P1411 ?obj . ?s pq:P585 ?x filter(contains(YEAR(?x),'1980')) }"
"In what language was Marcus Aurelius Antonius's ""His Medications Concerning Himself"" (Meditations) written?",SELECT ?value WHERE { wd:Q1152283 p:P747 ?s . ?s ps:P747 wd:Q50279195 . ?s pq:P407 ?value}
What is Columbia University a member of and who owns it?,SELECT ?ans_1 ?ans_2 WHERE { wd:Q49088 wdt:P463 ?ans_1 . wd:Q49088 wdt:P1830 ?ans_2 }
What is the event location of the took part in of Florin Prunea ?,SELECT ?answer WHERE { wd:Q1333942 wdt:P1344 ?X . ?X wdt:P276 ?answer}
Who gave the {ideology} of {party} of {Elisenda Alamany} ?,SELECT ?answer WHERE { wd:Q42963597 wdt:P102 ?X . ?X wdt:P1142 ?answer}
Which municipality in Sweden has maximum liabilities?,select ?ent where { ?ent wdt:P31 wd:Q127448 . ?ent wdt:P2138 ?obj } ORDER BY DESC(?obj)LIMIT 5
What is gained from the story of Equatiorial Kundu?,SELECT ?answer WHERE { wd:Q23826237 wdt:P1441 ?X . ?X wdt:P170 ?answer}
What is the asteroid with the highest longitude of ascending node whose site of astronomical discovery is Vienna Observatory?,select ?ent where { ?ent wdt:P31 wd:Q3863 . ?ent wdt:P2213 ?obj . ?ent wdt:P65 wd:Q532127 } ORDER BY DESC(?obj)LIMIT 5
When did Maurice Sendak receive the Astrid Lindgren Memorial Award?,SELECT ?value WHERE { wd:Q314771 p:P166 ?s . ?s ps:P166 wd:Q430035 . ?s pq:P585 ?value}
What are the municipal corporation in india  which start with the letter n,"SELECT DISTINCT ?sbj ?sbj_label WHERE { ?sbj wdt:P31 wd:Q6936225 . ?sbj rdfs:label ?sbj_label . FILTER(STRSTARTS(lcase(?sbj_label), 'n')) . FILTER (lang(?sbj_label) = 'en') } LIMIT 25"
Who's birth place is Belgrade?,SELECT ?value WHERE { wd:Q960994 p:P19 ?s . ?s ps:P19 wd:Q3711 . ?s pq:P131 ?value}
Where these Neuilly-sur-Seine lived in?,SELECT ?answer WHERE { wd:Q106443 wdt:P551 ?answer . ?answer wdt:P47 wd:Q48958}
Which are the subsidiary entities of the maintainer of Forth Bridge?,SELECT ?answer WHERE { wd:Q275 wdt:P126 ?X . ?X wdt:P355 ?answer}
Which is the business that has as parent organization the Oracle Corporation?,select distinct ?sbj where { ?sbj wdt:P749 wd:Q19900 . ?sbj wdt:P31 wd:Q4830453 }
When was Sevastopol placed in the administrative territorial entity of Ukrainian Soviet Socialist Republic?,SELECT ?value WHERE { wd:Q7525 p:P131 ?s . ?s ps:P131 wd:Q133356 . ?s pq:P582 ?value}
What is Buckwheat taxon's source and what award has been received?,SELECT ?ans_1 ?ans_2 WHERE { wd:Q132734 wdt:P166 ?ans_1 . wd:Q132734 wdt:P1672 ?ans_2 }
Which member of the sports team Ian Botham left in 1988?,"SELECT ?obj WHERE { wd:Q982121 p:P54 ?s . ?s ps:P54 ?obj . ?s pq:P582 ?x filter(contains(YEAR(?x),'1988')) }"
tell me video game series that contains the word warlords in it,"SELECT DISTINCT ?sbj ?sbj_label WHERE { ?sbj wdt:P31 wd:Q7058673 . ?sbj rdfs:label ?sbj_label . FILTER(CONTAINS(lcase(?sbj_label), 'warlords')) . FILTER (lang(?sbj_label) = 'en') } LIMIT 25"
WHICH IS THE SPORT IN A GEOGRAPHIC REGION WITH THE MAXIMUM NUMBER OF CLUBS,select ?ent where { ?ent wdt:P31 wd:Q29791211 . ?ent wdt:P4999 ?obj } ORDER BY DESC(?obj)LIMIT 5
What is the Wikimedia category for the list of films shot on location in Montreal?,select distinct ?obj where { wd:Q340 wdt:P1740 ?obj . ?obj wdt:P31 wd:Q4167836 }
"What are the afflicts caused by 2,4,6-trinitrotoluene?",SELECT ?answer WHERE { wd:Q170167 wdt:P1542 ?X . ?X wdt:P689 ?answer}
What is the artistic works of Isabelle Adjan?,SELECT ?answer WHERE { wd:Q106383 wdt:P800 ?answer . ?answer wdt:P1877 wd:Q38337}
Which is the cuisine for the veganism cuisine?,select distinct ?obj where { wd:Q181138 wdt:P2012 ?obj . ?obj wdt:P31 wd:Q1778821 }
What is the wikipedia article for the Autobahn?,select distinct ?sbj where { ?sbj wdt:P360 wd:Q313301 . ?sbj wdt:P31 wd:Q13406463 }
Which member of Lauren Jackson's team left in 2012?,"SELECT ?obj WHERE { wd:Q270653 p:P54 ?s . ?s ps:P54 ?obj . ?s pq:P582 ?x filter(contains(YEAR(?x),'2012')) }"
Who got the Asian Film Awards of Takeshi Kitano?,select distinct ?sbj where { ?sbj wdt:P1346 wd:Q26372 . ?sbj wdt:P31 wd:Q594504 }
What are the brain region that starts with the letter t,"SELECT DISTINCT ?sbj ?sbj_label WHERE { ?sbj wdt:P31 wd:Q1620186 . ?sbj rdfs:label ?sbj_label . FILTER(STRSTARTS(lcase(?sbj_label), 't')) . FILTER (lang(?sbj_label) = 'en') } LIMIT 25"
Provide the information of Mimas orbits?,SELECT ?answer WHERE { wd:Q15040 wdt:P397 ?answer . ?answer wdt:P398 wd:Q15034}
What was the population of Tehran in 2006?,"SELECT ?obj WHERE { wd:Q3616 p:P1082 ?s . ?s ps:P1082 ?obj . ?s pq:P585 ?x filter(contains(YEAR(?x),'2006')) }"
Since when has Joseph Lyons been a member of the Australian House of Representatives?,SELECT ?value WHERE { wd:Q370966 p:P39 ?s . ?s ps:P39 wd:Q18912794 . ?s pq:P580 ?value}
What is the population of Gaza City?,"SELECT ?value WHERE { wd:Q47492 p:P1082 ?s . ?s ps:P1082 ?x filter(contains(?x,'515556')) . ?s pq:P459 ?value}"
When was Anita Brookner nominated for the Man Booker Prize?,SELECT ?value WHERE { wd:Q237687 p:P1411 ?s . ?s ps:P1411 wd:Q160082 . ?s pq:P585 ?value}
How many wives does the Chongzhen Emperor have?,SELECT (COUNT(?sub) AS ?value ) { ?sub wdt:P26 wd:Q10069 }
Which Atlantic hurricane had maximum damage cost?,select ?ent where { ?ent wdt:P31 wd:Q2547976 . ?ent wdt:P2630 ?obj } ORDER BY DESC(?obj)LIMIT 5
"What is successor of String Quintet in E major, Op.11, No.5?",SELECT ?answer WHERE { wd:Q7623961 wdt:P826 ?X . ?X wdt:P156 ?answer}
"What was the country of citizenship for Godfrey Hounsfield on April 12, 1927?","SELECT ?obj WHERE { wd:Q273769 p:P27 ?s . ?s ps:P27 ?obj . ?s pq:P582 ?x filter(contains(YEAR(?x),'1927')) }"
WHAT IS THE NEUTRON NUMBER OF SILVER?,select ?ent where { ?ent wdt:P31 wd:Q1373385 . ?ent wdt:P1148 ?obj } ORDER BY DESC(?obj)LIMIT 5
Who is the inventor or discoverer of Messier 77 whose murder method is yellow fever?,SELECT ?answer WHERE { wd:Q14017 wdt:P61 ?answer . ?answer wdt:P509 wd:Q154874}
How many chair persons are there in the {Garry Kasparov} ?,SELECT (COUNT(?sub) AS ?value ) { ?sub wdt:P488 wd:Q28614 }
What is the setting of King Kong that borders Westchester County.,SELECT ?answer WHERE { wd:Q309048 wdt:P840 ?answer . ?answer wdt:P47 wd:Q54066}
What kind of career does Grigori Kozintsev have in the screenwriting field?,SELECT ?answer WHERE { wd:Q553072 wdt:P106 ?answer . ?answer wdt:P425 wd:Q3429919}
Who is the {fundamental state of matter} for {greater than} of {gas},select distinct ?sbj where { ?sbj wdt:P5135 wd:Q11432 . ?sbj wdt:P31 wd:Q15831576 }
"What is the public office held by John Russell, 1st Earl Russell, that was appointed by Elizabeth II?",SELECT ?answer WHERE { wd:Q157259 wdt:P39 ?answer . ?answer wdt:P748 wd:Q9682}
which reserve currency has the highest price?,select ?ent where { ?ent wdt:P31 wd:Q756202 . ?ent wdt:P2284 ?obj } ORDER BY DESC(?obj)LIMIT 5
Who was {participant in conflict} of {sister} {Emilio Polli} ?,SELECT ?answer WHERE { wd:Q3724488 wdt:P3373 ?X . ?X wdt:P607 ?answer}
"When Ufa, the administrative territorial entity as Republic of Bashkortostan, started?",SELECT ?value WHERE { wd:Q911 p:P131 ?s . ?s ps:P131 wd:Q5710 . ?s pq:P580 ?value}
Which is the historical country for the diplomatic relation of the Ottoman Empire?,select distinct ?obj where { wd:Q12560 wdt:P530 ?obj . ?obj wdt:P31 wd:Q3024240 }
How much destruction has aerial warfare caused?,SELECT (COUNT(?sub) AS ?value ) { ?sub wdt:P770 wd:Q471145 }
How many carries are by Canal du Midi?,SELECT (COUNT(?sub) AS ?value ) { ?sub wdt:P2505 wd:Q202494 }
Which work of Marlon Brando was nominated for the Academy Award for Best Actor?,SELECT ?value WHERE { wd:Q34012 p:P1411 ?s . ?s ps:P1411 wd:Q103916 . ?s pq:P1686 ?value}
What was located in Jilin in 1949?,"SELECT ?obj WHERE { wd:Q45208 p:P131 ?s . ?s ps:P131 ?obj . ?s pq:P580 ?x filter(contains(YEAR(?x),'1949')) }"
Tell me water deity whose name has the word yinglong in it.,"SELECT DISTINCT ?sbj ?sbj_label WHERE { ?sbj wdt:P31 wd:Q1916821 . ?sbj rdfs:label ?sbj_label . FILTER(CONTAINS(lcase(?sbj_label), 'yinglong')) . FILTER (lang(?sbj_label) = 'en') } LIMIT 25"
,select distinct ?sbj where { ?sbj wdt:P53 wd:Q161205 . ?sbj wdt:P31 wd:Q5 }
What was the capital of Brescia in 1859?,"SELECT ?obj WHERE { wd:Q6221 p:P1376 ?s . ?s ps:P1376 ?obj . ?s pq:P582 ?x filter(contains(YEAR(?x),'1859')) }"
Which period of time Guizar has awarded as the best lyricist in the Fimfare Award?,SELECT ?value WHERE { wd:Q468339 p:P166 ?s . ?s ps:P166 wd:Q1414539 . ?s pq:P585 ?value}
Which is the {twinned administrative body} and the {contains administrative territorial entity} of {Lisbon} ?,SELECT ?ans_1 ?ans_2 WHERE { wd:Q597 wdt:P190 ?ans_1 . wd:Q597 wdt:P150 ?ans_2 }
Who was the spouse of John Gilbert up until the beginning of 1931?,"SELECT ?obj WHERE { wd:Q503956 p:P26 ?s . ?s ps:P26 ?obj . ?s pq:P582 ?x filter(contains(YEAR(?x),'1931')) }"
Which election applies to the Weimer Republic?,select distinct ?sbj where { ?sbj wdt:P1001 wd:Q41304 . ?sbj wdt:P31 wd:Q2047484 }
what is input in work of  captain hook ?,SELECT ?answer WHERE { wd:Q55728689 wdt:P1441 ?X . ?X wdt:P479 ?answer}
which radio telescope has maximum wavelength of sensitivity in Chile?,select ?ent where { ?ent wdt:P31 wd:Q184356 . ?ent wdt:P3738 ?obj . ?ent wdt:P17 wd:Q298 } ORDER BY DESC(?obj)LIMIT 5
How many courses do you need to be educated as a lawyer?,SELECT (COUNT(?sub) AS ?value ) { ?sub wdt:P69 wd:Q40348 }
How much did it cost ExxonMobil to operate in 2014?,"SELECT ?obj WHERE { wd:Q156238 p:P3362 ?s . ?s ps:P3362 ?obj . ?s pq:P585 ?x filter(contains(YEAR(?x),'2014')) }"
Who are the writers of Parzival that craft this poem?,SELECT ?answer WHERE { wd:Q1247232 wdt:P50 ?answer . ?answer wdt:P106 wd:Q49757}
William Shakespeare is the famous for writing's in the Sonnet 72.,SELECT ?answer WHERE { wd:Q3490580 wdt:P50 ?X . ?X wdt:P800 ?answer}
What unfinished/abandoned film project does screenwriter Mike Myers have?,select distinct ?sbj where { ?sbj wdt:P58 wd:Q185724 . ?sbj wdt:P31 wd:Q18011171 }
What academic degree was obtained by Abraham Maslow in 1931?,"SELECT ?obj WHERE { wd:Q23357 p:P512 ?s . ?s ps:P512 ?obj . ?s pq:P585 ?x filter(contains(YEAR(?x),'1931')) }"
Tell me physical law whose name has the word superposition in it.,"SELECT DISTINCT ?sbj ?sbj_label WHERE { ?sbj wdt:P31 wd:Q214070 . ?sbj rdfs:label ?sbj_label . FILTER(CONTAINS(lcase(?sbj_label), 'superposition')) . FILTER (lang(?sbj_label) = 'en') } LIMIT 25"
Give me Russia's lowest ranking at the 2018 FIFA World Cup.,select ?ent where { ?ent wdt:P31 wd:Q7381959 . ?ent wdt:P1352 ?obj . ?ent wdt:P1269 wd:Q170645} ORDER BY ASC(?obj)LIMIT 5
What is the significant incident of Anna Berliner's marriage?,SELECT ?answer WHERE { wd:Q53834036 wdt:P26 ?X . ?X wdt:P793 ?answer}
For what language is the Diary of Anne Frank called Diario?,SELECT ?value WHERE { wd:Q6911 p:P747 ?s . ?s ps:P747 wd:Q14624888 . ?s pq:P407 ?value}
How many medical conditions are treated by diazepam?,SELECT (COUNT(?obj) AS ?value ) { wd:Q210402 wdt:P2175 ?obj }
When did Charlie Rose receive the James Madison Award?,SELECT ?value WHERE { wd:Q715515 p:P166 ?s . ?s ps:P166 wd:Q16987872 . ?s pq:P585 ?value}
Who is the publisher for The Lees of Hong Kong?,SELECT ?answer WHERE { wd:Q17329907 wdt:P123 ?X . ?X wdt:P159 ?answer}
When did Debrecen stay in the county town?,SELECT ?value WHERE { wd:Q79880 p:P31 ?s . ?s ps:P31 wd:Q1175512 . ?s pq:P582 ?value}
What are the inhabitants of the location where Alexander Fleming died?,SELECT ?answer WHERE { wd:Q37064 wdt:P20 ?X . ?X wdt:P1082 ?answer}
Tell me military order whose name has the word  saint in it.,"SELECT DISTINCT ?sbj ?sbj_label WHERE { ?sbj wdt:P31 wd:Q474717 . ?sbj rdfs:label ?sbj_label . FILTER(CONTAINS(lcase(?sbj_label), 'saint')) . FILTER (lang(?sbj_label) = 'en') } LIMIT 25"
What is the product with the maximum per capita consumption rate as per Brockhaus and Efron Encyclopedic Dictionary ?,select ?ent where { ?ent wdt:P31 wd:Q2424752 . ?ent wdt:P2662 ?obj . ?ent wdt:P1343 wd:Q602358 } ORDER BY DESC(?obj)LIMIT 5
What is the place and manner of death of Ravi Shankar?,SELECT ?ans_1 ?ans_2 WHERE { wd:Q103774 wdt:P20 ?ans_1 . wd:Q103774 wdt:P1196 ?ans_2 }
Which is {surface area} of {agent} of {French invasion of Russia} ?,SELECT ?answer WHERE { wd:Q179250 wdt:P710 ?X . ?X wdt:P2046 ?answer}
Which film was Sergei Eisenstein a director of?,select distinct ?sbj where { ?sbj wdt:P57 wd:Q8003 . ?sbj wdt:P31 wd:Q11424 }
What binary F-type main-sequence star has the slowest stellar rotational velocity ?,select ?ent where { ?ent wdt:P31 wd:Q1353952 . ?ent wdt:P4296 ?obj . ?ent wdt:P31 wd:Q50053. } ORDER BY ASC(?obj)LIMIT 5
How many speakers were Polish on 1-1-2007?,"SELECT ?obj WHERE { wd:Q809 p:P1098 ?s . ?s ps:P1098 ?obj . ?s pq:P585 ?x filter(contains(YEAR(?x),'2007')) }"
What is the location of the Honda headquarters with the postal code 107-8556?,"SELECT ?obj WHERE { wd:Q9584 p:P159 ?s . ?s ps:P159 ?obj . ?s pq:P281 ?x filter(contains(?x,'107-8556')) }"
"Waht actors are in ""Romance Revisited: The Songs of Jose Mari Chan""?",SELECT ?answer WHERE { wd:Q12508854 wdt:P155 ?X . ?X wdt:P175 ?answer}
What are the place of birth and the child of Pete Wentz?,SELECT ?ans_1 ?ans_2 WHERE { wd:Q310166 wdt:P19 ?ans_1 . wd:Q310166 wdt:P40 ?ans_2 }
Who was Max Planck's assistant?,select distinct ?sbj where { ?sbj wdt:P184 wd:Q9021 . ?sbj wdt:P31 wd:Q5 }
When was Boris Johnson the Member of the 56th  Parliament of the United Kingdom?,SELECT ?value WHERE { wd:Q180589 p:P39 ?s . ?s ps:P39 wd:Q30524718 . ?s pq:P580 ?value}
"What language uses the word ""Antygona"" instead of what is known in English as ""Antigone""?",SELECT ?value WHERE { wd:Q241077 p:P747 ?s . ?s ps:P747 wd:Q24791655 . ?s pq:P407 ?value}
What was the unnatural cause of death of Koko?,SELECT ?answer WHERE { wd:Q1348219 wdt:P1196 ?answer . ?answer wdt:P461 wd:Q855919}
"Who was the {governor} of {Vichy France}, that {commands} during the {Battle of Verdun}?",SELECT ?answer WHERE { wd:Q69808 wdt:P35 ?answer . ?answer wdt:P598 wd:Q130847}
"When Carlos Andres Perez da costa was replaced by Luis Herrera Campins, what position did he hold?",SELECT ?obj WHERE { wd:Q295790 p:P39 ?s . ?s ps:P39 ?obj . ?s pq:P1366 wd:Q455661 }
what is comics character of mickey mouse universe from the fictional universe  and also which starts with letter t,"SELECT DISTINCT ?sbj ?sbj_label WHERE { ?sbj wdt:P31 wd:Q1114461 . ?sbj wdt:P1080 wd:Q3260246 . ?sbj rdfs:label ?sbj_label . FILTER(STRSTARTS(lcase(?sbj_label), 't')) . FILTER (lang(?sbj_label) = 'en') } LIMIT 25"
"The domain of saint or deity, for the title of Mary, belongs to which spanish empire?",select distinct ?sbj where { ?sbj wdt:P2925 wd:Q80702 . ?sbj wdt:P31 wd:Q1509831 }
"According to Wikipedia, what is the reserve currency with the lowest price?",select ?ent where { ?ent wdt:P31 wd:Q756202 . ?ent wdt:P2284 ?obj . ?ent wdt:P5008 wd:Q5460604} ORDER BY ASC(?obj)LIMIT 5
To whom was Osip Mandelstam married in the year 1922?,"SELECT ?obj WHERE { wd:Q189950 p:P26 ?s . ?s ps:P26 ?obj . ?s pq:P580 ?x filter(contains(YEAR(?x),'1922')) }"
Which is the automobile model as the vehicle normally used by Elizabeth II?,select distinct ?obj where { wd:Q9682 wdt:P3438 ?obj . ?obj wdt:P31 wd:Q3231690 }
Which subitem of Alaskan history has villages in the Northwest Arctic Borough?,SELECT ?answer WHERE { wd:Q575962 wdt:P1269 ?answer . ?answer wdt:P150 wd:Q511723}
Tell me the history of Texas which towns are apart of this country.,SELECT ?answer WHERE { wd:Q1149383 wdt:P1269 ?X . ?X wdt:P150 ?answer}
What is the national holiday of the nation of Jarmila Kratochvilova?,SELECT ?answer WHERE { wd:Q233683 wdt:P27 ?X . ?X wdt:P832 ?answer}
which type of quantum particle that interaction  gravity starts with q,"SELECT DISTINCT ?sbj ?sbj_label WHERE { ?sbj wdt:P31 wd:Q22675015 . ?sbj wdt:P517 wd:Q11412 . ?sbj rdfs:label ?sbj_label . FILTER(STRSTARTS(lcase(?sbj_label), 'q')) . FILTER (lang(?sbj_label) = 'en') } LIMIT 25"
What is the name in the native language of William Pitt the Younger for the additive the Younger?,SELECT ?obj WHERE { wd:Q128902 p:P1559 ?s . ?s ps:P1559 ?obj . ?s pq:P527 wd:Q19838173 }
How do you determine Saturday is the first date of the week?,"SELECT ?value WHERE { wd:Q131 p:P1545 ?s . ?s ps:P1545 ?x filter(contains(?x,'0')) . ?s pq:P1013 ?value}"
Who is the child of Walter Raleigh?,select distinct ?obj where { wd:Q189144 wdt:P40 ?obj . ?obj wdt:P31 wd:Q5 }
What is the name of Bashar al-Assad's sibling,select distinct ?obj where { wd:Q44329 wdt:P3373 ?obj . ?obj wdt:P31 wd:Q5 }
What genre of music is in the series titled Bound?,SELECT ?answer WHERE { wd:Q50845803 wdt:P179 ?X . ?X wdt:P136 ?answer}
Who are the inhabitants of Benue?,SELECT ?answer WHERE { wd:Q204806 wdt:P17 ?X . ?X wdt:P1082 ?answer}
What episode preceded Opie's Newspapers?,SELECT ?answer WHERE { wd:Q51231142 wdt:P155 ?X . ?X wdt:P179 ?answer}
What position did Kobe Bryant play as?,SELECT (COUNT(?obj) AS ?value ) { wd:Q25369 wdt:P413 ?obj }
What is the attendee that participated in Belarus in the Eurovision Song Contest 2004?,SELECT ?answer WHERE { wd:Q1899987 wdt:P1344 ?X . ?X wdt:P710 ?answer}
Which quantum particle that decays to an electron has the lowest decay width ?,select ?ent where { ?ent wdt:P31 wd:Q22675015 . ?ent wdt:P2223 ?obj . ?ent wdt:P816 wd:Q2225. } ORDER BY ASC(?obj)LIMIT 5
What are the soil type which start with the letter v,"SELECT DISTINCT ?sbj ?sbj_label WHERE { ?sbj wdt:P31 wd:Q10926413 . ?sbj rdfs:label ?sbj_label . FILTER(STRSTARTS(lcase(?sbj_label), 'v')) . FILTER (lang(?sbj_label) = 'en') } LIMIT 25"
Larry Flynt is editor of which magazine?,select distinct ?sbj where { ?sbj wdt:P98 wd:Q223839 . ?sbj wdt:P31 wd:Q41298 }
What organization did Alexander Pushkin found?,select distinct ?obj where { wd:Q7200 wdt:P463 ?obj . ?obj wdt:P31 wd:Q43229 }
How many software programs are written in PHP?,SELECT (COUNT(?sub) AS ?value ) { ?sub wdt:P1547 wd:Q59 }
When did Jean-Bertrand Aristide stop holding the position as the President of Haiti?,SELECT ?value WHERE { wd:Q209617 p:P39 ?s . ?s ps:P39 wd:Q3290543 . ?s pq:P582 ?value}
Which is the weekly newspaper owner of which is StarWipe and contains the word onion in it's name?,"SELECT DISTINCT ?sbj ?sbj_label WHERE { ?sbj wdt:P31 wd:Q2305295 . ?sbj wdt:P1830 wd:Q21189788 . ?sbj rdfs:label ?sbj_label . FILTER(CONTAINS(lcase(?sbj_label), 'onion')) . FILTER (lang(?sbj_label) = 'en') } LIMIT 25"
Who is the president of the company that Karen Czarnecki works for?,SELECT ?answer WHERE { wd:Q6369578 wdt:P108 ?X . ?X wdt:P1037 ?answer}
What are the Greco-Roman mysteries which start with the letter mysteries,"SELECT DISTINCT ?sbj ?sbj_label WHERE { ?sbj wdt:P31 wd:Q505821 . ?sbj rdfs:label ?sbj_label . FILTER(CONTAINS(lcase(?sbj_label), 'mysteries')) . FILTER (lang(?sbj_label) = 'en') } LIMIT 25"
What is learning the higher taxon of ornithology?,SELECT ?answer WHERE { wd:Q44703 wdt:P2578 ?X . ?X wdt:P171 ?answer}
What is the name of the ranch where Ronald Reagan lived?,select distinct ?obj where { wd:Q9960 wdt:P551 ?obj . ?obj wdt:P31 wd:Q509028 }
What Japanese language television station broadcasts in English?,select distinct ?sbj where { ?sbj wdt:P2936 wd:Q5287 . ?sbj wdt:P31 wd:Q1616075 }
"Tell me the classification scheme that starts with ""t"".","SELECT DISTINCT ?sbj ?sbj_label WHERE { ?sbj wdt:P31 wd:Q5962346 . ?sbj rdfs:label ?sbj_label . FILTER(STRSTARTS(lcase(?sbj_label), 't')) . FILTER (lang(?sbj_label) = 'en') } LIMIT 25"
How did Lionel Trilling die?,SELECT ?answer WHERE { wd:Q1827287 wdt:P737 ?X . ?X wdt:P1196 ?answer}
What is the  translation of birth name of Averroes?,"SELECT ?obj WHERE { wd:Q39837 p:P1477 ?s . ?s ps:P1477 ?obj . ?s pq:P2440 ?x filter(contains(?x,'Abū l-Walīd Muhammad ibn Ahmad ibn Rushd')) }"
When did Ingvar Kamprad marry Kerstin Wadling?,SELECT ?value WHERE { wd:Q216932 p:P26 ?s . ?s ps:P26 wd:Q47519864 . ?s pq:P580 ?value}
What type of quantum particle is a photon?,select distinct ?obj where { wd:Q3198 wdt:P2152 ?obj . ?obj wdt:P31 wd:Q22675015 }
What award did Zoe Caldwell receive in 1966?,"SELECT ?obj WHERE { wd:Q1995506 p:P166 ?s . ?s ps:P166 ?obj . ?s pq:P585 ?x filter(contains(YEAR(?x),'1966')) }"
When did Stanley Matthews leave the Blackpool F.C. team?,SELECT ?value WHERE { wd:Q216140 p:P54 ?s . ?s ps:P54 wd:Q19449 . ?s pq:P582 ?value}
What is the geographic region with the highest number of out of school children whose part of is Asia ?,select ?ent where { ?ent wdt:P31 wd:Q82794 . ?ent wdt:P2573 ?obj . ?ent wdt:P361 wd:Q48 } ORDER BY DESC(?obj)LIMIT 5
What zip code was Israel Kamakawiwoʻole's birth place?,SELECT ?answer WHERE { wd:Q42180 wdt:P19 ?X . ?X wdt:P281 ?answer}
Mukesh Ambani is the Chief Executive Officer of which corporation?,select distinct ?sbj where { ?sbj wdt:P169 wd:Q298547 . ?sbj wdt:P31 wd:Q6881511 }
wich means{Total number of cases}that {suffers from} at{Giovanni Battista Pergolesi} ?,SELECT ?answer WHERE { wd:Q185312 wdt:P1050 ?X . ?X wdt:P1603 ?answer}
What are the cryptocurrency which start with the letter z,"SELECT DISTINCT ?sbj ?sbj_label WHERE { ?sbj wdt:P31 wd:Q13479982 . ?sbj rdfs:label ?sbj_label . FILTER(STRSTARTS(lcase(?sbj_label), 'z')) . FILTER (lang(?sbj_label) = 'en') } LIMIT 25"
Where is Jacob W. Davis' place of death that is adjacent to Daly City?,SELECT ?answer WHERE { wd:Q1488960 wdt:P20 ?answer . ?answer wdt:P47 wd:Q370925}
"Who are the {characters} in {Exodus}, the has a {brother or sister} named {Nadabe}?",SELECT ?answer WHERE { wd:Q9190 wdt:P674 ?answer . ?answer wdt:P3373 wd:Q1941782}
who is the astronomical observatory for operator of California Institute of technology?,select distinct ?sbj where { ?sbj wdt:P137 wd:Q161562 . ?sbj wdt:P31 wd:Q1254933 }
What was Yuri Lotman a member of starting 1977?,"SELECT ?obj WHERE { wd:Q360084 p:P463 ?s . ?s ps:P463 ?obj . ?s pq:P580 ?x filter(contains(YEAR(?x),'1977')) }"
Which is the khanate which contains the word türgesh in their name?,"SELECT DISTINCT ?sbj ?sbj_label WHERE { ?sbj wdt:P31 wd:Q331644 . ?sbj rdfs:label ?sbj_label . FILTER(CONTAINS(lcase(?sbj_label), 'türgesh')) . FILTER (lang(?sbj_label) = 'en') } LIMIT 25"
When did Stephen Harper begin his term as Prime Minister of Canada?,SELECT ?value WHERE { wd:Q206 p:P39 ?s . ?s ps:P39 wd:Q839078 . ?s pq:P580 ?value}
What award Angela Lansbury has received at Tony Award for Best Actress in a Musical ?,SELECT ?value WHERE { wd:Q206856 p:P166 ?s . ?s ps:P166 wd:Q1537996 . ?s pq:P805 ?value}
What disease was treated with niacin that was used for treatment of cerivastatin?,SELECT ?answer WHERE { wd:Q134658 wdt:P2175 ?answer . ?answer wdt:P2176 wd:Q423439}
When was Sun Wen a member of the sports team Atlanta Beat?,SELECT ?value WHERE { wd:Q253223 p:P54 ?s . ?s ps:P54 wd:Q4816008 . ?s pq:P580 ?value}
Where is {pronunciation audio} of {continent} {Kadamba Dynasty} ?,SELECT ?answer WHERE { wd:Q1479952 wdt:P30 ?X . ?X wdt:P443 ?answer}
What position did Stanisław Koniecpolski held where he was replaced by Mikołaj Potock?,SELECT ?obj WHERE { wd:Q722463 p:P39 ?s . ?s ps:P39 ?obj . ?s pq:P1366 wd:Q2626598 }
"""Which actor in the Schindler's List, has an intersex that is a female?""",SELECT ?answer WHERE { wd:Q483941 wdt:P161 ?answer . ?answer wdt:P21 wd:Q6581072}
From what position was Klement Gottwald replaced by Edvard Beneš?,SELECT ?obj WHERE { wd:Q296054 p:P39 ?s . ?s ps:P39 ?obj . ?s pq:P1365 wd:Q152274 }
When did Tim Duncan receive the John R. Wooden Award?,SELECT ?value WHERE { wd:Q193020 p:P166 ?s . ?s ps:P166 wd:Q1641970 . ?s pq:P585 ?value}
What was the population of Sioux Falls in 2000?,"SELECT ?obj WHERE { wd:Q131335 p:P1082 ?s . ?s ps:P1082 ?obj . ?s pq:P585 ?x filter(contains(YEAR(?x),'2000')) }"
What is the location in or next to body of water and time zone of Nice?,SELECT ?ans_1 ?ans_2 WHERE { wd:Q33959 wdt:P206 ?ans_1 . wd:Q33959 wdt:P421 ?ans_2 }
What is { population } of { Versailles } that is { time point } is { 2013 - 1 - 1 }?,"SELECT ?obj WHERE { wd:Q621 p:P1082 ?s . ?s ps:P1082 ?obj . ?s pq:P585 ?x filter(contains(YEAR(?x),'2013')) }"
Who was nominated for the Academy Award for Best Sound Mixing because of their work in Saving Private Ryan?,SELECT ?value WHERE { wd:Q165817 p:P1411 ?s . ?s ps:P1411 wd:Q830079 . ?s pq:P2453 ?value}
"When New Caledonia was given a seat on the United Nations Educational, Scientific and Cultural Organization?",SELECT ?value WHERE { wd:Q33788 p:P463 ?s . ?s ps:P463 wd:Q7809 . ?s pq:P580 ?value}
Tell me the population of the history of the Marshall Islands.,SELECT ?answer WHERE { wd:Q899049 wdt:P1269 ?X . ?X wdt:P1082 ?answer}
When did Norman Borlaug receive the AAAS Philip Hauge Abelson Prize?,SELECT ?value WHERE { wd:Q154824 p:P166 ?s . ?s ps:P166 wd:Q19877229 . ?s pq:P585 ?value}
What of David Vetter's is buried at cities of Dawson County?,SELECT ?answer WHERE { wd:Q726179 wdt:P119 ?answer . ?answer wdt:P150 wd:Q110670}
When was Shania Twain nominated for the Best Female Country Vocal Performance at the Grammys?,SELECT ?value WHERE { wd:Q131433 p:P1411 ?s . ?s ps:P1411 wd:Q5593802 . ?s pq:P585 ?value}
"What is the craft of Patrick Henry, whose field of this craft is law.",SELECT ?answer WHERE { wd:Q311885 wdt:P106 ?answer . ?answer wdt:P425 wd:Q7748}
which natural number with the highest numeric value whose instance is natural number?,select ?ent where { ?ent wdt:P31 wd:Q21199 . ?ent wdt:P1181 ?obj . ?ent wdt:P31 wd:Q21199 } ORDER BY DESC(?obj)LIMIT 5
Which is the capitol building that Thomas Jefferson was the architect for?,select distinct ?sbj where { ?sbj wdt:P84 wd:Q11812 . ?sbj wdt:P31 wd:Q3284499 }
Which in {battle} {has daughter} of {Yeon Taejo} ?,SELECT ?answer WHERE { wd:Q703988 wdt:P40 ?X . ?X wdt:P607 ?answer}
What timeline is the topic of the aspect of Mathematical formulation of quantum mechanics?,SELECT ?answer WHERE { wd:Q606855 wdt:P1269 ?X . ?X wdt:P2184 ?answer}
How many licenses are also copyrighted?,SELECT (COUNT(?sub) AS ?value ) { ?sub wdt:P275 wd:Q12948581 }
Which shipwreck had more casualties than the RMS Titanic?,select ?ent where { ?ent wdt:P31 wd:Q906512 . ?ent wdt:P1590 ?obj . ?ent wdt:P1876 wd:Q25173} ORDER BY ASC(?obj)LIMIT 5
Who was the twinned administrative body of Makhachkala until February 2nd 2016?,"SELECT ?obj WHERE { wd:Q5168 p:P190 ?s . ?s ps:P190 ?obj . ?s pq:P582 ?x filter(contains(YEAR(?x),'2016')) }"
When did Alcide De Gasperi take on his role as the head of the Italian government?,SELECT ?value WHERE { wd:Q38 p:P6 ?s . ?s ps:P6 wd:Q153832 . ?s pq:P580 ?value}
What is the amount of medical examinations for colorectal cancer?,SELECT (COUNT(?obj) AS ?value ) { wd:Q188874 wdt:P923 ?obj }
What positions does the United Nations General Assembly appoint?,select distinct ?sbj where { ?sbj wdt:P748 wd:Q47423 . ?sbj wdt:P31 wd:Q4164871 }
Tell me the State church that office held by head of the organisation Archbishop of Canterbury and which that starts with the letter c,"SELECT DISTINCT ?sbj ?sbj_label WHERE { ?sbj wdt:P31 wd:Q2325038 . ?sbj wdt:P2388 wd:Q29282 . ?sbj rdfs:label ?sbj_label . FILTER(STRSTARTS(lcase(?sbj_label), 'c')) . FILTER (lang(?sbj_label) = 'en') } LIMIT 25"
What sister city was born in of Zakhar Oskotsky?,SELECT ?answer WHERE { wd:Q4338004 wdt:P19 ?X . ?X wdt:P190 ?answer}
"Name a maritime republic that used to speak Latin and that contains the word ""Republic"" in its name","SELECT DISTINCT ?sbj ?sbj_label WHERE { ?sbj wdt:P31 wd:Q43185013 . ?sbj wdt:P2936 wd:Q397 . ?sbj rdfs:label ?sbj_label . FILTER(CONTAINS(lcase(?sbj_label), 'republic')) . FILTER (lang(?sbj_label) = 'en') } LIMIT 25"
What are the meteorological phenomenon which start with the letter W,"SELECT DISTINCT ?sbj ?sbj_label WHERE { ?sbj wdt:P31 wd:Q16332653 . ?sbj rdfs:label ?sbj_label . FILTER(STRSTARTS(lcase(?sbj_label), 'w')) . FILTER (lang(?sbj_label) = 'en') } LIMIT 25"
"Which is {famous works} of {songwriter} of {Nocturne No. 12 in G major, Op. 37, No. 2} ?",SELECT ?answer WHERE { wd:Q16739817 wdt:P86 ?X . ?X wdt:P800 ?answer}
Who regulates the genetic association of hsa-miR-5006-3p in molecular biology,SELECT ?answer WHERE { wd:Q27593301 wdt:P128 ?X . ?X wdt:P2293 ?answer}
When did Edward Norton Lorenz receive the Buys Ballot Medal?,SELECT ?value WHERE { wd:Q174808 p:P166 ?s . ?s ps:P166 wd:Q1018319 . ?s pq:P585 ?value}
What countries celebrate Chinese New Year?,select distinct ?sbj where { ?sbj wdt:P832 wd:Q131772 . ?sbj wdt:P31 wd:Q3624078 }
When did David Susskind and Joyce Davidson marry?,SELECT ?value WHERE { wd:Q4408937 p:P26 ?s . ?s ps:P26 wd:Q6297452 . ?s pq:P580 ?value}
What is {attendee} in {conflict} of {Curt Badinski} ?,SELECT ?answer WHERE { wd:Q2574334 wdt:P607 ?X . ?X wdt:P710 ?answer}
Who is the chairman of the member of Gordon S. Wood?,SELECT ?answer WHERE { wd:Q5585778 wdt:P463 ?X . ?X wdt:P488 ?answer}
"""What is the {first name} of {John J. Pershing, which means {the same as} the name {Loann}?""",SELECT ?answer WHERE { wd:Q272383 wdt:P735 ?answer . ?answer wdt:P460 wd:Q17125945}
"what is the administrative unit of sardinia which has Q48460 as ""2--45""?","SELECT ?answer WHERE { wd:Q1462 wdt:P131 ?answer . ?answer wdt:P1036 ?x FILTER(contains(?x,'2--45'))}"
What was the maker of the art of sculpture a proponent of?,SELECT ?answer WHERE { wd:Q11634 wdt:P3095 ?X . ?X wdt:P1056 ?answer}
At what point in time did B.F Skinner receive the E.L. Thorndike Award?,SELECT ?value WHERE { wd:Q213195 p:P166 ?s . ?s ps:P166 wd:Q5322016 . ?s pq:P585 ?value}
"When Lily Tomlin, the spouse of Jane Wagner, was born?",SELECT ?value WHERE { wd:Q229271 p:P26 ?s . ?s ps:P26 wd:Q13560376 . ?s pq:P580 ?value}
The Dreamers' was originally written in the language of what state?,SELECT ?answer WHERE { wd:Q822946 wdt:P364 ?X . ?X wdt:P17 ?answer}
"Is Janet Jackson, the performer, single?",select distinct ?sbj where { ?sbj wdt:P175 wd:Q131324 . ?sbj wdt:P31 wd:Q134556 }
Where are The Band's cat films shot?,SELECT ?answer WHERE { wd:Q600344 wdt:P740 ?X . ?X wdt:P1740 ?answer}
who  is the professional wrestling promotion for replaces of WWE?,select distinct ?obj where { wd:Q35339 wdt:P1365 ?obj . ?obj wdt:P31 wd:Q721067 }
which country club has the highest slop rating?,select ?ent where { ?ent wdt:P31 wd:Q1137210 . ?ent wdt:P3840 ?obj } ORDER BY DESC(?obj)LIMIT 5
"What is the mantra created by Vishvamitra that contains the word ""Gayatri"" in its title?","SELECT DISTINCT ?sbj ?sbj_label WHERE { ?sbj wdt:P31 wd:Q131510 . ?sbj wdt:P170 wd:Q2773345 . ?sbj rdfs:label ?sbj_label . FILTER(CONTAINS(lcase(?sbj_label), 'gayatri')) . FILTER (lang(?sbj_label) = 'en') } LIMIT 25"
The papers at Religious Society of Friends uses what Institutional template?,SELECT ?answer WHERE { wd:Q170208 wdt:P485 ?X . ?X wdt:P1612 ?answer}
What software uses Hebrew language?,select distinct ?sbj where { ?sbj wdt:P407 wd:Q9288 . ?sbj wdt:P31 wd:Q218616 }
When did Lucille Ball and Gary Morton get divorced?,SELECT ?value WHERE { wd:Q209662 p:P26 ?s . ?s ps:P26 wd:Q5525629 . ?s pq:P582 ?value}
Tell me the social networking service which starts with the letter y?,"SELECT DISTINCT ?sbj ?sbj_label WHERE { ?sbj wdt:P31 wd:Q3220391 . ?sbj rdfs:label ?sbj_label . FILTER(STRSTARTS(lcase(?sbj_label), 'y')) . FILTER (lang(?sbj_label) = 'en') } LIMIT 25"
When was Team Fortress 2 (retail distribution) published?,SELECT ?obj WHERE { wd:Q382108 p:P577 ?s . ?s ps:P577 ?obj . ?s pq:P437 wd:Q7316614 }
What is the name for someone who works in psychoanalysis,select distinct ?sbj where { ?sbj wdt:P101 wd:Q41630 . ?sbj wdt:P31 wd:Q5 }
What is the body of water with GPS coordinates of 0.0 located in Tarawa?,"SELECT ?answer WHERE { wd:Q2486 wdt:P206 ?answer . ?answer wdt:P625 ?x FILTER(contains(?x,'0.0'))}"
Where did this DVD come from and who owns it now?,SELECT ?answer WHERE { wd:Q5294 wdt:P127 ?X . ?X wdt:P740 ?answer}
What significant event in 1978-6-1 is Michelle Bachelet known for?,"SELECT ?obj WHERE { wd:Q320 p:P793 ?s . ?s ps:P793 ?obj . ?s pq:P585 ?x filter(contains(YEAR(?x),'1978')) }"
Where is the work location of Arturo Toscanini on Staten Island?,SELECT ?answer WHERE { wd:Q13003 wdt:P937 ?answer . ?answer wdt:P150 wd:Q18432}
Who was Simon Rattle's spouse until the year 2004?,"SELECT ?obj WHERE { wd:Q157814 p:P26 ?s . ?s ps:P26 ?obj . ?s pq:P582 ?x filter(contains(YEAR(?x),'2004')) }"
What are the baseball teams that start with the letter A,"SELECT DISTINCT ?sbj ?sbj_label WHERE { ?sbj wdt:P31 wd:Q13027888 . ?sbj rdfs:label ?sbj_label . FILTER(STRSTARTS(lcase(?sbj_label), 'á')) . FILTER (lang(?sbj_label) = 'en') } LIMIT 25"
"With a zenith of Ben Nevis, what is Gian Carlo Menotti's home town?",SELECT ?answer WHERE { wd:Q270662 wdt:P551 ?answer . ?answer wdt:P610 wd:Q104674}
Tell me reform whose name has the word reform in it.,"SELECT DISTINCT ?sbj ?sbj_label WHERE { ?sbj wdt:P31 wd:Q900406 . ?sbj rdfs:label ?sbj_label . FILTER(CONTAINS(lcase(?sbj_label), 'reforms')) . FILTER (lang(?sbj_label) = 'en') } LIMIT 25"
Tell me magazine whose name has the word zillo in it.,"SELECT DISTINCT ?sbj ?sbj_label WHERE { ?sbj wdt:P31 wd:Q41298 . ?sbj rdfs:label ?sbj_label . FILTER(CONTAINS(lcase(?sbj_label), 'zillo')) . FILTER (lang(?sbj_label) = 'en') } LIMIT 25"
"WHat are the science branches that contain the word ""engineering"" in their name ?","SELECT DISTINCT ?sbj ?sbj_label WHERE { ?sbj wdt:P31 wd:Q2465832 . ?sbj wdt:P3095 wd:Q81096 . ?sbj rdfs:label ?sbj_label . FILTER(CONTAINS(lcase(?sbj_label), 'engineering')) . FILTER (lang(?sbj_label) = 'en') } LIMIT 25"
"What is the mother tongue of Marie Curie, that has free order language typology?",SELECT ?answer WHERE { wd:Q7186 wdt:P103 ?answer . ?answer wdt:P4132 wd:Q33129605}
What are the hot spring which start with the letter m,"SELECT DISTINCT ?sbj ?sbj_label WHERE { ?sbj wdt:P31 wd:Q3273292 . ?sbj rdfs:label ?sbj_label . FILTER(STRSTARTS(lcase(?sbj_label), 'm')) . FILTER (lang(?sbj_label) = 'en') } LIMIT 25"
Which is the museum that is commissioned by the Suleiman the Magnificent?,select distinct ?sbj where { ?sbj wdt:P88 wd:Q8474 . ?sbj wdt:P31 wd:Q33506 }
How many items are narrated by Tom Kenny?,SELECT (COUNT(?sub) AS ?value ) { ?sub wdt:P2438 wd:Q299282 }
How many children do Jean le Rond D'Alembert have?,SELECT (COUNT(?sub) AS ?value ) { ?sub wdt:P40 wd:Q153232 }
What are the scientific theory which start with the letter u,"SELECT DISTINCT ?sbj ?sbj_label WHERE { ?sbj wdt:P31 wd:Q3239681 . ?sbj rdfs:label ?sbj_label . FILTER(STRSTARTS(lcase(?sbj_label), 'u')) . FILTER (lang(?sbj_label) = 'en') } LIMIT 25"
What year was the final product of DC-8 made?,SELECT ?answer WHERE { wd:Q223315 wdt:P176 ?X . ?X wdt:P576 ?answer}
Where is the death place of Masaccio whose countries are municipio XII?,SELECT ?answer WHERE { wd:Q5811 wdt:P20 ?answer . ?answer wdt:P150 wd:Q16481992}
Who is the government that heads the workplace of Carl Theodor Dreyer?,SELECT ?answer WHERE { wd:Q51127 wdt:P937 ?X . ?X wdt:P6 ?answer}
What international airport is Delta Air Lines' hub?,select distinct ?obj where { wd:Q188920 wdt:P113 ?obj . ?obj wdt:P31 wd:Q644371 }
What colours are on Kashirskaya?,SELECT ?answer WHERE { wd:Q2329927 wdt:P81 ?X . ?X wdt:P462 ?answer}
Who has surname as Mireille Mathieu and similar to Matias?,SELECT ?answer WHERE { wd:Q71452 wdt:P734 ?answer . ?answer wdt:P460 wd:Q29905256}
What is the name of David Brudnoy's alumni foundation?,SELECT ?answer WHERE { wd:Q15516751 wdt:P69 ?X . ?X wdt:P571 ?answer}
What is the {murder method} of {Bill Gold} that has a {genetic association} in {SORL1}?,SELECT ?answer WHERE { wd:Q4909170 wdt:P509 ?answer . ?answer wdt:P2293 wd:Q7392091}
What is {award received} of {Brno} where {point in time} is {2008-0-0} ?,"SELECT ?obj WHERE { wd:Q14960 p:P166 ?s . ?s ps:P166 ?obj . ?s pq:P585 ?x filter(contains(YEAR(?x),'2008')) }"
What platform and software engine does Dota 2 use?,SELECT ?ans_1 ?ans_2 WHERE { wd:Q771541 wdt:P400 ?ans_1 . wd:Q771541 wdt:P408 ?ans_2 }
What award did Wilhelm Ostwald receive in 1909?,"SELECT ?obj WHERE { wd:Q12658 p:P166 ?s . ?s ps:P166 ?obj . ?s pq:P585 ?x filter(contains(YEAR(?x),'1909')) }"
What position did Edward VII have that ended on 1910-5-6?,"SELECT ?obj WHERE { wd:Q20875 p:P39 ?s . ?s ps:P39 ?obj . ?s pq:P582 ?x filter(contains(YEAR(?x),'1910')) }"
"WHat brain region that supplies superior cerebellar artery contains the word ""cerebellum"" in its name ?","SELECT DISTINCT ?sbj ?sbj_label WHERE { ?sbj wdt:P31 wd:Q1620186 . ?sbj wdt:P2286 wd:Q707592 . ?sbj rdfs:label ?sbj_label . FILTER(CONTAINS(lcase(?sbj_label), 'cerebellum')) . FILTER (lang(?sbj_label) = 'en') } LIMIT 25"
When was Pier Luigi Bersani first elected head of the government of Emilia-Romagna?,SELECT ?value WHERE { wd:Q1263 p:P6 ?s . ?s ps:P6 wd:Q47556 . ?s pq:P580 ?value}
What are the historical motorcycle manufacturer which start with the letter W,"SELECT DISTINCT ?sbj ?sbj_label WHERE { ?sbj wdt:P31 wd:Q15081032 . ?sbj rdfs:label ?sbj_label . FILTER(STRSTARTS(lcase(?sbj_label), 'w')) . FILTER (lang(?sbj_label) = 'en') } LIMIT 25"
Who was the person that was a student of Gustav Mahler?,select distinct ?sbj where { ?sbj wdt:P1066 wd:Q7304 . ?sbj wdt:P31 wd:Q5 }
What artist inspired Lena's narrative?,SELECT ?answer WHERE { wd:Q25936088 wdt:P1441 ?X . ?X wdt:P1877 ?answer}
When did Pierre-Auguste Renoir end his residence in Limoges?,SELECT ?value WHERE { wd:Q39931 p:P551 ?s . ?s ps:P551 wd:Q45656 . ?s pq:P582 ?value}
Who gave the  {moveable object location} of {significant incident} of {Theodore Dreiser} ?,SELECT ?answer WHERE { wd:Q486096 wdt:P793 ?X . ?X wdt:P276 ?answer}
Tell me the brain region that contains the word thalamus in their name,"SELECT DISTINCT ?sbj ?sbj_label WHERE { ?sbj wdt:P31 wd:Q1620186 . ?sbj rdfs:label ?sbj_label . FILTER(CONTAINS(lcase(?sbj_label), 'thalamus')) . FILTER (lang(?sbj_label) = 'en') } LIMIT 25"
Who is the CEO of Society of Jesus?,select distinct ?obj where { wd:Q36380 wdt:P169 ?obj . ?obj wdt:P31 wd:Q5 }
Which is the position that applies to the jurisdiction of Bucharest?,select distinct ?sbj where { ?sbj wdt:P1001 wd:Q19660 . ?sbj wdt:P31 wd:Q4164871 }
"WHICH IS THE MOUNTAIN STAGE WITH THE MA
XIMUM  SPEED",select ?ent where { ?ent wdt:P31 wd:Q20646668 . ?ent wdt:P2052 ?obj } ORDER BY DESC(?obj)LIMIT 5
Name the web search engine that contains the word yatedo in their name,"SELECT DISTINCT ?sbj ?sbj_label WHERE { ?sbj wdt:P31 wd:Q4182287 . ?sbj rdfs:label ?sbj_label . FILTER(CONTAINS(lcase(?sbj_label), 'yatedo')) . FILTER (lang(?sbj_label) = 'en') } LIMIT 25"
What are the state function which start with the letter z,"SELECT DISTINCT ?sbj ?sbj_label WHERE { ?sbj wdt:P31 wd:Q230937 . ?sbj rdfs:label ?sbj_label . FILTER(STRSTARTS(lcase(?sbj_label), 'z')) . FILTER (lang(?sbj_label) = 'en') } LIMIT 25"
What's the territorial entity and twinned administrative body of San Francisco?,SELECT ?ans_1 ?ans_2 WHERE { wd:Q62 wdt:P131 ?ans_1 . wd:Q62 wdt:P190 ?ans_2 }
Who replaced Henry VI of England as monarch of England?,SELECT ?value WHERE { wd:Q160337 p:P39 ?s . ?s ps:P39 wd:Q18810062 . ?s pq:P1365 ?value}
Who was the distributor for Married...with Children?,SELECT (COUNT(?obj) AS ?value ) { wd:Q208647 wdt:P750 ?obj }
Who is the  {Turkish bath} for {named after} of {Suleiman the Magnificent},select distinct ?sbj where { ?sbj wdt:P138 wd:Q8474 . ?sbj wdt:P31 wd:Q28077 }
What are the ice hockey team which start with the letter straubing,"SELECT DISTINCT ?sbj ?sbj_label WHERE { ?sbj wdt:P31 wd:Q4498974 . ?sbj rdfs:label ?sbj_label . FILTER(CONTAINS(lcase(?sbj_label), 'straubing')) . FILTER (lang(?sbj_label) = 'en') } LIMIT 25"
Who was Pericles' child?,select distinct ?sbj where { ?sbj wdt:P40 wd:Q80398 . ?sbj wdt:P31 wd:Q5 }
How do you pronounce pasta in Georgian?,SELECT ?obj WHERE { wd:Q178 p:P443 ?s . ?s ps:P443 ?obj . ?s pq:P407 wd:Q8108 }
In what country and sovereign state did the Watergate Scandal occur?,select distinct ?obj where { wd:Q42761 wdt:P17 ?obj . ?obj wdt:P31 wd:Q3624078 }
What is the population of Valladolid?,SELECT ?obj WHERE { wd:Q8356 p:P1082 ?s . ?s ps:P1082 ?obj . ?s pq:P459 wd:Q745221 }
Who is the doctoral supervisor and founder of clinical psychology?,SELECT ?answer WHERE { wd:Q199906 wdt:P112 ?X . ?X wdt:P184 ?answer}
When was James Cagney's spouse born?,SELECT ?answer WHERE { wd:Q94041 wdt:P26 ?X . ?X wdt:P569 ?answer}
Name the website of a business enterprise with the lowest number of registered users.,select ?ent where { ?ent wdt:P31 wd:Q35127 . ?ent wdt:P1833 ?obj . ?ent wdt:P31 wd:Q4830453. } ORDER BY ASC(?obj)LIMIT 5
Tell me freeway network whose name has the word system in it.,"SELECT DISTINCT ?sbj ?sbj_label WHERE { ?sbj wdt:P31 wd:Q55504191 . ?sbj rdfs:label ?sbj_label . FILTER(CONTAINS(lcase(?sbj_label), 'system')) . FILTER (lang(?sbj_label) = 'en') } LIMIT 25"
Who preceded chairwoman Michael Aresco in the Big East Conference in 2013?,SELECT ?answer WHERE { wd:Q7820700 wdt:P1365 ?answer . ?answer wdt:P488 wd:Q16150145}
What what is American football team home venue Soldier Field and also which starts with letter c,"SELECT DISTINCT ?sbj ?sbj_label WHERE { ?sbj wdt:P31 wd:Q17156793 . ?sbj wdt:P115 wd:Q1132413 . ?sbj rdfs:label ?sbj_label . FILTER(STRSTARTS(lcase(?sbj_label), 'c')) . FILTER (lang(?sbj_label) = 'en') } LIMIT 25"
What is the middle name of Francis Frith that has the equivalent of Frans?,SELECT ?answer WHERE { wd:Q978878 wdt:P735 ?answer . ?answer wdt:P460 wd:Q3480175}
"What is the taxon parent of archosaur, whose vernacular name is クルロタルシ類?","SELECT ?answer WHERE { wd:Q130910 wdt:P171 ?answer . ?answer wdt:P1843 ?x FILTER(contains(?x,'クルロタルシ類'))}"
When did Hal Holbrook marry Carol Eve Rossen?,SELECT ?value WHERE { wd:Q314801 p:P26 ?s . ?s ps:P26 wd:Q54812309 . ?s pq:P580 ?value}
What films did Marlon Brando direct?,select distinct ?sbj where { ?sbj wdt:P57 wd:Q34012 . ?sbj wdt:P31 wd:Q11424 }
What country was Jiangsu a part of in October 1949?,"SELECT ?obj WHERE { wd:Q16963 p:P17 ?s . ?s ps:P17 ?obj . ?s pq:P580 ?x filter(contains(YEAR(?x),'1949')) }"
What method did the census use to determine the population of the Coquimbo Region?,SELECT ?obj WHERE { wd:Q2121 p:P1082 ?s . ?s ps:P1082 ?obj . ?s pq:P459 wd:Q39825 }
"What is the alma mater of John Sinclair with a parent company of the University of Michigan School of Music, Theater and Dance?",SELECT ?answer WHERE { wd:Q706977 wdt:P69 ?answer . ?answer wdt:P355 wd:Q7895775}
Who is the spouse of Lord Byron as of January 1st 1815?,"SELECT ?obj WHERE { wd:Q5679 p:P26 ?s . ?s ps:P26 ?obj . ?s pq:P580 ?x filter(contains(YEAR(?x),'1815')) }"
What is the {health specialty} and the {genetic association} of {Dyslexia} ?,SELECT ?ans_1 ?ans_2 WHERE { wd:Q132971 wdt:P1995 ?ans_1 . wd:Q132971 wdt:P2293 ?ans_2 }
What country is Benghazi located in?,select distinct ?obj where { wd:Q40816 wdt:P131 ?obj . ?obj wdt:P31 wd:Q6256 }
"Who was the inventor of the B-tree, who was awarded the Officer's Cross of the Order of Merit of the Federal Republic of Germany?",SELECT ?answer WHERE { wd:Q677051 wdt:P61 ?answer . ?answer wdt:P166 wd:Q10905334}
The twinned administrative body of Greater Manchester is located in which independent community?,select distinct ?sbj where { ?sbj wdt:P190 wd:Q23099 . ?sbj wdt:P31 wd:Q2267870 }
When was the Nintendo 3DS published from Australia?,SELECT ?obj WHERE { wd:Q203597 p:P577 ?s . ?s ps:P577 ?obj . ?s pq:P291 wd:Q408 }
"What is the February 17 time index that shows category March 2, 2018?",select ?ent where { ?ent wdt:P31 wd:Q5439739 . ?ent wdt:P4895 ?obj . ?ent wdt:P910 wd:Q46452137 } ORDER BY DESC(?obj)LIMIT 5
What is the capital of Nanjing?,select distinct ?sbj where { ?sbj wdt:P36 wd:Q16666 . ?sbj wdt:P31 wd:Q50068795 }
What is the language of work and narrative location of the book Of Mice and Men?,SELECT ?ans_1 ?ans_2 WHERE { wd:Q457977 wdt:P407 ?ans_1 . wd:Q457977 wdt:P840 ?ans_2 }
What is the oxidation state for nickel?,SELECT (COUNT(?obj) AS ?value ) { wd:Q744 wdt:P1121 ?obj }
what are the vegetation zone which start with the letter t,"SELECT DISTINCT ?sbj ?sbj_label WHERE { ?sbj wdt:P31 wd:Q2083910 . ?sbj rdfs:label ?sbj_label . FILTER(STRSTARTS(lcase(?sbj_label), 't')) . FILTER (lang(?sbj_label) = 'en') } LIMIT 25"
Tell me physical phenomenon whose name has the word surface in it.,"SELECT DISTINCT ?sbj ?sbj_label WHERE { ?sbj wdt:P31 wd:Q1293220 . ?sbj rdfs:label ?sbj_label . FILTER(CONTAINS(lcase(?sbj_label), 'surface')) . FILTER (lang(?sbj_label) = 'en') } LIMIT 25"
What award did the United States Air Force Academy receive on 8/31/1998?,"SELECT ?obj WHERE { wd:Q1331280 p:P166 ?s . ?s ps:P166 ?obj . ?s pq:P585 ?x filter(contains(YEAR(?x),'1998')) }"
How many partners does Iron man have?,SELECT (COUNT(?sub) AS ?value ) { ?sub wdt:P451 wd:Q180704 }
how many charges does nuremberg trials have?,SELECT (COUNT(?obj) AS ?value ) { wd:Q80130 wdt:P1595 ?obj }
who is partner of Tyler Perry that has start time is 2009-1-1 ?,"SELECT ?obj WHERE { wd:Q686301 p:P451 ?s . ?s ps:P451 ?obj . ?s pq:P580 ?x filter(contains(YEAR(?x),'2009')) }"
Where is the river mouth of the Uruguay river?,SELECT ?answer WHERE { wd:Q18278 wdt:P403 ?X . ?X wdt:P974 ?answer}
What was the Graduate Dustin Hoffman nominated for?,SELECT ?obj WHERE { wd:Q217627 p:P1411 ?s . ?s ps:P1411 ?obj . ?s pq:P2453 wd:Q42930 }
Tell me atmospheric optical phenomenon whose name has the word subsun in it.,"SELECT DISTINCT ?sbj ?sbj_label WHERE { ?sbj wdt:P31 wd:Q29564129 . ?sbj rdfs:label ?sbj_label . FILTER(CONTAINS(lcase(?sbj_label), 'subsun')) . FILTER (lang(?sbj_label) = 'en') } LIMIT 25"
What is the total fertility rate of Sudan with estimation process?,SELECT ?obj WHERE { wd:Q1049 p:P4841 ?s . ?s ps:P4841 ?obj . ?s pq:P459 wd:Q791801 }
What event in the 1951 24 Hours of Le Mans did A.J. Foyt take part in?,SELECT ?answer WHERE { wd:Q173228 wdt:P1344 ?answer . ?answer wdt:P793 wd:Q216396}
Tell me mountain whose name has the word zumsteinspitze  in it.,"SELECT DISTINCT ?sbj ?sbj_label WHERE { ?sbj wdt:P31 wd:Q8502 . ?sbj rdfs:label ?sbj_label . FILTER(CONTAINS(lcase(?sbj_label), 'zumsteinspitze')) . FILTER (lang(?sbj_label) = 'en') } LIMIT 25"
What is the {scientific area} of {correspondence at} of {Emil Baumgartel}?,SELECT ?answer WHERE { wd:Q1335827 wdt:P485 ?X . ?X wdt:P101 ?answer}
What are the Christian denomination which start with the letter united,"SELECT DISTINCT ?sbj ?sbj_label WHERE { ?sbj wdt:P31 wd:Q879146 . ?sbj rdfs:label ?sbj_label . FILTER(CONTAINS(lcase(?sbj_label), 'united')) . FILTER (lang(?sbj_label) = 'en') } LIMIT 25"
When did the Iron Age start in Greece?,SELECT ?obj WHERE { wd:Q11764 p:P580 ?s . ?s ps:P580 ?obj . ?s pq:P518 wd:Q41 }
What county seat of N'Djamena contains the villages of the Kanem Region?,SELECT ?answer WHERE { wd:Q3659 wdt:P1376 ?answer . ?answer wdt:P150 wd:Q849841}
"What is the {bordered} {City of Cape Town}, that {contains} a {Saldanha Bay Local Municipality}?",SELECT ?answer WHERE { wd:Q1185115 wdt:P47 ?answer . ?answer wdt:P150 wd:Q2006784}
What is the religious order of the 14th  Dalai Lama religion?,SELECT ?ans_1 ?ans_2 WHERE { wd:Q17293 wdt:P611 ?ans_1 . wd:Q17293 wdt:P140 ?ans_2 }
Who is the person that composed La Traviata?,select distinct ?obj where { wd:Q186162 wdt:P86 ?obj . ?obj wdt:P31 wd:Q5 }
What award did Kiri Te Kanawa receive on 1/26/1990?,"SELECT ?obj WHERE { wd:Q380133 p:P166 ?s . ?s ps:P166 ?obj . ?s pq:P585 ?x filter(contains(YEAR(?x),'1990')) }"
Which television series did {Francis Ford Coppola produce?,select distinct ?sbj where { ?sbj wdt:P1431 wd:Q56094 . ?sbj wdt:P31 wd:Q5398426 }
"What's Paul Kagame's position since January 28, 2018?","SELECT ?obj WHERE { wd:Q1231345 p:P39 ?s . ?s ps:P39 ?obj . ?s pq:P580 ?x filter(contains(YEAR(?x),'2018')) }"
Dan Carter plays which rugby position?,select distinct ?obj where { wd:Q726199 wdt:P413 ?obj . ?obj wdt:P31 wd:Q6583019 }
In which major city is Urdu the official language?,select distinct ?sbj where { ?sbj wdt:P37 wd:Q1617 . ?sbj wdt:P31 wd:Q174844 }
"What are the languages spoken by Dietrich Buxtehude, which have the cases of or are in the vocative case (VC)?",SELECT ?answer WHERE { wd:Q153637 wdt:P1412 ?answer . ?answer wdt:P2989 wd:Q185077}
What topic of the history of Wales has cities like Caerphilly County Borough as central areas?,SELECT ?answer WHERE { wd:Q1063608 wdt:P1269 ?answer . ?answer wdt:P150 wd:Q748065}
Which is the public office that George Weah held a position in?,select distinct ?obj where { wd:Q173139 wdt:P39 ?obj . ?obj wdt:P31 wd:Q294414 }
What derivative of platinum is named after Francis Louis Sperry?,SELECT ?answer WHERE { wd:Q880 wdt:P186 ?answer . ?answer wdt:P138 wd:Q27908788}
What city was Phil LaMarr born in?,SELECT ?answer WHERE { wd:Q356541 wdt:P19 ?X . ?X wdt:P190 ?answer}
What are the Luther city which start with the letter w,"SELECT DISTINCT ?sbj ?sbj_label WHERE { ?sbj wdt:P31 wd:Q1547289 . ?sbj rdfs:label ?sbj_label . FILTER(STRSTARTS(lcase(?sbj_label), 'w')) . FILTER (lang(?sbj_label) = 'en') } LIMIT 25"
How many active ingredients make up epinephrine?,SELECT (COUNT(?sub) AS ?value ) { ?sub wdt:P3781 wd:Q132621 }
"What award did Richard Meier recieve on Janurary 1, 1988?","SELECT ?obj WHERE { wd:Q159612 p:P166 ?s . ?s ps:P166 ?obj . ?s pq:P585 ?x filter(contains(YEAR(?x),'1988')) }"
When was the graduate of Konstantin Balmont constructed?,SELECT ?answer WHERE { wd:Q314498 wdt:P69 ?X . ?X wdt:P571 ?answer}
What is the currency used in Norman conquest of England} ?,SELECT ?answer WHERE { wd:Q200485 wdt:P276 ?X . ?X wdt:P38 ?answer}
What is the capital of Helsinki that is located in the administrative territorial entity of the Russian Empire?,SELECT ?obj WHERE { wd:Q1757 p:P1376 ?s . ?s ps:P1376 ?obj . ?s pq:P131 wd:Q34266 }
Who is the leader of Czechoslovakia?,select distinct ?obj where { wd:Q33946 wdt:P35 ?obj . ?obj wdt:P31 wd:Q5 }
Who was the chairperson of Mossad that started in 2002?,"SELECT ?obj WHERE { wd:Q34216 p:P488 ?s . ?s ps:P488 ?obj . ?s pq:P580 ?x filter(contains(YEAR(?x),'2002')) }"
Name the submarine power cable with the least throughput whose CEO is Nasos Ktorides,select ?ent where { ?ent wdt:P31 wd:Q4117949 . ?ent wdt:P2957 ?obj . ?ent wdt:P169 wd:Q47459088} ORDER BY ASC(?obj)LIMIT 5
Which is the aircraft family that it is operated by Qantas?,select distinct ?obj where { wd:Q32491 wdt:P121 ?obj . ?obj wdt:P31 wd:Q15056993 }
Which medal did Dara Torres receive for swimming in the Women's 50 metre freestyle during the 2008 Summer Olympics?,SELECT ?value WHERE { wd:Q229926 p:P1344 ?s . ?s ps:P1344 wd:Q1094667 . ?s pq:P166 ?value}
How many participants did Nursultan Nazarbayev have?,SELECT (COUNT(?sub) AS ?value ) { ?sub wdt:P710 wd:Q57394 }
Who developed Structured Query Language?,select distinct ?obj where { wd:Q47607 wdt:P178 ?obj . ?obj wdt:P31 wd:Q5 }
What was Isabelle Huppert nominated for in 2003?,"SELECT ?obj WHERE { wd:Q106365 p:P1411 ?s . ?s ps:P1411 ?obj . ?s pq:P585 ?x filter(contains(YEAR(?x),'2003')) }"
When did Beverly Sills ended her position as a chairperson?,SELECT ?value WHERE { wd:Q235517 p:P39 ?s . ?s ps:P39 wd:Q140686 . ?s pq:P582 ?value}
Who is the advisor informed by Richard Dawkins?,SELECT ?answer WHERE { wd:Q44461 wdt:P737 ?X . ?X wdt:P184 ?answer}
"""Hannes Alfivén was a member of what organization that is headquartered in Frescati?""",SELECT ?answer WHERE { wd:Q54945 wdt:P463 ?answer . ?answer wdt:P159 wd:Q1455650}
who is the significant person of mark zuckerberg?,select distinct ?obj where { wd:Q36215 wdt:P3342 ?obj . ?obj wdt:P31 wd:Q5 }
Is pu i the transliteration of the birth name of Puyi?,"SELECT ?obj WHERE { wd:Q185152 p:P1477 ?s . ?s ps:P1477 ?obj . ?s pq:P5139 ?x filter(contains(?x,'pu i')) }"
How many places of burial are in Bolzano?,SELECT (COUNT(?sub) AS ?value ) { ?sub wdt:P119 wd:Q6526 }
How many language regulatory bodys are there for Portuguese?,SELECT (COUNT(?obj) AS ?value ) { wd:Q5146 wdt:P1018 ?obj }
"What kingdom starts with the letter ""z""?","SELECT DISTINCT ?sbj ?sbj_label WHERE { ?sbj wdt:P31 wd:Q417175 . ?sbj rdfs:label ?sbj_label . FILTER(STRSTARTS(lcase(?sbj_label), 'z')) . FILTER (lang(?sbj_label) = 'en') } LIMIT 25"
"Who is the prizewinner of Alain Renais, is it Otar Losseliani?",SELECT ?answer WHERE { wd:Q218022 wdt:P166 ?answer . ?answer wdt:P1346 wd:Q321365}
When was the attempted coup d'etat during the rule of King Juan Carlos I of Spain?,select distinct ?obj where { wd:Q19943 wdt:P793 ?obj . ?obj wdt:P31 wd:Q25906438 }
What are the historical ethnical group that starts with the letter 'x',"SELECT DISTINCT ?sbj ?sbj_label WHERE { ?sbj wdt:P31 wd:Q4204501 . ?sbj rdfs:label ?sbj_label . FILTER(STRSTARTS(lcase(?sbj_label), 'x')) . FILTER (lang(?sbj_label) = 'en') } LIMIT 25"
What academic major is a facet of the history of mathematics?,select distinct ?obj where { wd:Q185264 wdt:P1269 ?obj . ?obj wdt:P31 wd:Q4671286 }
What is the HQ of Ärztekammer Nordrhein?,SELECT ?answer WHERE { wd:Q1715188 wdt:P108 ?X . ?X wdt:P159 ?answer}
What is a mathematical model that starts with the letter t.,"SELECT DISTINCT ?sbj ?sbj_label WHERE { ?sbj wdt:P31 wd:Q486902 . ?sbj rdfs:label ?sbj_label . FILTER(STRSTARTS(lcase(?sbj_label), 't')) . FILTER (lang(?sbj_label) = 'en') } LIMIT 25"
Who is Charles Darwin's child?,select distinct ?obj where { wd:Q1035 wdt:P40 ?obj . ?obj wdt:P31 wd:Q5 }
Name a space station that starts with letter S,"SELECT DISTINCT ?sbj ?sbj_label WHERE { ?sbj wdt:P31 wd:Q25956 . ?sbj wdt:P1427 wd:Q4365460 . ?sbj rdfs:label ?sbj_label . FILTER(STRSTARTS(lcase(?sbj_label), 's')) . FILTER (lang(?sbj_label) = 'en') } LIMIT 25"
where were William Blake and Catherine Blake married?,SELECT ?value WHERE { wd:Q41513 p:P26 ?s . ?s ps:P26 wd:Q5052545 . ?s pq:P2842 ?value}
Where is {land} {adjacent to} {Villanova University} ?,SELECT ?answer WHERE { wd:Q1466001 wdt:P17 ?X . ?X wdt:P47 ?answer}
who record  of sports long jump?,SELECT ?answer WHERE { wd:Q170737 wdt:P641 ?X . ?X wdt:P2869 ?answer}
What employment is portrayed by Alonso Quijano?,SELECT ?answer WHERE { wd:Q944201 wdt:P175 ?X . ?X wdt:P106 ?answer}
"On September 21st, 1821, what degree did Jules Michelet have?","SELECT ?obj WHERE { wd:Q310791 p:P512 ?s . ?s ps:P512 ?obj . ?s pq:P585 ?x filter(contains(YEAR(?x),'1821')) }"
Who is the initiated member of the team of Udo Lattek?,SELECT ?answer WHERE { wd:Q290870 wdt:P54 ?X . ?X wdt:P571 ?answer}
Tell me schism whose name has the word schism in it.,"SELECT DISTINCT ?sbj ?sbj_label WHERE { ?sbj wdt:P31 wd:Q41521 . ?sbj rdfs:label ?sbj_label . FILTER(CONTAINS(lcase(?sbj_label), 'schism')) . FILTER (lang(?sbj_label) = 'en') } LIMIT 25"
What is total fertility rate for national  of Richard Sears ?,SELECT ?answer WHERE { wd:Q470242 wdt:P27 ?X . ?X wdt:P4841 ?answer}
Which result belongs to AT&T Laboratories?,SELECT ?answer WHERE { wd:Q4654538 wdt:P127 ?X . ?X wdt:P1056 ?answer}
When is the basic commencement date?,SELECT ?answer WHERE { wd:Q42979 wdt:P737 ?X . ?X wdt:P571 ?answer}
How many judges are held in the  {Nuremberg trials} ?,SELECT (COUNT(?obj) AS ?value ) { wd:Q80130 wdt:P1594 ?obj }
When was Jacques-Bénigne Bossuet the bishop of Condom?,SELECT ?value WHERE { wd:Q294100 p:P39 ?s . ?s ps:P39 wd:Q34496585 . ?s pq:P580 ?value}
Which is the anthem called Das Lied der Deutschen,SELECT (COUNT(?sub) AS ?value ) { ?sub wdt:P85 wd:Q44042 }
What is Q48460 of the domain of Giordano Bruno?,SELECT ?answer WHERE { wd:Q36330 wdt:P101 ?X . ?X wdt:P1036 ?answer}
"What is the motion picture studio which has made 'The Archers', which has received the award 'Satellite Award for Best Miniseries'?",SELECT ?answer WHERE { wd:Q386813 wdt:P272 ?answer . ?answer wdt:P166 wd:Q7426020}
What state has the highest fertility rate?,select ?ent where { ?ent wdt:P31 wd:Q859563 . ?ent wdt:P4841 ?obj } ORDER BY DESC(?obj)LIMIT 5
What position did Frederick Douglass hold in 1881?,"SELECT ?obj WHERE { wd:Q215562 p:P39 ?s . ?s ps:P39 ?obj . ?s pq:P580 ?x filter(contains(YEAR(?x),'1881')) }"
Who is the {gene} for {genetic association} of {allergic rhinitis},select distinct ?sbj where { ?sbj wdt:P2293 wd:Q272436 . ?sbj wdt:P31 wd:Q7187 }
tell me computer network protocol that edition or translation of Internet Protocol  which  starts with i,"SELECT DISTINCT ?sbj ?sbj_label WHERE { ?sbj wdt:P31 wd:Q15836568 . ?sbj wdt:P629 wd:Q8795 . ?sbj rdfs:label ?sbj_label . FILTER(STRSTARTS(lcase(?sbj_label), 'i')) . FILTER (lang(?sbj_label) = 'en') } LIMIT 25"
What was Edward Albee was nominated for on the 19th Tony Awards?,SELECT ?obj WHERE { wd:Q219420 p:P1411 ?s . ?s ps:P1411 ?obj . ?s pq:P805 wd:Q4595828 }
"The Magic Flute is music composed by which artist, who has a mother named Anna Maria Mozart?",SELECT ?answer WHERE { wd:Q5064 wdt:P86 ?answer . ?answer wdt:P25 wd:Q167981}
What gunpowder developer has a 1318-0-0 birthdate?,"SELECT ?answer WHERE { wd:Q12861 wdt:P61 ?answer . ?answer wdt:P569 ?x FILTER(contains(YEAR(?x),'1318'))}"
What award did Maureen O'Hara receive in 2014?,"SELECT ?obj WHERE { wd:Q229276 p:P166 ?s . ?s ps:P166 ?obj . ?s pq:P585 ?x filter(contains(YEAR(?x),'2014')) }"
What's the patent number for MP3?,SELECT (COUNT(?obj) AS ?value ) { wd:Q42591 wdt:P1246 ?obj }
Tell me the population count of Greece in year 2012,"SELECT ?obj WHERE { wd:Q41 p:P1082 ?s . ?s ps:P1082 ?obj . ?s pq:P585 ?x filter(contains(YEAR(?x),'2012')) }"
who member o of land of bicol region ?,SELECT ?answer WHERE { wd:Q13662 wdt:P17 ?X . ?X wdt:P463 ?answer}
WHICH IS THE ZUCKERART THAT CONTAINS WITH THE WORD SYRUP IN THER NAME,"SELECT DISTINCT ?sbj ?sbj_label WHERE { ?sbj wdt:P31 wd:Q227790 . ?sbj rdfs:label ?sbj_label . FILTER(CONTAINS(lcase(?sbj_label), 'syrup')) . FILTER (lang(?sbj_label) = 'en') } LIMIT 25"
How many parent taxons does Brassicaceae have?,SELECT (COUNT(?sub) AS ?value ) { ?sub wdt:P171 wd:Q156888 }
When Jimmy Cliff was awarded Grammy Award for Best Reggae Album?,SELECT ?value WHERE { wd:Q109063 p:P166 ?s . ?s ps:P166 wd:Q1542180 . ?s pq:P585 ?value}
Is the London Bridge a bascule bridge?,select distinct ?sbj where { ?sbj wdt:P2673 wd:Q130206 . ?sbj wdt:P31 wd:Q911663 }
What is inhabitants of born in  Joseph Colombo ?,SELECT ?answer WHERE { wd:Q640717 wdt:P19 ?X . ?X wdt:P1082 ?answer}
Where was Jane Austen born and where did she die?,SELECT ?ans_1 ?ans_2 WHERE { wd:Q36322 wdt:P19 ?ans_1 . wd:Q36322 wdt:P20 ?ans_2 }
WHICH LAGOON HAVE THE HIGHEST RESISDENCE TIME OF WATER?,select ?ent where { ?ent wdt:P31 wd:Q187223 . ?ent wdt:P3020 ?obj } ORDER BY DESC(?obj)LIMIT 5
Which is the cause of death of Douglas Jardine?,SELECT ?answer WHERE { wd:Q3038014 wdt:P509 ?X . ?X wdt:P828 ?answer}
When Alec Guinness was nominated as Academy Award for Best Actor?,SELECT ?value WHERE { wd:Q103894 p:P1411 ?s . ?s ps:P1411 wd:Q103916 . ?s pq:P585 ?value}
"When was Athens, Greece founded?",SELECT ?value WHERE { wd:Q1524 p:P17 ?s . ?s ps:P17 wd:Q41 . ?s pq:P580 ?value}
Who is the  {human} for {doctoral advisor} of {Claude Shannon},select distinct ?sbj where { ?sbj wdt:P184 wd:Q92760 . ?sbj wdt:P31 wd:Q5 }
Who is the inventor of the anatomical location of sinoatrial node disease?,SELECT ?answer WHERE { wd:Q18553498 wdt:P927 ?X . ?X wdt:P61 ?answer}
What was awarded to Lothat Matthaus when Michel Platini was the 1st place medalist?,SELECT ?answer WHERE { wd:Q36386 wdt:P166 ?answer . ?answer wdt:P1346 wd:Q4261}
Which is {terminating connection location} of {terminating connection} of {Nagano Prefectural Road Route 395} ?,SELECT ?answer WHERE { wd:Q11654640 wdt:P559 ?X . ?X wdt:P609 ?answer}
When did Futurama receive the Primetime Emmy Award for Outstanding Animated Program?,SELECT ?value WHERE { wd:Q73622 p:P166 ?s . ?s ps:P166 wd:Q337926 . ?s pq:P585 ?value}
Tell me the regional organization that shares borders with South Sudan and contains the word arab in it's name?,"SELECT DISTINCT ?sbj ?sbj_label WHERE { ?sbj wdt:P31 wd:Q4120211 . ?sbj wdt:P47 wd:Q958 . ?sbj rdfs:label ?sbj_label . FILTER(CONTAINS(lcase(?sbj_label), 'arab')) . FILTER (lang(?sbj_label) = 'en') } LIMIT 25"
"Who was the head of state for Tenochtitlan on December 3, 1520?","SELECT ?obj WHERE { wd:Q13695 p:P35 ?s . ?s ps:P35 ?obj . ?s pq:P582 ?x filter(contains(YEAR(?x),'1520')) }"
What are the associated  astronomical bodies of the Andromeda Galaxy?,select distinct ?obj where { wd:Q2469 wdt:P398 ?obj . ?obj wdt:P31 wd:Q654754 }
What is Adam Weishaupt's first name?,SELECT ?value WHERE { wd:Q159481 p:P735 ?s . ?s ps:P735 wd:Q347181 . ?s pq:P1545 ?value}
When was Ted Kaczynski educated at Harvard University?,SELECT ?value WHERE { wd:Q222134 p:P69 ?s . ?s ps:P69 wd:Q13371 . ?s pq:P580 ?value}
How many payment types are now accepted for your money?,SELECT (COUNT(?sub) AS ?value ) { ?sub wdt:P2851 wd:Q1368 }
How many WHOIN names are there for amphetamine?,SELECT (COUNT(?obj) AS ?value ) { wd:Q179452 wdt:P2275 ?obj }
Who gave the  {has states} of {deathplace} of {Pyotr Zakharov-Chechenets} ?,SELECT ?answer WHERE { wd:Q2366448 wdt:P20 ?X . ?X wdt:P150 ?answer}
How many public holidays are on Boxing Day?,SELECT (COUNT(?sub) AS ?value ) { ?sub wdt:P832 wd:Q956699 }
Which is the television film that was based on Twenty Thousand Leagues Under the Sea?,select distinct ?sbj where { ?sbj wdt:P144 wd:Q183565 . ?sbj wdt:P31 wd:Q506240 }
who is brother for children of Eleanor of Aquitaine ?,SELECT ?answer WHERE { wd:Q178525 wdt:P40 ?X . ?X wdt:P3373 ?answer}
"When did Maximilian I, Holy Roman Emperor, marry Bianca Maria Sforza?",SELECT ?value WHERE { wd:Q150726 p:P26 ?s . ?s ps:P26 wd:Q161136 . ?s pq:P580 ?value}
How many muscle origins are there in the {humerus} ?,SELECT (COUNT(?obj) AS ?value ) { wd:Q162595 wdt:P3490 ?obj }
What was Wally Pfister of the The Dark Knight nominated for?,SELECT ?obj WHERE { wd:Q163872 p:P1411 ?s . ?s ps:P1411 ?obj . ?s pq:P2453 wd:Q460144 }
"Who replaced Henry Addinton, 1st Viscount Sidmouth who held the Secretary of State for the Home Department position?",SELECT ?value WHERE { wd:Q312577 p:P39 ?s . ?s ps:P39 wd:Q2484309 . ?s pq:P1366 ?value}
How many models are in the Airbus A340 series?,SELECT (COUNT(?obj) AS ?value ) { wd:Q6481 wdt:P2073 ?obj }
Who is Warren Beatty's wife or partner?,SELECT ?ans_1 ?ans_2 WHERE { wd:Q95030 wdt:P451 ?ans_1 . wd:Q95030 wdt:P26 ?ans_2 }
How many sources of energy are natural gas?,SELECT (COUNT(?sub) AS ?value ) { ?sub wdt:P618 wd:Q40858 }
how many parents does matterhorn have?,SELECT (COUNT(?sub) AS ?value ) { ?sub wdt:P3137 wd:Q1374 }
Which is the island nation for the country of pound sterling?,select distinct ?obj where { wd:Q25224 wdt:P17 ?obj . ?obj wdt:P31 wd:Q112099 }
Where in Austria is the University of Vienna headquarters located?,SELECT ?obj WHERE { wd:Q165980 p:P159 ?s . ?s ps:P159 ?obj . ?s pq:P17 wd:Q40 }
Who is {born on} {daddy} of {Shah Jahan} ?,SELECT ?answer WHERE { wd:Q83672 wdt:P22 ?X . ?X wdt:P569 ?answer}
Who are native to Sabha?,SELECT ?answer WHERE { wd:Q208389 wdt:P17 ?X . ?X wdt:P1082 ?answer}
What is the opposite of a positron that is pulled by gravity?,SELECT ?answer WHERE { wd:Q3229 wdt:P2152 ?answer . ?answer wdt:P517 wd:Q11412}
When was Eindhoven twinned with Bialystok?,SELECT ?value WHERE { wd:Q9832 p:P190 ?s . ?s ps:P190 wd:Q761 . ?s pq:P580 ?value}
What is the  facility launch site of US Airways Flight 1549 ?,SELECT ?answer WHERE { wd:Q251039 wdt:P1427 ?X . ?X wdt:P912 ?answer}
{magnitude} film studio,"SELECT DISTINCT ?sbj ?sbj_label WHERE { ?sbj wdt:P31 wd:Q2028919 . ?sbj rdfs:label ?sbj_label . FILTER(CONTAINS(lcase(?sbj_label), 'magnitude')) . FILTER (lang(?sbj_label) = 'en') } LIMIT 25"
What is the significance of the Ferdinand Konrad Bellermann painting?,SELECT ?answer WHERE { wd:Q317888 wdt:P800 ?X . ?X wdt:P180 ?answer}
Which business division does The Walt Disney Company belong to?,select distinct ?obj where { wd:Q7414 wdt:P199 ?obj . ?obj wdt:P31 wd:Q4830453 }
Where is the {location of discovery} and the {discoverer or inventor} of {Tungsten} ?,SELECT ?ans_1 ?ans_2 WHERE { wd:Q743 wdt:P189 ?ans_1 . wd:Q743 wdt:P61 ?ans_2 }
when did Eric Clapton become a member of John Mayall & the Bluabreakers?,SELECT ?value WHERE { wd:Q48187 p:P463 ?s . ?s ps:P463 wd:Q886072 . ?s pq:P582 ?value}
What is treated for legionnaires' disease that acts as an antibiotic?,SELECT ?answer WHERE { wd:Q154882 wdt:P2176 ?answer . ?answer wdt:P2868 wd:Q12187}
Tell me era whose name has the word zirconian in it.,"SELECT DISTINCT ?sbj ?sbj_label WHERE { ?sbj wdt:P31 wd:Q630830 . ?sbj rdfs:label ?sbj_label . FILTER(CONTAINS(lcase(?sbj_label), 'zirconian')) . FILTER (lang(?sbj_label) = 'en') } LIMIT 25"
Which award was received by Kobe Bryant in 2007?,"SELECT ?obj WHERE { wd:Q25369 p:P166 ?s . ?s ps:P166 ?obj . ?s pq:P585 ?x filter(contains(YEAR(?x),'2007')) }"
What is the language of work and the lyrics for West Side Story were written by who?,SELECT ?ans_1 ?ans_2 WHERE { wd:Q669010 wdt:P407 ?ans_1 . wd:Q669010 wdt:P676 ?ans_2 }
Was Franz Boas an established member?,SELECT ?answer WHERE { wd:Q76857 wdt:P463 ?X . ?X wdt:P571 ?answer}
What is the galaxy with the lowest redshift whose constellation is Boötes?,select ?ent where { ?ent wdt:P31 wd:Q318 . ?ent wdt:P1090 ?obj . ?ent wdt:P59 wd:Q8667} ORDER BY ASC(?obj)LIMIT 5
Who are the employees of WIlliam Blackstone?,SELECT ?answer WHERE { wd:Q332449 wdt:P108 ?X . ?X wdt:P4195 ?answer}
What is the prefecture of Japan that contains administrative territorial entity of Osaka,select distinct ?sbj where { ?sbj wdt:P150 wd:Q35765 . ?sbj wdt:P31 wd:Q50337 }
What was the population of Aysén Region from 1992-0-0?,"SELECT ?obj WHERE { wd:Q2181 p:P1082 ?s . ?s ps:P1082 ?obj . ?s pq:P585 ?x filter(contains(YEAR(?x),'1992')) }"
"For which work, Loretta Young was nominated for Academy Award for Best Actress?",SELECT ?value WHERE { wd:Q253384 p:P1411 ?s . ?s ps:P1411 wd:Q103618 . ?s pq:P1686 ?value}
"tell me version, edition, or translation that edition or translation of Bible starts with s","SELECT DISTINCT ?sbj ?sbj_label WHERE { ?sbj wdt:P31 wd:Q3331189 . ?sbj wdt:P629 wd:Q1845 . ?sbj rdfs:label ?sbj_label . FILTER(STRSTARTS(lcase(?sbj_label), 's')) . FILTER (lang(?sbj_label) = 'en') } LIMIT 25"
How many writing systems are by hiragana?,SELECT (COUNT(?sub) AS ?value ) { ?sub wdt:P282 wd:Q48332 }
How many connectors does Nintendo Switch have?,SELECT (COUNT(?obj) AS ?value ) { wd:Q19610114 wdt:P2935 ?obj }
How many of them are from Latvia?,SELECT (COUNT(?sub) AS ?value ) { ?sub wdt:P495 wd:Q211 }
Which is the {participant of} and the {owner of} of {FC_Porto} ?,SELECT ?ans_1 ?ans_2 WHERE { wd:Q128446 wdt:P1344 ?ans_1 . wd:Q128446 wdt:P1830 ?ans_2 }
Who replaced Tiberius as Roman emperor?,SELECT ?value WHERE { wd:Q1407 p:P39 ?s . ?s ps:P39 wd:Q842606 . ?s pq:P1365 ?value}
Which is {won by} {succeded by} of {Freestyle skiing at the 2014 Winter Olympics – Men's moguls} ?,SELECT ?answer WHERE { wd:Q15056096 wdt:P156 ?X . ?X wdt:P1346 ?answer}
What type of job does Josep Maria Magem work at his employer?,SELECT ?answer WHERE { wd:Q43843280 wdt:P106 ?X . ?X wdt:P425 ?answer}
What is the tributary orientation of Aras River whose mouth of the watercourse is Kura River?,SELECT ?value WHERE { wd:Q179751 p:P403 ?s . ?s ps:P403 wd:Q156557 . ?s pq:P3871 ?value}
What is the taxon data of this milk?,select distinct ?obj where { wd:Q8495 wdt:P1582 ?obj . ?obj wdt:P31 wd:Q16521 }
Who was the rector of Autonomous University of Barcelona from 2009-1-14?,"SELECT ?obj WHERE { wd:Q43452 p:P1075 ?s . ?s ps:P1075 ?obj . ?s pq:P580 ?x filter(contains(YEAR(?x),'2009')) }"
What is the scientific discipline of the person who discovered the asteroid '(229760) 2007 RM225'?,SELECT ?answer WHERE { wd:Q8223332 wdt:P61 ?X . ?X wdt:P101 ?answer}
What was the last year that Charlemagne and Desiderata of the Lombards were married?,SELECT ?value WHERE { wd:Q3044 p:P26 ?s . ?s ps:P26 wd:Q263474 . ?s pq:P582 ?value}
What are the {has states} of {sovereign state} of {Ministry of Foreign Affairs of the People's Republic of China}?,SELECT ?answer WHERE { wd:Q1155502 wdt:P17 ?X . ?X wdt:P150 ?answer}
who church building for patron saint of Joseph?,select distinct ?sbj where { ?sbj wdt:P417 wd:Q128267 . ?sbj wdt:P31 wd:Q16970 }
which freedom starts with d,"SELECT DISTINCT ?sbj ?sbj_label WHERE { ?sbj wdt:P31 wd:Q5500839 . ?sbj rdfs:label ?sbj_label . FILTER(STRSTARTS(lcase(?sbj_label), 'd')) . FILTER (lang(?sbj_label) = 'en') } LIMIT 25"
How many narrative locaation are by Tampa?,SELECT (COUNT(?sub) AS ?value ) { ?sub wdt:P840 wd:Q49255 }
Which is the direct-controlled municipality which contains the word tianjin in it's name?,"SELECT DISTINCT ?sbj ?sbj_label WHERE { ?sbj wdt:P31 wd:Q1208802 . ?sbj rdfs:label ?sbj_label . FILTER(CONTAINS(lcase(?sbj_label), 'tianjin')) . FILTER (lang(?sbj_label) = 'en') } LIMIT 25"
What did Nick Faldo discover or invent?,SELECT ?answer WHERE { wd:Q531520 wdt:P793 ?X . ?X wdt:P61 ?answer}
Who is the Inventor who was named after Titanium?,SELECT ?ans_1 ?ans_2 WHERE { wd:Q716 wdt:P61 ?ans_1 . wd:Q716 wdt:P138 ?ans_2 }
Which determination method for Tunisia has total fertility rate as 2.08 ?,"SELECT ?value WHERE { wd:Q948 p:P4841 ?s . ?s ps:P4841 ?x filter(contains(?x,'2.08')) . ?s pq:P459 ?value}"
What is Peggy Lee's middle name?,"SELECT ?obj WHERE { wd:Q229139 p:P735 ?s . ?s ps:P735 ?obj . ?s pq:P1545 ?x filter(contains(?x,'2')) }"
Martin Ludwig Bormann (17 June 1900 – 2 May 1945) was a prominent official in Nazi ... Bormann joined a paramilitary Freikorps organisation in 1922 while working as manager of a large ... Bormann was released from prison in February 1925. ..... The Führerbunker was located under the Reich Chancellery garden in the ...,SELECT ?answer WHERE { wd:Q76367 wdt:P937 ?X . ?X wdt:P1249 ?answer}
who Q48460 of language official of kingdom of sicily ?,SELECT ?answer WHERE { wd:Q188586 wdt:P37 ?X . ?X wdt:P1036 ?answer}
What are the television station  which start with the letter w,"SELECT DISTINCT ?sbj ?sbj_label WHERE { ?sbj wdt:P31 wd:Q1616075 . ?sbj rdfs:label ?sbj_label . FILTER(STRSTARTS(lcase(?sbj_label), 'w')) . FILTER (lang(?sbj_label) = 'en') } LIMIT 25"
Which French truss bridge is the longest?,select ?ent where { ?ent wdt:P31 wd:Q158218 . ?ent wdt:P2787 ?obj . ?ent wdt:P17 wd:Q142 } ORDER BY DESC(?obj)LIMIT 5
When did Francis I of France stop being King?,SELECT ?value WHERE { wd:Q129857 p:P39 ?s . ?s ps:P39 wd:Q18384454 . ?s pq:P582 ?value}
What's Pete Townshend's lyrics song?,select distinct ?sbj where { ?sbj wdt:P676 wd:Q26933 . ?sbj wdt:P31 wd:Q7366 }
Who was Superman's sidekick?,select distinct ?sbj where { ?sbj wdt:P2546 wd:Q79015 . ?sbj wdt:P31 wd:Q1114461 }
what {pupil of} {gioachino Rossini} has a {career} as a {musicologist},SELECT ?answer WHERE { wd:Q9726 wdt:P1066 ?answer . ?answer wdt:P106 wd:Q14915627}
What is tributary on the shore of Lanzarote?,SELECT ?answer WHERE { wd:Q182432 wdt:P206 ?X . ?X wdt:P974 ?answer}
What is population of Osh in the point in time of 1897-0-0?,"SELECT ?obj WHERE { wd:Q47282 p:P1082 ?s . ?s ps:P1082 ?obj . ?s pq:P585 ?x filter(contains(YEAR(?x),'1897')) }"
"Of all the streak colors, how many are pink?",SELECT (COUNT(?sub) AS ?value ) { ?sub wdt:P534 wd:Q429220 }
Is the boyfriend of Poseidon who has daughters Briareus?,SELECT ?answer WHERE { wd:Q41127 wdt:P451 ?answer . ?answer wdt:P40 wd:Q849647}
What year did Le Corbusier win the Frank P. Brown Medal?,SELECT ?value WHERE { wd:Q4724 p:P166 ?s . ?s ps:P166 wd:Q19873358 . ?s pq:P585 ?value}
Mention the symbolic representation of Beehive Cluster in terms of the constellation,SELECT ?answer WHERE { wd:Q13760 wdt:P59 ?X . ?X wdt:P913 ?answer}
Where did Jarmila Kratochvílová set a record for the 400 metre dash?,SELECT ?value WHERE { wd:Q233683 p:P1000 ?s . ?s ps:P1000 wd:Q334734 . ?s pq:P276 ?value}
What is the same saying and the participant of the Pacific War?,SELECT ?ans_1 ?ans_2 WHERE { wd:Q184425 wdt:P460 ?ans_1 . wd:Q184425 wdt:P710 ?ans_2 }
How many are designed by Niklaus Wirth?,SELECT (COUNT(?sub) AS ?value ) { ?sub wdt:P287 wd:Q92604 }
Where did Ken Burns study design?,SELECT ?obj WHERE { wd:Q616886 p:P69 ?s . ?s ps:P69 ?obj . ?s pq:P812 wd:Q82604 }
What was Orson Welles nominated for in Citizen Kane?,SELECT ?obj WHERE { wd:Q24829 p:P1411 ?s . ?s ps:P1411 ?obj . ?s pq:P1686 wd:Q24815 }
What taxon do watermelons belong to?,select distinct ?obj where { wd:Q38645 wdt:P1582 ?obj . ?obj wdt:P31 wd:Q16521 }
What is the procedural programming language designed by Grace Hopper ?,select distinct ?sbj where { ?sbj wdt:P287 wd:Q11641 . ?sbj wdt:P31 wd:Q28922885 }
Where is the river source of the Rhine?,SELECT ?obj WHERE { wd:Q584 p:P625 ?s . ?s ps:P625 ?obj . ?s pq:P518 wd:Q7376362 }
HOW MUCH OF SCHOOL CHILDREN IN THE CONTINENT OF GOZO,SELECT ?answer WHERE { wd:Q170488 wdt:P30 ?X . ?X wdt:P2573 ?answer}
"Name the Language of origin of The Onion, that has its native to England.",SELECT ?answer WHERE { wd:Q618236 wdt:P407 ?answer . ?answer wdt:P2341 wd:Q21}
What is the estimation process to determine the total fertility rate of Channel Islands?,SELECT ?obj WHERE { wd:Q42314 p:P4841 ?s . ?s ps:P4841 ?obj . ?s pq:P459 wd:Q791801 }
Which the is composition of The Blue Lotus,SELECT ?answer WHERE { wd:Q76210 wdt:P50 ?X . ?X wdt:P800 ?answer}
Who replaced Bhumibol Adulyadej as King of Thailand?,SELECT ?value WHERE { wd:Q855252 p:P39 ?s . ?s ps:P39 wd:Q27330121 . ?s pq:P1365 ?value}
Who is a stepparent of Barack Obama?,select distinct ?obj where { wd:Q76 wdt:P3448 ?obj . ?obj wdt:P31 wd:Q5 }
"What is the name of the trade association that contains the word ""association"" in its name?","SELECT DISTINCT ?sbj ?sbj_label WHERE { ?sbj wdt:P31 wd:Q2178147 . ?sbj wdt:P1454 wd:Q48204 . ?sbj rdfs:label ?sbj_label . FILTER(CONTAINS(lcase(?sbj_label), 'association')) . FILTER (lang(?sbj_label) = 'en') } LIMIT 25"
What animated character's identity is also known as Superman?,select distinct ?sbj where { ?sbj wdt:P460 wd:Q79015 . ?sbj wdt:P31 wd:Q15711870 }
What Ghost in the Shell character was voiced by actor Kōichi Yamadera?,SELECT ?value WHERE { wd:Q1066948 p:P725 ?s . ?s ps:P725 wd:Q333194 . ?s pq:P453 ?value}
In what historical period was Ancient Rome set ?,select distinct ?obj where { wd:Q1747689 wdt:P2348 ?obj . ?obj wdt:P31 wd:Q11514315 }
What was the population of Iasi in 1910?,"SELECT ?obj WHERE { wd:Q46852 p:P1082 ?s . ?s ps:P1082 ?obj . ?s pq:P585 ?x filter(contains(YEAR(?x),'1912')) }"
What would be the twin city of the subtopic of Istanbul's history?,SELECT ?answer WHERE { wd:Q32357 wdt:P1269 ?X . ?X wdt:P190 ?answer}
Who is the favorite player of US Army service branch?,SELECT ?answer WHERE { wd:Q1512 wdt:P737 ?answer . ?answer wdt:P241 wd:Q9212}
How many editions or translations of the Diary of Anne Frank are there?,SELECT (COUNT(?sub) AS ?value ) { ?sub wdt:P629 wd:Q6911 }
When did Jan Brueghel the Elder work in Prague?,SELECT ?value WHERE { wd:Q209050 p:P937 ?s . ?s ps:P937 wd:Q1085 . ?s pq:P585 ?value}
What is the Alcalá de Henares population determined by the register office?,SELECT ?obj WHERE { wd:Q46940 p:P1082 ?s . ?s ps:P1082 ?obj . ?s pq:P459 wd:Q745221 }
What is {inhabitants} {nationality} of {Leopold von Sacher-Masoch} ?,SELECT ?answer WHERE { wd:Q78474 wdt:P27 ?X . ?X wdt:P1082 ?answer}
Tell me mineral resource whose name has the word petroleum in their name,"SELECT DISTINCT ?sbj ?sbj_label WHERE { ?sbj wdt:P31 wd:Q889659 . ?sbj rdfs:label ?sbj_label . FILTER(CONTAINS(lcase(?sbj_label), 'petroleum')) . FILTER (lang(?sbj_label) = 'en') } LIMIT 25"
What is the active ingredient in diazepam?,select distinct ?obj where { wd:Q210402 wdt:P3780 ?obj . ?obj wdt:P31 wd:Q28885102 }
"What is {workplace} of {Cnut the Great}, that has {diplomatic relation} is {Romania}",SELECT ?answer WHERE { wd:Q134128 wdt:P937 ?answer . ?answer wdt:P530 wd:Q218}
What is the condition of meterology containing the word drought in its name?,"SELECT DISTINCT ?sbj ?sbj_label WHERE { ?sbj wdt:P31 wd:Q813912 . ?sbj wdt:P1269 wd:Q25261 . ?sbj rdfs:label ?sbj_label . FILTER(CONTAINS(lcase(?sbj_label), 'drought')) . FILTER (lang(?sbj_label) = 'en') } LIMIT 25"
What award did Wei Jingsheng receive in 1994?,"SELECT ?obj WHERE { wd:Q318130 p:P166 ?s . ?s ps:P166 ?obj . ?s pq:P585 ?x filter(contains(YEAR(?x),'1994')) }"
What vehicle is used in the cartoon Donald Duck,select distinct ?obj where { wd:Q6550 wdt:P3438 ?obj . ?obj wdt:P31 wd:Q15707563 }
"What position did Eva Peron hold until July 7, 1952?","SELECT ?obj WHERE { wd:Q40933 p:P39 ?s . ?s ps:P39 ?obj . ?s pq:P582 ?x filter(contains(YEAR(?x),'1952')) }"
"Who is Michel Houellebecq's role model, that works as a librarian?",SELECT ?answer WHERE { wd:Q103114 wdt:P737 ?answer . ?answer wdt:P106 wd:Q182436}
Apollo is similar to which Celtic god?,select distinct ?sbj where { ?sbj wdt:P460 wd:Q37340 . ?sbj wdt:P31 wd:Q465434 }
"What writer, born in Hamburg, wrote Curious George?",SELECT ?answer WHERE { wd:Q5194776 wdt:P50 ?answer . ?answer wdt:P19 wd:Q1055}
Tell me the heptalogy that takes place in the fictional universe of Harry Potter universe and contains the word harry in it's name?,"SELECT DISTINCT ?sbj ?sbj_label WHERE { ?sbj wdt:P31 wd:Q614101 . ?sbj wdt:P1434 wd:Q5410773 . ?sbj rdfs:label ?sbj_label . FILTER(CONTAINS(lcase(?sbj_label), 'harry')) . FILTER (lang(?sbj_label) = 'en') } LIMIT 25"
When did Bradley Cooper receive the Indiana Film Journalists Association Award for Best Actor?,SELECT ?value WHERE { wd:Q205707 p:P166 ?s . ?s ps:P166 wd:Q16058281 . ?s pq:P585 ?value}
What position did Jean Chrétien hold before being replaced by Gerald Regan?,SELECT ?obj WHERE { wd:Q128543 p:P39 ?s . ?s ps:P39 ?obj . ?s pq:P1366 wd:Q247524 }
What is the taxon parent of Demospongiae that has the science of study called spongiology?,SELECT ?answer WHERE { wd:Q248530 wdt:P171 ?answer . ?answer wdt:P2579 wd:Q18392412}
WHAT ARE THE PHILOSOPHICAL MOVEMENT STARTS WITH Y,"SELECT DISTINCT ?sbj ?sbj_label WHERE { ?sbj wdt:P31 wd:Q2915955 . ?sbj rdfs:label ?sbj_label . FILTER(STRSTARTS(lcase(?sbj_label), 'y')) . FILTER (lang(?sbj_label) = 'en') } LIMIT 25"
Tell me forensic technique whose name has the word dnain it.,"SELECT DISTINCT ?sbj ?sbj_label WHERE { ?sbj wdt:P31 wd:Q456443 . ?sbj rdfs:label ?sbj_label . FILTER(CONTAINS(lcase(?sbj_label), 'dna')) . FILTER (lang(?sbj_label) = 'en') } LIMIT 25"
Which state has the oldest Canadian diplomats?,select ?ent where { ?ent wdt:P31 wd:Q859563 . ?ent wdt:P2997 ?obj . ?ent wdt:P530 wd:Q16 } ORDER BY DESC(?obj)LIMIT 5
Which creative works used HTML5,select distinct ?sbj where { ?sbj wdt:P747 wd:Q2053 . ?sbj wdt:P31 wd:Q17537576 }
What is the property and subsidiary of Metro-Goldwyn-Mayer?,SELECT ?ans_1 ?ans_2 WHERE { wd:Q179200 wdt:P127 ?ans_1 . wd:Q179200 wdt:P355 ?ans_2 }
What is the sports of the specialism of Angelo Piffarerio?,SELECT ?answer WHERE { wd:Q22025806 wdt:P413 ?X . ?X wdt:P641 ?answer}
What is The Lady Penelope's most representative work?,SELECT ?answer WHERE { wd:Q2517298 wdt:P50 ?X . ?X wdt:P800 ?answer}
What is the {product} of {papermaking} which is {made of} {bleach} called?,SELECT ?answer WHERE { wd:Q335415 wdt:P1056 ?answer . ?answer wdt:P186 wd:Q11587}
How many crew members work for Skylab?,SELECT (COUNT(?obj) AS ?value ) { wd:Q190776 wdt:P1029 ?obj }
What is the color produced by wine?,SELECT ?ans_1 ?ans_2 WHERE { wd:Q282 wdt:P462 ?ans_1 . wd:Q282 wdt:P2849 ?ans_2 }
For which song did Hayley Williams receive the Grammy Award for Best Rock Song?,SELECT ?value WHERE { wd:Q201562 p:P166 ?s . ?s ps:P166 wd:Q282636 . ?s pq:P1686 ?value}
Which is the death place of J. P. Morgan?,SELECT ?answer WHERE { wd:Q54168 wdt:P20 ?answer . ?answer wdt:P150 wd:Q16482005}
Where is a painting of Alexandre Cabanel?,SELECT ?answer WHERE { wd:Q310437 wdt:P800 ?X . ?X wdt:P180 ?answer}
What is the daughter that has kids} of Halaevalu Mataʻaho ʻAhomeʻe ?,SELECT ?answer WHERE { wd:Q3711224 wdt:P40 ?X . ?X wdt:P22 ?answer}
When is the end time of the Republic of Tartarstan whom Rostam Minnexanov was head of government?,SELECT ?value WHERE { wd:Q5481 p:P6 ?s . ?s ps:P6 wd:Q983503 . ?s pq:P582 ?value}
When did Carlos Menem marry Zulema Yoma?,SELECT ?value WHERE { wd:Q185107 p:P26 ?s . ?s ps:P26 wd:Q5551980 . ?s pq:P580 ?value}
How many individuals are interested in philosophy?,SELECT (COUNT(?sub) AS ?value ) { ?sub wdt:P2650 wd:Q5891 }
What are the space observatory which start with the letter x,"SELECT DISTINCT ?sbj ?sbj_label WHERE { ?sbj wdt:P31 wd:Q148578 . ?sbj rdfs:label ?sbj_label . FILTER(STRSTARTS(lcase(?sbj_label), 'x')) . FILTER (lang(?sbj_label) = 'en') } LIMIT 25"
What is the place of birth and country of citizenship of Paris Hilton?,SELECT ?ans_1 ?ans_2 WHERE { wd:Q47899 wdt:P19 ?ans_1 . wd:Q47899 wdt:P27 ?ans_2 }
Who is the film director for The Star Wars Holiday Special?,SELECT ?answer WHERE { wd:Q1538082 wdt:P57 ?X . ?X wdt:P69 ?answer}
Who is the human biblical figure for the significant person of Saul?,select distinct ?obj where { wd:Q28730 wdt:P3342 ?obj . ?obj wdt:P31 wd:Q20643955 }
Which is {award received} of {Pat Spillane} whose {point in time} is {1981-0-0} ?,"SELECT ?obj WHERE { wd:Q3368598 p:P166 ?s . ?s ps:P166 ?obj . ?s pq:P585 ?x filter(contains(YEAR(?x),'1981')) }"
What was Lana Turner nominated for her work Peyton Place?,SELECT ?obj WHERE { wd:Q201034 p:P1411 ?s . ?s ps:P1411 ?obj . ?s pq:P1686 wd:Q1532392 }
Name the discoverer of Natural Selection and have birth year as 12-Feb-1809.,"SELECT ?answer WHERE { wd:Q43478 wdt:P61 ?answer . ?answer wdt:P569 ?x FILTER(contains(YEAR(?x),'1809'))}"
When did Gerard Reve receive the Prijs der Nederlandse Letteren?,SELECT ?value WHERE { wd:Q364153 p:P166 ?s . ?s ps:P166 wd:Q2063896 . ?s pq:P585 ?value}
Who produces and manufactures the Glock 20?,SELECT ?answer WHERE { wd:Q639571 wdt:P176 ?X . ?X wdt:P1056 ?answer}
What is the ticker symbol for NEC which has Nagoya as Stock Exchange?,SELECT ?value WHERE { wd:Q219203 p:P414 ?s . ?s ps:P414 wd:Q1188840 . ?s pq:P249 ?value}
"What is the seat of Frankfurter Allgemeine Zeitung, that is adjacent to Wetteraukreis?",SELECT ?answer WHERE { wd:Q10184 wdt:P159 ?answer . ?answer wdt:P47 wd:Q7910}
Tell me the republic that is the administrative territorial entity of Mizoram.,select distinct ?sbj where { ?sbj wdt:P150 wd:Q1502 . ?sbj wdt:P31 wd:Q7270 }
"What is the job of Stephane Mallarme, whose field of employment is translation?",SELECT ?answer WHERE { wd:Q767 wdt:P106 ?answer . ?answer wdt:P425 wd:Q7553}
when did Chris Evert change there name from Christine?,SELECT ?value WHERE { wd:Q14286 p:P735 ?s . ?s ps:P735 wd:Q2087646 . ?s pq:P1545 ?value}
What was Jonathan Larson nominated for in 2002?,"SELECT ?obj WHERE { wd:Q449002 p:P1411 ?s . ?s ps:P1411 ?obj . ?s pq:P585 ?x filter(contains(YEAR(?x),'2002')) }"
What are the coordinate locations of the Angara River mouth?,SELECT ?obj WHERE { wd:Q162737 p:P625 ?s . ?s ps:P625 ?obj . ?s pq:P518 wd:Q1233637 }
Who rules the sport country of Mana Mamuwene?,SELECT ?answer WHERE { wd:Q3844110 wdt:P1532 ?X . ?X wdt:P35 ?answer}
What award did Martti Ahtisaari receive in 2007?,"SELECT ?obj WHERE { wd:Q29230 p:P166 ?s . ?s ps:P166 ?obj . ?s pq:P585 ?x filter(contains(YEAR(?x),'2007')) }"
Which Wikidata property makes it a matter of citizenship ?,select distinct ?sbj where { ?sbj wdt:P1629 wd:Q42138 . ?sbj wdt:P31 wd:Q18608871 }
Who are Ric Flair's son and Ric Flair's mother?,SELECT ?ans_1 ?ans_2 WHERE { wd:Q44546 wdt:P40 ?ans_1 . wd:Q44546 wdt:P25 ?ans_2 }
When did Hristo Stoichkov relieve from his/her membership from PFC CSKA Sofia sports team?,SELECT ?value WHERE { wd:Q187125 p:P54 ?s . ?s ps:P54 wd:Q136433 . ?s pq:P582 ?value}
Who was the production designer for the movie The Birth of a Nation ?,select distinct ?obj where { wd:Q220394 wdt:P2554 ?obj . ?obj wdt:P31 wd:Q5 }
When was A.C. Milan retired from Head coach post?,"SELECT ?obj WHERE { wd:Q1543 p:P286 ?s . ?s ps:P286 ?obj . ?s pq:P582 ?x filter(contains(YEAR(?x),'2016')) }"
What are the municipality of Spain that contains the word zumaia in their name,"SELECT DISTINCT ?sbj ?sbj_label WHERE { ?sbj wdt:P31 wd:Q2074737 . ?sbj rdfs:label ?sbj_label . FILTER(CONTAINS(lcase(?sbj_label), 'zumaia')) . FILTER (lang(?sbj_label) = 'en') } LIMIT 25"
Linear algebra has how many parts?,SELECT (COUNT(?sub) AS ?value ) { ?sub wdt:P361 wd:Q82571 }
What generic association is Asperger syndrome to determine the method of TAS?,SELECT ?obj WHERE { wd:Q161790 p:P2293 ?s . ?s ps:P2293 ?obj . ?s pq:P459 wd:Q23190853 }
What species was found to be the host of the hypothetical protein Mb0514?,SELECT ?answer WHERE { wd:Q23257938 wdt:P703 ?X . ?X wdt:P2975 ?answer}
What is the cardinality of the complex logarithm input set?,SELECT ?answer WHERE { wd:Q2520206 wdt:P1851 ?X . ?X wdt:P2820 ?answer}
Who is chef-lieu of the sub item of history of West Virginia?,SELECT ?answer WHERE { wd:Q11288505 wdt:P1269 ?X . ?X wdt:P36 ?answer}
Tell me the presentation by Sandra Hoffmann-Ursache and where she presented.,SELECT ?answer WHERE { wd:Q2221002 wdt:P1344 ?X . ?X wdt:P371 ?answer}
How many official names are there for Germany?,SELECT (COUNT(?obj) AS ?value ) { wd:Q183 wdt:P1448 ?obj }
Who is starring in the film series The Heather Biblow Story?,SELECT ?answer WHERE { wd:Q51228928 wdt:P179 ?X . ?X wdt:P161 ?answer}
What city is the capital of Lagdo?,SELECT ?answer WHERE { wd:Q6471958 wdt:P131 ?X . ?X wdt:P36 ?answer}
Name the aircraft model with the highest take off roll involved in the Seville A400M crash.,select ?ent where { ?ent wdt:P31 wd:Q15056995 . ?ent wdt:P2430 ?obj . ?ent wdt:P793 wd:Q19882906 } ORDER BY DESC(?obj)LIMIT 5
Who married a contestant of Mussorgysky?,SELECT ?answer WHERE { wd:Q4308467 wdt:P161 ?X . ?X wdt:P26 ?answer}
Which sovereign member of the International Bank for Reconstruction and Development has the lowest speed limit.,select ?ent where { ?ent wdt:P31 wd:Q3624078 . ?ent wdt:P3086 ?obj . ?ent wdt:P463 wd:Q191384. } ORDER BY ASC(?obj)LIMIT 5
na,SELECT ?answer WHERE { wd:Q382062 wdt:P509 ?X . ?X wdt:P927 ?answer}
Chris Froome won which mountain stage with minimum speed?,select ?ent where { ?ent wdt:P31 wd:Q20646668 . ?ent wdt:P2052 ?obj . ?ent wdt:P1346 wd:Q319591} ORDER BY ASC(?obj)LIMIT 5
What prize is awarded to the family member of Ferenc Molnar?,SELECT ?answer WHERE { wd:Q296809 wdt:P1038 ?X . ?X wdt:P166 ?answer}
What position did Henry L. Dawes hold before being replaced by Henry Cabot Lodge?,SELECT ?obj WHERE { wd:Q174037 p:P39 ?s . ?s ps:P39 ?obj . ?s pq:P1365 wd:Q1506805 }
What was the name of Thomas Jefferson's plantation?,select distinct ?sbj where { ?sbj wdt:P3342 wd:Q11812 . ?sbj wdt:P31 wd:Q188913 }
What Taiwanese election for the President and Vice President of China had the fewest ballots cast?,select ?ent where { ?ent wdt:P31 wd:Q19801853 . ?ent wdt:P1868 ?obj . ?ent wdt:P17 wd:Q865} ORDER BY ASC(?obj)LIMIT 5
Who is the partner and the spouse of Hank Azaria?,SELECT ?ans_1 ?ans_2 WHERE { wd:Q202056 wdt:P451 ?ans_1 . wd:Q202056 wdt:P26 ?ans_2 }
How do you play football?,SELECT ?answer WHERE { wd:Q12252328 wdt:P641 ?X . ?X wdt:P3095 ?answer}
Which is the village which contains the word tonbak in it's name?,"SELECT DISTINCT ?sbj ?sbj_label WHERE { ?sbj wdt:P31 wd:Q532 . ?sbj rdfs:label ?sbj_label . FILTER(CONTAINS(lcase(?sbj_label), 'tonbak')) . FILTER (lang(?sbj_label) = 'en') } LIMIT 25"
Which is the mausoleum which contains the word zuihōden in it's name?,"SELECT DISTINCT ?sbj ?sbj_label WHERE { ?sbj wdt:P31 wd:Q162875 . ?sbj rdfs:label ?sbj_label . FILTER(CONTAINS(lcase(?sbj_label), 'zuihōden')) . FILTER (lang(?sbj_label) = 'en') } LIMIT 25"
what is military decoration that contains the word war in their name,"SELECT DISTINCT ?sbj ?sbj_label WHERE { ?sbj wdt:P31 wd:Q1788716 . ?sbj rdfs:label ?sbj_label . FILTER(CONTAINS(lcase(?sbj_label), 'war')) . FILTER (lang(?sbj_label) = 'en') } LIMIT 25"
What are the form of government which start with the letter unicameralism,"SELECT DISTINCT ?sbj ?sbj_label WHERE { ?sbj wdt:P31 wd:Q1307214 . ?sbj rdfs:label ?sbj_label . FILTER(CONTAINS(lcase(?sbj_label), 'unicameralism')) . FILTER (lang(?sbj_label) = 'en') } LIMIT 25"
How many collection are done by Museo Soumaya,SELECT (COUNT(?sub) AS ?value ) { ?sub wdt:P195 wd:Q2097646 }
How many cre members are there in the  {Chris Hadfield} ?,SELECT (COUNT(?sub) AS ?value ) { ?sub wdt:P1029 wd:Q1076962 }
who daughters of is daughter of Charles IV of Spain ?,SELECT ?answer WHERE { wd:Q183226 wdt:P25 ?X . ?X wdt:P40 ?answer}
When was the relationship between Jenna Jameson and Brad Armstrong came to an end?,SELECT ?value WHERE { wd:Q400 p:P26 ?s . ?s ps:P26 wd:Q896740 . ?s pq:P582 ?value}
Which is the magazine founded by Oprah Winfrey?,select distinct ?sbj where { ?sbj wdt:P112 wd:Q55800 . ?sbj wdt:P31 wd:Q41298 }
What are the mausoleum which start with the letter z,"SELECT DISTINCT ?sbj ?sbj_label WHERE { ?sbj wdt:P31 wd:Q162875 . ?sbj rdfs:label ?sbj_label . FILTER(STRSTARTS(lcase(?sbj_label), 'z')) . FILTER (lang(?sbj_label) = 'en') } LIMIT 25"
who zenith of borders of east java?,SELECT ?answer WHERE { wd:Q3586 wdt:P47 ?X . ?X wdt:P610 ?answer}
How many burial places are in Egypt?,SELECT (COUNT(?sub) AS ?value ) { ?sub wdt:P119 wd:Q79 }
"What is the alumna of Jenny Holzer, who is in the category for employees of the organization Ohio University faculty?",SELECT ?answer WHERE { wd:Q270388 wdt:P69 ?answer . ?answer wdt:P4195 wd:Q6740283}
How many episodes are there of Cowboy Bebop?,SELECT (COUNT(?obj) AS ?value ) { wd:Q232246 wdt:P577 ?obj }
How many points did Bobby Charlton score as a team member for Manchester United F.C.?,SELECT ?value WHERE { wd:Q171583 p:P54 ?s . ?s ps:P54 wd:Q18656 . ?s pq:P1351 ?value}
"Who is born at Charlotte Dujardin, which has a zip code of E?","SELECT ?answer WHERE { wd:Q272533 wdt:P19 ?answer . ?answer wdt:P281 ?x FILTER(contains(?x,'E'))}"
What is the name of the composer of the music used in Blade Runner?,select distinct ?obj where { wd:Q184843 wdt:P86 ?obj . ?obj wdt:P31 wd:Q5 }
What features are associated with playing on a skateboard?,SELECT ?answer WHERE { wd:Q15783 wdt:P641 ?X . ?X wdt:P3095 ?answer}
What awards has Gene Wolfe received?,SELECT ?answer WHERE { wd:Q361149 wdt:P166 ?X . ?X wdt:P1346 ?answer}
"What is the location of death of Antonio Canova, whose category of associated people is the Category: People of Venice?",SELECT ?answer WHERE { wd:Q5547 wdt:P20 ?answer . ?answer wdt:P1792 wd:Q7234650}
"Who is Imran Khan's significant other, whose gender is female?",SELECT ?answer WHERE { wd:Q155164 wdt:P451 ?answer . ?answer wdt:P21 wd:Q6581072}
What method was used to determine Siena's demographic balance?,SELECT ?obj WHERE { wd:Q2751 p:P1082 ?s . ?s ps:P1082 ?obj . ?s pq:P459 wd:Q15911027 }
Tell me a civil parish that begins with the letter w,"SELECT DISTINCT ?sbj ?sbj_label WHERE { ?sbj wdt:P31 wd:Q1115575 . ?sbj rdfs:label ?sbj_label . FILTER(STRSTARTS(lcase(?sbj_label), 'w')) . FILTER (lang(?sbj_label) = 'en') } LIMIT 25"
How does Mariano Rivera make use of the sport he plays?,SELECT ?answer WHERE { wd:Q382303 wdt:P641 ?X . ?X wdt:P2283 ?answer}
Who is part of the community of Uppsala University?,SELECT ?answer WHERE { wd:Q185246 wdt:P17 ?X . ?X wdt:P463 ?answer}
What plays were composed by The Crush Collision March?,SELECT ?answer WHERE { wd:Q28158040 wdt:P86 ?X . ?X wdt:P1303 ?answer}
What parts of Goyang have wards in Gimpo?,SELECT ?answer WHERE { wd:Q42061 wdt:P131 ?answer . ?answer wdt:P150 wd:Q42080}
Mention the population of Rouen at the time of 2013?,"SELECT ?obj WHERE { wd:Q30974 p:P1082 ?s . ?s ps:P1082 ?obj . ?s pq:P585 ?x filter(contains(YEAR(?x),'2013')) }"
Which Wikimedia article lists Yekaterinburg monuments?,select distinct ?obj where { wd:Q887 wdt:P1456 ?obj . ?obj wdt:P31 wd:Q13406463 }
Can you name the species of omnivore with the longest observed lifespan?,select ?ent where { ?ent wdt:P31 wd:Q16521 . ?ent wdt:P4214 ?obj . ?ent wdt:P279 wd:Q164509 } ORDER BY DESC(?obj)LIMIT 5
What is key event for film producer of Selma ?,SELECT ?answer WHERE { wd:Q17183770 wdt:P162 ?X . ?X wdt:P793 ?answer}
What is the subsidiary company that works for John McDowell?,SELECT ?answer WHERE { wd:Q1252398 wdt:P108 ?X . ?X wdt:P355 ?answer}
In which country the Golden Horde used to live ?,select distinct ?obj where { wd:Q79965 wdt:P17 ?obj . ?obj wdt:P31 wd:Q3024240 }
What is the name of the cat owned by Jacinda Ardern?,select distinct ?obj where { wd:Q3606816 wdt:P1429 ?obj . ?obj wdt:P31 wd:Q146 }
Donald Trump was the defendant of how many?,SELECT (COUNT(?sub) AS ?value ) { ?sub wdt:P1591 wd:Q22686 }
"Name the comicbook publisher formerly known as All-American Publications that contains the word ""comics"" in its name","SELECT DISTINCT ?sbj ?sbj_label WHERE { ?sbj wdt:P31 wd:Q1114515 . ?sbj wdt:P1365 wd:Q3611907 . ?sbj rdfs:label ?sbj_label . FILTER(CONTAINS(lcase(?sbj_label), 'comics')) . FILTER (lang(?sbj_label) = 'en') } LIMIT 25"
What is the now extinct native language used by the Khazars?,select distinct ?obj where { wd:Q173282 wdt:P103 ?obj . ?obj wdt:P31 wd:Q38058796 }
What is the extreme point west next to Rome?,SELECT ?answer WHERE { wd:Q220 wdt:P47 ?X . ?X wdt:P1335 ?answer}
Who owns Disneyland and who is it named after?,SELECT ?ans_1 ?ans_2 WHERE { wd:Q181185 wdt:P127 ?ans_1 . wd:Q181185 wdt:P138 ?ans_2 }
"Name a file system that contain the word ""zfs "" in its name","SELECT DISTINCT ?sbj ?sbj_label WHERE { ?sbj wdt:P31 wd:Q174989 . ?sbj rdfs:label ?sbj_label . FILTER(CONTAINS(lcase(?sbj_label), 'zfs')) . FILTER (lang(?sbj_label) = 'en') } LIMIT 25"
"What is John Bushell's middle name, that is supposed to be the same as Jón?",SELECT ?answer WHERE { wd:Q6224078 wdt:P735 ?answer . ?answer wdt:P460 wd:Q1715043}
Tell me which train service that is operated by Compagnie Internationale des Wagons-Lits and that contains the word express in it's name?,"SELECT DISTINCT ?sbj ?sbj_label WHERE { ?sbj wdt:P31 wd:Q15141321 . ?sbj wdt:P137 wd:Q1121141 . ?sbj rdfs:label ?sbj_label . FILTER(CONTAINS(lcase(?sbj_label), 'express')) . FILTER (lang(?sbj_label) = 'en') } LIMIT 25"
What is the sign language for the written spelling of Ronnie Corbett?,SELECT ?answer WHERE { wd:Q756377 wdt:P1412 ?X . ?X wdt:P2919 ?answer}
Which is the sector of the software publisher for Horticultural classification of tulip cultivars?,SELECT ?answer WHERE { wd:Q18402072 wdt:P123 ?X . ?X wdt:P452 ?answer}
: What are the family of isomeric compounds which start with the letter x,"SELECT DISTINCT ?sbj ?sbj_label WHERE { ?sbj wdt:P31 wd:Q15711994 . ?sbj rdfs:label ?sbj_label . FILTER(STRSTARTS(lcase(?sbj_label), 'x')) . FILTER (lang(?sbj_label) = 'en') } LIMIT 25"
Alan Sugar is the boss of which company ?,select distinct ?sbj where { ?sbj wdt:P1037 wd:Q336520 . ?sbj wdt:P31 wd:Q4830453 }
Are are the list of decagonal numbers?,SELECT ?value WHERE { wd:Q199 p:P31 ?s . ?s ps:P31 wd:Q663029 . ?s pq:P155 ?value}
What happened to the SS Naronic?,SELECT ?answer WHERE { wd:Q1298146 wdt:P137 ?X . ?X wdt:P793 ?answer}
"WHat is the fossil taxon of type OH 7 that contains the word habilis"""" in its name","SELECT DISTINCT ?sbj ?sbj_label WHERE { ?sbj wdt:P31 wd:Q23038290 . ?sbj wdt:P427 wd:Q7072569 . ?sbj rdfs:label ?sbj_label . FILTER(CONTAINS(lcase(?sbj_label), 'habilis')) . FILTER (lang(?sbj_label) = 'en') } LIMIT 25"
How many out of school children are there in Scotland?,SELECT ?answer WHERE { wd:Q22 wdt:P30 ?X . ?X wdt:P2573 ?answer}
What is the partner town of the birth place of Leonardo DiCaprio?,SELECT ?answer WHERE { wd:Q38111 wdt:P19 ?X . ?X wdt:P190 ?answer}
What is { award received } from { Mario Puzo } which is the subject of { 47th Academy Awards }?,SELECT ?obj WHERE { wd:Q182870 p:P166 ?s . ?s ps:P166 ?obj . ?s pq:P805 wd:Q369706 }
What maritime identification digits signify the place of origin of Walden?,SELECT ?answer WHERE { wd:Q863534 wdt:P495 ?X . ?X wdt:P2979 ?answer}
When did the spouse of Vytautas die?,"SELECT ?obj WHERE { wd:Q218186 p:P26 ?s . ?s ps:P26 ?obj . ?s pq:P582 ?x filter(contains(YEAR(?x),'1430')) }"
What character did Maureen McCormick play in The Brady Bunch?,SELECT ?value WHERE { wd:Q250767 p:P161 ?s . ?s ps:P161 wd:Q454374 . ?s pq:P453 ?value}
Which is the bibliography for the list of works of Jessica Lange?,select distinct ?obj where { wd:Q173585 wdt:P1455 ?obj . ?obj wdt:P31 wd:Q1631107 }
What is the value of the renminbi currency?,SELECT (COUNT(?sub) AS ?value ) { ?sub wdt:P38 wd:Q39099 }
Tell me the award received by Arthur Smith Woodward in 1924?,"SELECT ?obj WHERE { wd:Q542973 p:P166 ?s . ?s ps:P166 ?obj . ?s pq:P585 ?x filter(contains(YEAR(?x),'1924')) }"
Which performers' union was founded by Irving Berlin?,select distinct ?sbj where { ?sbj wdt:P112 wd:Q128746 . ?sbj wdt:P31 wd:Q17004679 }
When did Barry Humphries receive the Centenray medal?,SELECT ?value WHERE { wd:Q734221 p:P166 ?s . ?s ps:P166 wd:Q2393205 . ?s pq:P585 ?value}
"What is the birthplace of Konrad Adenauer, which is bordered by the Rhein-Berg District?",SELECT ?answer WHERE { wd:Q2492 wdt:P19 ?answer . ?answer wdt:P47 wd:Q6295}
What are the coordinates for the source of the Krishna River?,SELECT ?obj WHERE { wd:Q193499 p:P625 ?s . ?s ps:P625 ?obj . ?s pq:P518 wd:Q7376362 }
Who replaced Jose Mujica as President pro tempore of the Union of South American Nations?,SELECT ?value WHERE { wd:Q9094 p:P39 ?s . ?s ps:P39 wd:Q3068962 . ?s pq:P1365 ?value}
Where is the place of death and what was the cause of death of Grover Cleveland?,SELECT ?ans_1 ?ans_2 WHERE { wd:Q35171 wdt:P20 ?ans_1 . wd:Q35171 wdt:P509 ?ans_2 }
"Name an airline company using the Chennai International Airport as a hub that contains the word ""spicejet"""" in its name","SELECT DISTINCT ?sbj ?sbj_label WHERE { ?sbj wdt:P31 wd:Q46970 . ?sbj wdt:P113 wd:Q502670 . ?sbj rdfs:label ?sbj_label . FILTER(CONTAINS(lcase(?sbj_label), 'spicejet')) . FILTER (lang(?sbj_label) = 'en') } LIMIT 25"
Joseph Kibweteer suffers from what ailment that has a genetic association with DLC1?,SELECT ?answer WHERE { wd:Q3185163 wdt:P1050 ?answer . ?answer wdt:P2293 wd:Q18035350}
"What is the birthplace of Go-Daigo, whose mayor is Daisaku Kadokawa?",SELECT ?answer WHERE { wd:Q313942 wdt:P19 ?answer . ?answer wdt:P6 wd:Q917498}
Which protein interacts with codeine?,select distinct ?sbj where { ?sbj wdt:P129 wd:Q174723 . ?sbj wdt:P31 wd:Q8054 }
Which prototype has the most stroke?,select ?ent where { ?ent wdt:P31 wd:Q207977 . ?ent wdt:P2557 ?obj } ORDER BY DESC(?obj)LIMIT 5
What is the prize money Tobias Asser received with is Nobel Peace Prize?,SELECT ?value WHERE { wd:Q216872 p:P166 ?s . ?s ps:P166 wd:Q35637 . ?s pq:P2121 ?value}
Which is the interaction of the supersymmetric particle of quark?,SELECT ?answer WHERE { wd:Q6718 wdt:P2375 ?X . ?X wdt:P517 ?answer}
Who is the {Vidhan Sabha} for {executive body} of {Himachal Pradesh},select distinct ?obj where { wd:Q1177 wdt:P208 ?obj . ?obj wdt:P31 wd:Q3091020 }
What branch of the United States Armed Forces was Charles Wayland Brooks part of?,SELECT ?answer WHERE { wd:Q767566 wdt:P241 ?X . ?X wdt:P607 ?answer}
How many buildings were designed by architect Gian Lorenzo Bernini?,SELECT (COUNT(?sub) AS ?value ) { ?sub wdt:P84 wd:Q160538 }
Christopher Columbus is dedicated to how many?,SELECT (COUNT(?sub) AS ?value ) { ?sub wdt:P825 wd:Q7322 }
What's the Betelgeuse constellation constellation?,select distinct ?obj where { wd:Q12124 wdt:P59 ?obj . ?obj wdt:P31 wd:Q8928 }
Who is employed at Georgetown University?,select distinct ?sbj where { ?sbj wdt:P108 wd:Q333886 . ?sbj wdt:P31 wd:Q5 }
Which {record label} and the {genre} is of {Radiohead} ?,SELECT ?ans_1 ?ans_2 WHERE { wd:Q44190 wdt:P264 ?ans_1 . wd:Q44190 wdt:P136 ?ans_2 }
Which is indirectly caused by the disease treatment with phentolamine?,SELECT ?answer WHERE { wd:Q420360 wdt:P2175 ?X . ?X wdt:P1537 ?answer}
How many of them study history?,SELECT (COUNT(?sub) AS ?value ) { ?sub wdt:P2578 wd:Q309 }
"What is Reddit's working, name, or programming language?",SELECT ?ans_1 ?ans_2 WHERE { wd:Q1136 wdt:P407 ?ans_1 . wd:Q1136 wdt:P277 ?ans_2 }
What magnetic moment is an antonym of 'electron hole'?,SELECT ?answer WHERE { wd:Q651050 wdt:P461 ?X . ?X wdt:P2069 ?answer}
who constituency of the Rajya Sabha for coextensive with of West Bengal?,select distinct ?obj where { wd:Q1356 wdt:P3403 ?obj . ?obj wdt:P31 wd:Q57156205 }
What is replaces  of  Kingdom of Great Britain that applies to part is Wales?,SELECT ?obj WHERE { wd:Q161885 p:P1365 ?s . ?s ps:P1365 ?obj . ?s pq:P518 wd:Q25 }
How many payment types are now accepted for your money?,SELECT (COUNT(?sub) AS ?value ) { ?sub wdt:P2851 wd:Q1368 }
How many conflicts has Christopher Lee been involved in?,SELECT (COUNT(?obj) AS ?value ) { wd:Q180338 wdt:P607 ?obj }
Who is the ancestor of the record producer from The Thrill Chaser?,SELECT ?answer WHERE { wd:Q7769131 wdt:P162 ?X . ?X wdt:P1038 ?answer}
What is the prevalence of tuberculosis at Norway?,SELECT ?obj WHERE { wd:Q12204 p:P1193 ?s . ?s ps:P1193 ?obj . ?s pq:P17 wd:Q20 }
How many out of school children are there in Eritrea?,SELECT ?answer WHERE { wd:Q986 wdt:P30 ?X . ?X wdt:P2573 ?answer}
Which is the university that used the Russian language?,select distinct ?sbj where { ?sbj wdt:P2936 wd:Q7737 . ?sbj wdt:P31 wd:Q3918 }
What are the stock exchange which start with the letter s,"SELECT DISTINCT ?sbj ?sbj_label WHERE { ?sbj wdt:P31 wd:Q11691 . ?sbj rdfs:label ?sbj_label . FILTER(STRSTARTS(lcase(?sbj_label), 's')) . FILTER (lang(?sbj_label) = 'en') } LIMIT 25"
For what film was Alan Alda nominated for during the 21st Tony Awards?,SELECT ?obj WHERE { wd:Q310394 p:P1411 ?s . ?s ps:P1411 ?obj . ?s pq:P805 wd:Q4631173 }
What is the population of Yemen in the year 1994?,"SELECT ?obj WHERE { wd:Q805 p:P1082 ?s . ?s ps:P1082 ?obj . ?s pq:P585 ?x filter(contains(YEAR(?x),'1994')) }"
Where in Venice is Casada Nova?,select distinct ?sbj where { ?sbj wdt:P551 wd:Q641 . ?sbj wdt:P31 wd:Q58439237 }
What education does Sergei Diaghilev have that begins at 1890-8-1?,"SELECT ?obj WHERE { wd:Q211513 p:P69 ?s . ?s ps:P69 ?obj . ?s pq:P580 ?x filter(contains(YEAR(?x),'1890')) }"
What was the population of the Maldives in 1967?,"SELECT ?obj WHERE { wd:Q826 p:P1082 ?s . ?s ps:P1082 ?obj . ?s pq:P585 ?x filter(contains(YEAR(?x),'1967')) }"
Give the end time for lower Saxony has head of government as Christian Wulff?,SELECT ?value WHERE { wd:Q1197 p:P6 ?s . ?s ps:P6 wd:Q2540 . ?s pq:P582 ?value}
What is the unemployment rate at the Misiones Province Indian reservation?,SELECT ?answer WHERE { wd:Q44798 wdt:P131 ?X . ?X wdt:P1198 ?answer}
In what sport did Agnes Miegel receive a 1st place medal?,SELECT ?answer WHERE { wd:Q67013 wdt:P166 ?X . ?X wdt:P1346 ?answer}
What position did Paul VI leave in June of 1963?,"SELECT ?obj WHERE { wd:Q16975 p:P39 ?s . ?s ps:P39 ?obj . ?s pq:P582 ?x filter(contains(YEAR(?x),'1963')) }"
What countries participated in the Cuban Missile Crisis?,select distinct ?obj where { wd:Q128160 wdt:P710 ?obj . ?obj wdt:P31 wd:Q5255892 }
What was the last position held by Ariel Sharon on 5th August 1981?,"SELECT ?obj WHERE { wd:Q60206 p:P39 ?s . ?s ps:P39 ?obj . ?s pq:P582 ?x filter(contains(YEAR(?x),'1981')) }"
How many electrical plug types are used for Saint Kitts and Nevis?,SELECT (COUNT(?obj) AS ?value ) { wd:Q763 wdt:P2853 ?obj }
What are the titles of The X-Files episodes?,select distinct ?sbj where { ?sbj wdt:P179 wd:Q2744 . ?sbj wdt:P31 wd:Q21191270 }
Who is the Norse deity killed by Baldur?,select distinct ?obj where { wd:Q131658 wdt:P157 ?obj . ?obj wdt:P31 wd:Q16513881 }
what is historical country of monarchy of basic form of government and also which starts with letter  sultanate,"SELECT DISTINCT ?sbj ?sbj_label WHERE { ?sbj wdt:P31 wd:Q3024240 . ?sbj wdt:P122 wd:Q7269 . ?sbj rdfs:label ?sbj_label . FILTER(CONTAINS(lcase(?sbj_label), 'sultanate')) . FILTER (lang(?sbj_label) = 'en') } LIMIT 25"
Which {subject has role} which {said to be the same as} of {Sucrose} ?,SELECT ?ans_1 ?ans_2 WHERE { wd:Q4027534 wdt:P2868 ?ans_1 . wd:Q4027534 wdt:P460 ?ans_2 }
What is the history of animation and what product or material is produced by this animation?,SELECT ?ans_1 ?ans_2 WHERE { wd:Q11425 wdt:P1056 ?ans_1 . wd:Q11425 wdt:P2184 ?ans_2 }
"Who gave the{employed by} of {writer} of {Dog stories, from the \Spectator\;} ?",SELECT ?answer WHERE { wd:Q51427717 wdt:P50 ?X . ?X wdt:P108 ?answer}
Was the official name of the birth place of Cesar Cui Вильно ?,"SELECT ?obj WHERE { wd:Q208546 p:P19 ?s . ?s ps:P19 ?obj . ?s pq:P1448 ?x filter(contains(?x,'Вильно')) }"
Who was Michael Foucault's student?,select distinct ?obj where { wd:Q44272 wdt:P802 ?obj . ?obj wdt:P31 wd:Q5 }
WHICH IS THE TOWN STARTS WITH S,"SELECT DISTINCT ?sbj ?sbj_label WHERE { ?sbj wdt:P31 wd:Q3957 . ?sbj rdfs:label ?sbj_label . FILTER(STRSTARTS(lcase(?sbj_label), 'š')) . FILTER (lang(?sbj_label) = 'en') } LIMIT 25"
What is the culture of Seljuk dynasty having first language as Turkic languages?,SELECT ?answer WHERE { wd:Q3708255 wdt:P172 ?answer . ?answer wdt:P103 wd:Q34090}
"When was ""A Chorus Line"" nominated for Drama Desk Award for Outstanding Music?",SELECT ?value WHERE { wd:Q189427 p:P1411 ?s . ?s ps:P1411 wd:Q5305717 . ?s pq:P585 ?value}
Tell me type of quantum particle whose name has the word σ0 in it.,"SELECT DISTINCT ?sbj ?sbj_label WHERE { ?sbj wdt:P31 wd:Q22675015 . ?sbj rdfs:label ?sbj_label . FILTER(CONTAINS(lcase(?sbj_label), 'σ0')) . FILTER (lang(?sbj_label) = 'en') } LIMIT 25"
When was Martin Heidegger nominated for a Nobel Prize in Literature?,SELECT ?value WHERE { wd:Q48301 p:P1411 ?s . ?s ps:P1411 wd:Q37922 . ?s pq:P585 ?value}
Who are the crew member of Phillipe Perrin's cosmonaut mission?,SELECT ?answer WHERE { wd:Q1266359 wdt:P450 ?X . ?X wdt:P1029 ?answer}
Where does Bern work at?,select distinct ?sbj where { ?sbj wdt:P937 wd:Q70 . ?sbj wdt:P31 wd:Q5 }
"“I have taken a decision, which was not easy for me, to resign as president,” Nazarbayev said in a nationwide TV address, flanked by his country’s blue and yellow flags, before signing a decree terminating his powers from March 20.",SELECT ?answer WHERE { wd:Q57394 wdt:P793 ?X . ?X wdt:P61 ?answer}
What international organizations are subsidiaries of the UN General Assembly?,select distinct ?sbj where { ?sbj wdt:P355 wd:Q47423 . ?sbj wdt:P31 wd:Q484652 }
What are the legal profession which start with the letter s,"SELECT DISTINCT ?sbj ?sbj_label WHERE { ?sbj wdt:P31 wd:Q15987302 . ?sbj rdfs:label ?sbj_label . FILTER(STRSTARTS(lcase(?sbj_label), 's')) . FILTER (lang(?sbj_label) = 'en') } LIMIT 25"
Name a recurring event happening in the Pershing County that starts with letter B,"SELECT DISTINCT ?sbj ?sbj_label WHERE { ?sbj wdt:P31 wd:Q15275719 . ?sbj wdt:P131 wd:Q484342 . ?sbj rdfs:label ?sbj_label . FILTER(STRSTARTS(lcase(?sbj_label), 'b')) . FILTER (lang(?sbj_label) = 'en') } LIMIT 25"
How many employers are there for Edward Snowden?,SELECT (COUNT(?obj) AS ?value ) { wd:Q13424289 wdt:P108 ?obj }
WHICH IS THE UNIT OF VOLUME THAT STARTS WITH C,"SELECT DISTINCT ?sbj ?sbj_label WHERE { ?sbj wdt:P31 wd:Q1302471 . ?sbj rdfs:label ?sbj_label . FILTER(STRSTARTS(lcase(?sbj_label), 'ć')) . FILTER (lang(?sbj_label) = 'en') } LIMIT 25"
What is the geo Latitude of the exclave of Melilla?,SELECT ?answer WHERE { wd:Q5831 wdt:P500 ?X . ?X wdt:P1333 ?answer}
Tell me archipelago  whose name has the word lies in it.,"SELECT DISTINCT ?sbj ?sbj_label WHERE { ?sbj wdt:P31 wd:Q33837 . ?sbj rdfs:label ?sbj_label . FILTER(CONTAINS(lcase(?sbj_label), 'îles')) . FILTER (lang(?sbj_label) = 'en') } LIMIT 25"
How much is stated in Zaporizhzhya Oblast?,SELECT (COUNT(?obj) AS ?value ) { wd:Q171334 wdt:P248 ?obj }
What award did Jean Marais recieve in 1993?,"SELECT ?obj WHERE { wd:Q168359 p:P166 ?s . ?s ps:P166 ?obj . ?s pq:P585 ?x filter(contains(YEAR(?x),'1993')) }"
Which is {national park} of {outflow}  {Sol Duc River} ?,SELECT ?answer WHERE { wd:Q1340454 wdt:P403 ?X . ?X wdt:P3018 ?answer}
Which is {award received} of {Kailash Satyarthi} where {statement is subject of} is {2014 Nobel Peace Prize} ?,SELECT ?obj WHERE { wd:Q3442375 p:P166 ?s . ?s ps:P166 ?obj . ?s pq:P805 wd:Q18204229 }
What is field of exercise of publishing house has  Rock 'N' Roll Comics ?,SELECT ?answer WHERE { wd:Q20874879 wdt:P123 ?X . ?X wdt:P452 ?answer}
What sister city to Santo Domingo is considered the birth place of Whitey Bulger?,SELECT ?answer WHERE { wd:Q557801 wdt:P19 ?answer . ?answer wdt:P190 wd:Q34820}
What award Eddie Redmayne received for his work The Theory of Everything?,SELECT ?obj WHERE { wd:Q28288 p:P166 ?s . ?s ps:P166 ?obj . ?s pq:P1686 wd:Q15079318 }
How was the number of households in Cumbria determined for the United Kingdom Census in 2011?,SELECT ?obj WHERE { wd:Q23066 p:P1538 ?s . ?s ps:P1538 ?obj . ?s pq:P459 wd:Q855531 }
How many voice types are classified as death growls?,SELECT (COUNT(?sub) AS ?value ) { ?sub wdt:P412 wd:Q335499 }
who served as a doctoral advisor for Srinivasa Ramanujan ?,select distinct ?obj where { wd:Q83163 wdt:P184 ?obj . ?obj wdt:P31 wd:Q5 }
How many programming paradigms are there for C++?,SELECT (COUNT(?obj) AS ?value ) { wd:Q2407 wdt:P3966 ?obj }
What Ancient Greek unit of volume has the biggest conversion to standard units ?,select ?ent where { ?ent wdt:P31 wd:Q607056 . ?ent wdt:P2442 ?obj . ?ent wdt:P111 wd:Q39297 } ORDER BY DESC(?obj)LIMIT 5
which party starts with the letter z,"SELECT DISTINCT ?sbj ?sbj_label WHERE { ?sbj wdt:P31 wd:Q200538 . ?sbj rdfs:label ?sbj_label . FILTER(STRSTARTS(lcase(?sbj_label), 'z')) . FILTER (lang(?sbj_label) = 'en') } LIMIT 25"
Who was nominated the Academy Award for Best Director for Rocky?,SELECT ?value WHERE { wd:Q188652 p:P1411 ?s . ?s ps:P1411 wd:Q103360 . ?s pq:P2453 ?value}
What is the human population of the administrative headquarters of French Indochina?,SELECT ?answer WHERE { wd:Q185682 wdt:P36 ?X . ?X wdt:P1082 ?answer}
Which is the group that caused the Congress of Vienna?,select distinct ?sbj where { ?sbj wdt:P828 wd:Q46362 . ?sbj wdt:P31 wd:Q16887380 }
What are the astronomical object type  which start with the letter v,"SELECT DISTINCT ?sbj ?sbj_label WHERE { ?sbj wdt:P31 wd:Q17444909 . ?sbj rdfs:label ?sbj_label . FILTER(STRSTARTS(lcase(?sbj_label), 'v')) . FILTER (lang(?sbj_label) = 'en') } LIMIT 25"
Who is replacing John Howard's position in the Australian House of Representatives?,SELECT ?value WHERE { wd:Q51330 p:P39 ?s . ?s ps:P39 wd:Q18912794 . ?s pq:P1365 ?value}
When was Coronation Street nominated for a British Academy Television Award?,SELECT ?value WHERE { wd:Q945030 p:P1411 ?s . ?s ps:P1411 wd:Q1369077 . ?s pq:P585 ?value}
Which group is healthiest according to Paulys Realenzykle?,select ?ent where { ?ent wdt:P31 wd:Q16521 . ?ent wdt:P3395 ?obj . ?ent wdt:P1343 wd:Q1138524 } ORDER BY DESC(?obj)LIMIT 5
What is the standard edition of the IP4?,select distinct ?sbj where { ?sbj wdt:P747 wd:Q11103 . ?sbj wdt:P31 wd:Q290378 }
what are the product of game  platform of deflektor?,SELECT ?answer WHERE { wd:Q3263157 wdt:P400 ?X . ?X wdt:P176 ?answer}
Who is the mother of Elektra that is married to Agamemnon?,SELECT ?answer WHERE { wd:Q131651 wdt:P25 ?answer . ?answer wdt:P26 wd:Q128176}
When did Elinor Ostrom leave their position at Indiana University?,SELECT ?value WHERE { wd:Q153761 p:P108 ?s . ?s ps:P108 wd:Q6608367 . ?s pq:P582 ?value}
Who bought 4chan in 2015?,"SELECT ?obj WHERE { wd:Q238330 p:P127 ?s . ?s ps:P127 ?obj . ?s pq:P580 ?x filter(contains(YEAR(?x),'2015')) }"
When were Frederick William I of Prussia's children Wilhelmine of Prussia and Margravine of Brandenburg-Bayreuth born?,SELECT ?value WHERE { wd:Q105013 p:P40 ?s . ?s ps:P40 wd:Q237740 . ?s pq:P569 ?value}
What is the production process of medium grog?,SELECT ?answer WHERE { wd:Q492554 wdt:P186 ?X . ?X wdt:P2079 ?answer}
What is the name of a sibling duo that starts with the letter v.,"SELECT DISTINCT ?sbj ?sbj_label WHERE { ?sbj wdt:P31 wd:Q14073567 . ?sbj rdfs:label ?sbj_label . FILTER(STRSTARTS(lcase(?sbj_label), 'v')) . FILTER (lang(?sbj_label) = 'en') } LIMIT 25"
What work got Helen Hunt the nomination for the Academy Award for Best Supporting Actress?,SELECT ?value WHERE { wd:Q170574 p:P1411 ?s . ?s ps:P1411 wd:Q106301 . ?s pq:P1686 ?value}
What is associated with religious affiliation of synagogue?,SELECT ?answer WHERE { wd:Q34627 wdt:P140 ?X . ?X wdt:P3095 ?answer}
what is the locomotive class has the highest  boiler pressure?,select ?ent where { ?ent wdt:P31 wd:Q19832486 . ?ent wdt:P5071 ?obj } ORDER BY DESC(?obj)LIMIT 5
What award did David Ireland receive in 1976?,"SELECT ?obj WHERE { wd:Q978089 p:P166 ?s . ?s ps:P166 ?obj . ?s pq:P585 ?x filter(contains(YEAR(?x),'1976')) }"
What is the relative level of taxon of Indian rhinoceros?,SELECT ?answer WHERE { wd:Q47910 wdt:P171 ?X . ?X wdt:P105 ?answer}
Which award did Jaroslav Seifert receive in the year 1984?,"SELECT ?obj WHERE { wd:Q102483 p:P166 ?s . ?s ps:P166 ?obj . ?s pq:P585 ?x filter(contains(YEAR(?x),'1984')) }"
Tell me the members for the parliament of the united kingdom?,SELECT (COUNT(?sub) AS ?value ) { ?sub wdt:P463 wd:Q11010 }
What is United States Secret Service Jurisdiction and the office held by the head of it?,SELECT ?ans_1 ?ans_2 WHERE { wd:Q503224 wdt:P1001 ?ans_1 . wd:Q503224 wdt:P2388 ?ans_2 }
What is Jacinda Ardern's position ?,select distinct ?sbj where { ?sbj wdt:P1308 wd:Q3606816 . ?sbj wdt:P31 wd:Q4164871 }
Which Roman deity corresponds to Apollo?,select distinct ?obj where { wd:Q37340 wdt:P460 ?obj . ?obj wdt:P31 wd:Q11688446 }
How many records are held by Lionel Messi?,SELECT (COUNT(?sub) AS ?value ) { ?sub wdt:P3279 wd:Q615 }
Who was the chairperson for the Social Democratic Party of Germany in 2004-3-21?,"SELECT ?obj WHERE { wd:Q49768 p:P488 ?s . ?s ps:P488 ?obj . ?s pq:P582 ?x filter(contains(YEAR(?x),'2004')) }"
When was François Truffaut nominated for National Society of Film Critics Award for Best Screenplay?,SELECT ?value WHERE { wd:Q53002 p:P1411 ?s . ?s ps:P1411 wd:Q6978541 . ?s pq:P585 ?value}
How many describe a project that uses Twitter?,SELECT (COUNT(?sub) AS ?value ) { ?sub wdt:P4510 wd:Q918 }
Who was awarded the Screen Actors Guild Award for Outstanding Performance by an Ensemble in a Drama Series in Matthew Fox ?,SELECT ?value WHERE { wd:Q185554 p:P166 ?s . ?s ps:P166 wd:Q2530270 . ?s pq:P1346 ?value}
When was Miguel Ángel Asturias Rosales nominated for a Nobel Prize in Literature?,SELECT ?value WHERE { wd:Q75603 p:P1411 ?s . ?s ps:P1411 wd:Q37922 . ?s pq:P585 ?value}
When did Garfield Sobers become a member of the West Indies cricket team?,SELECT ?value WHERE { wd:Q981485 p:P54 ?s . ?s ps:P54 wd:Q912881 . ?s pq:P580 ?value}
Where is the administrative territorial entity of Lancashire that ended in April of 1994?,"SELECT ?obj WHERE { wd:Q23077 p:P131 ?s . ?s ps:P131 ?obj . ?s pq:P582 ?x filter(contains(YEAR(?x),'1994')) }"
What is the leading government figure for Moldova?,SELECT (COUNT(?obj) AS ?value ) { wd:Q217 wdt:P6 ?obj }
What award did Louis-Ferdinand Céline receive for his work Journey to the End of the Night?,SELECT ?obj WHERE { wd:Q151820 p:P166 ?s . ?s ps:P166 ?obj . ?s pq:P1686 wd:Q774233 }
What is the birthplace of Rudolf Koegel?,SELECT ?answer WHERE { wd:Q1505788 wdt:P19 ?X . ?X wdt:P190 ?answer}
Who is the {human} for {composer} of {My Fair Lady},select distinct ?obj where { wd:Q591943 wdt:P86 ?obj . ?obj wdt:P31 wd:Q5 }
what are the Christian movement which  contains the word phineas in their name,"SELECT DISTINCT ?sbj ?sbj_label WHERE { ?sbj wdt:P31 wd:Q995347 . ?sbj rdfs:label ?sbj_label . FILTER(CONTAINS(lcase(?sbj_label), 'phineas')) . FILTER (lang(?sbj_label) = 'en') } LIMIT 25"
How much petroleum was consumed in 2007?,"SELECT ?obj WHERE { wd:Q22656 p:P2292 ?s . ?s ps:P2292 ?obj . ?s pq:P585 ?x filter(contains(YEAR(?x),'2007')) }"
What was the population of Fernando de Noronha during the date 2000-8-1?,"SELECT ?obj WHERE { wd:Q175057 p:P1082 ?s . ?s ps:P1082 ?obj . ?s pq:P585 ?x filter(contains(YEAR(?x),'2000')) }"
Tell me which is the software company which starts with the letter x?,"SELECT DISTINCT ?sbj ?sbj_label WHERE { ?sbj wdt:P31 wd:Q1058914 . ?sbj rdfs:label ?sbj_label . FILTER(STRSTARTS(lcase(?sbj_label), 'x')) . FILTER (lang(?sbj_label) = 'en') } LIMIT 25"
Where was the U.S. Declaration of Independence signed?,select distinct ?sbj where { ?sbj wdt:P457 wd:Q127912 . ?sbj wdt:P31 wd:Q3624078 }
In what country is Mikhail Fridman a citizen?,SELECT (COUNT(?obj) AS ?value ) { wd:Q732142 wdt:P27 ?obj }
What kind of ships are produced by SpaceX?,select distinct ?obj where { wd:Q193701 wdt:P1056 ?obj . ?obj wdt:P31 wd:Q2235308 }
who Wikimedia category for category of associated people of Bucharest?,select distinct ?obj where { wd:Q19660 wdt:P1792 ?obj . ?obj wdt:P31 wd:Q4167836 }
tell me comic genre whose name has the word novel in it,"SELECT DISTINCT ?sbj ?sbj_label WHERE { ?sbj wdt:P31 wd:Q20087698 . ?sbj rdfs:label ?sbj_label . FILTER(CONTAINS(lcase(?sbj_label), 'novel')) . FILTER (lang(?sbj_label) = 'en') } LIMIT 25"
"Beginning at Baikonur Cosmodrome, what is the Soyuz-TMA with the maximum apoapsis?",select ?ent where { ?ent wdt:P31 wd:Q2425489 . ?ent wdt:P2243 ?obj . ?ent wdt:P1427 wd:Q177477 } ORDER BY DESC(?obj)LIMIT 5
Which painting is the widest?,select ?ent where { ?ent wdt:P31 wd:Q3305213 . ?ent wdt:P2049 ?obj } ORDER BY DESC(?obj)LIMIT 5
What portable computer had MS-DOS as the operating system?,select distinct ?sbj where { ?sbj wdt:P306 wd:Q47604 . ?sbj wdt:P31 wd:Q1820120 }
Which award was received by Ilya Frank together with Pavel Cherenkov?,SELECT ?obj WHERE { wd:Q192703 p:P166 ?s . ?s ps:P166 ?obj . ?s pq:P1706 wd:Q76970 }
When did the marriage of John II of France and Bonne of Bohemia end?,SELECT ?value WHERE { wd:Q169992 p:P26 ?s . ?s ps:P26 wd:Q235487 . ?s pq:P582 ?value}
What is the next platform of 1001 Spikes?,SELECT ?answer WHERE { wd:Q17505226 wdt:P400 ?X . ?X wdt:P156 ?answer}
When did John Major stopped being a Member of the 50th Parliament of the United Kingdom?,SELECT ?value WHERE { wd:Q9559 p:P39 ?s . ?s ps:P39 wd:Q41582624 . ?s pq:P1534 ?value}
What award John Kenneth Galbraith received at 1993-1-1?,"SELECT ?obj WHERE { wd:Q186042 p:P166 ?s . ?s ps:P166 ?obj . ?s pq:P585 ?x filter(contains(YEAR(?x),'1993')) }"
Tell me production company whose name has the word tellfilm in it.,"SELECT DISTINCT ?sbj ?sbj_label WHERE { ?sbj wdt:P31 wd:Q1762059 . ?sbj rdfs:label ?sbj_label . FILTER(CONTAINS(lcase(?sbj_label), 'tellfilm')) . FILTER (lang(?sbj_label) = 'en') } LIMIT 25"
What position does Bill Russell play and who is he married to?,SELECT ?ans_1 ?ans_2 WHERE { wd:Q242185 wdt:P26 ?ans_1 . wd:Q242185 wdt:P413 ?ans_2 }
The executive branch of the Government of Islamic Republic of Iran is in what village of the Hormozgan Province?,SELECT ?answer WHERE { wd:Q633659 wdt:P131 ?answer . ?answer wdt:P208 wd:Q16052369}
What are the all written works of Orson Welles?,select distinct ?obj where { wd:Q24829 wdt:P1455 ?obj . ?obj wdt:P31 wd:Q1631107 }
What government did Josip Broz Tito serve,select distinct ?sbj where { ?sbj wdt:P6 wd:Q9161 . ?sbj wdt:P31 wd:Q59281 }
What is the record label that 50 Cent is signed with?,select distinct ?obj where { wd:Q6060 wdt:P264 ?obj . ?obj wdt:P31 wd:Q18127 }
"What are the provinces of Pakistan  that contain the word ""sindh"" in their name ?","SELECT DISTINCT ?sbj ?sbj_label WHERE { ?sbj wdt:P31 wd:Q15058985 . ?sbj rdfs:label ?sbj_label . FILTER(CONTAINS(lcase(?sbj_label), 'sindh')) . FILTER (lang(?sbj_label) = 'en') } LIMIT 25"
which was the series ordinal  for ether which has  ionization energy as 9.53?,"SELECT ?value WHERE { wd:Q202218 p:P2260 ?s . ?s ps:P2260 ?x filter(contains(?x,'9.53')) . ?s pq:P1545 ?value}"
"What is the sister city of Mariupol since Dec 26th, 2008?","SELECT ?obj WHERE { wd:Q37133 p:P190 ?s . ?s ps:P190 ?obj . ?s pq:P580 ?x filter(contains(YEAR(?x),'2008')) }"
Who discovered Malaria?,select distinct ?obj where { wd:Q12156 wdt:P61 ?obj . ?obj wdt:P31 wd:Q5 }
What is the dredger with the highest payload mass?,select ?ent where { ?ent wdt:P31 wd:Q5810820 . ?ent wdt:P4519 ?obj . ?ent wdt:P31 wd:Q5810820 } ORDER BY DESC(?obj)LIMIT 5
who film production company for business division of Walt Disney Parks and Resorts?,select distinct ?sbj where { ?sbj wdt:P199 wd:Q1431781 . ?sbj wdt:P31 wd:Q1762059 }
"what is {PhD advisor} of {favorite player} of {Anthony Giddens, Baron Giddens} ?",SELECT ?answer WHERE { wd:Q220008 wdt:P737 ?X . ?X wdt:P184 ?answer}
Sonic the Hedgehog is the anthropomorphic cat for what present work?,select distinct ?sbj where { ?sbj wdt:P1441 wd:Q1046812 . ?sbj wdt:P31 wd:Q27303706 }
What is the current time in Turin?,SELECT ?value WHERE { wd:Q495 p:P421 ?s . ?s ps:P421 wd:Q6723 . ?s pq:P1264 ?value}
Which religious concept starts with the letter t,"SELECT DISTINCT ?sbj ?sbj_label WHERE { ?sbj wdt:P31 wd:Q23847174 . ?sbj rdfs:label ?sbj_label . FILTER(STRSTARTS(lcase(?sbj_label), 't')) . FILTER (lang(?sbj_label) = 'en') } LIMIT 25"
Which is the currency that has a location of final assembly the Royal Mint and contains the word pound in it's name?,"SELECT DISTINCT ?sbj ?sbj_label WHERE { ?sbj wdt:P31 wd:Q8142 . ?sbj wdt:P1071 wd:Q951830 . ?sbj rdfs:label ?sbj_label . FILTER(CONTAINS(lcase(?sbj_label), 'pound')) . FILTER (lang(?sbj_label) = 'en') } LIMIT 25"
What is the diplomatic relation the location in Histories?,SELECT ?answer WHERE { wd:Q746583 wdt:P840 ?X . ?X wdt:P530 ?answer}
Who organizes the order of Ultima III: Exodus?,SELECT ?answer WHERE { wd:Q2240236 wdt:P179 ?X . ?X wdt:P479 ?answer}
What genre of music is part of the series of Bomberman II?,SELECT ?answer WHERE { wd:Q2002828 wdt:P179 ?X . ?X wdt:P136 ?answer}
How many wears for Michael Jordan?,SELECT (COUNT(?obj) AS ?value ) { wd:Q41421 wdt:P3828 ?obj }
What nomination for prizewinner Lester B. Pearson was received of D.T. Suzuki?,SELECT ?answer WHERE { wd:Q44847 wdt:P1411 ?answer . ?answer wdt:P1346 wd:Q128604}
Which brother or sister of Artemis has a kid named Hymen?,SELECT ?answer WHERE { wd:Q39503 wdt:P3373 ?answer . ?answer wdt:P40 wd:Q506770}
Who founded Commodore 64?,SELECT ?answer WHERE { wd:Q99775 wdt:P176 ?X . ?X wdt:P112 ?answer}
"which is the {statement is subject of} for {Stanley Kubrick} that has {nominated for} as {Academy Award for Best Writing, Original Screenplay} ?",SELECT ?value WHERE { wd:Q2001 p:P1411 ?s . ?s ps:P1411 wd:Q41417 . ?s pq:P805 ?value}
how many people are women?,SELECT (COUNT(?sub) AS ?value ) { ?sub wdt:P4675 wd:Q467 }
Did Barbados have a diplomatic relationship with Nigeria in the past?,SELECT ?answer WHERE { wd:Q2206741 wdt:P1269 ?answer . ?answer wdt:P530 wd:Q1033}
"What operating system component starts with the letter ""f""?","SELECT DISTINCT ?sbj ?sbj_label WHERE { ?sbj wdt:P31 wd:Q30059018 . ?sbj rdfs:label ?sbj_label . FILTER(STRSTARTS(lcase(?sbj_label), 'f')) . FILTER (lang(?sbj_label) = 'en') } LIMIT 25"
What was Kenneth Branagh nominated Academy Award for Best Supporting Actor for?,SELECT ?value WHERE { wd:Q55294 p:P1411 ?s . ?s ps:P1411 wd:Q106291 . ?s pq:P805 ?value}
Who was the mother of Archduke Franz Ferdinand?,SELECT ?answer WHERE { wd:Q43063 wdt:P3373 ?X . ?X wdt:P25 ?answer}
For what role was Joanne Woodward nominated for a Screen Actors Guild Award for Outstanding Performance by a Female Actor in a Miniseries or Television Movie?,SELECT ?value WHERE { wd:Q1111542 p:P1411 ?s . ?s ps:P1411 wd:Q2462064 . ?s pq:P1686 ?value}
What periodical literature does Delta Air Lines use as a moutpiece?,select distinct ?obj where { wd:Q188920 wdt:P2813 ?obj . ?obj wdt:P31 wd:Q1002697 }
"The story Hamilton, based on Alexander Hamilton, was written by what author?",SELECT ?value WHERE { wd:Q19320959 p:P144 ?s . ?s ps:P144 wd:Q54016147 . ?s pq:P50 ?value}
What was discovered at Astatine that is in the country of Lesotho?,SELECT ?answer WHERE { wd:Q999 wdt:P189 ?answer . ?answer wdt:P530 wd:Q1013}
tell me about use starts with t,"SELECT DISTINCT ?sbj ?sbj_label WHERE { ?sbj wdt:P31 wd:Q1724915 . ?sbj rdfs:label ?sbj_label . FILTER(STRSTARTS(lcase(?sbj_label), 't')) . FILTER (lang(?sbj_label) = 'en') } LIMIT 25"
Who wrote the theme of the Bernstein Bears (1985 TV series)?,SELECT ?answer WHERE { wd:Q16200174 wdt:P144 ?X . ?X wdt:P50 ?answer}
What school did Thomas J. Healey's sibling attend?,SELECT ?answer WHERE { wd:Q7791077 wdt:P3373 ?X . ?X wdt:P69 ?answer}
Where does Vicente del Bosque play?,SELECT ?answer WHERE { wd:Q657360 wdt:P54 ?X . ?X wdt:P1532 ?answer}
What is the region that What's Going On comes from?,SELECT ?answer WHERE { wd:Q2517476 wdt:P495 ?X . ?X wdt:P150 ?answer}
What award did Dalton Trevisan win?,SELECT ?answer WHERE { wd:Q2351596 wdt:P166 ?X . ?X wdt:P1346 ?answer}
What is the governing body of the FIFA World Cup?,SELECT ?answer WHERE { wd:Q19317 wdt:P641 ?X . ?X wdt:P797 ?answer}
Which is the archive for the architectural style of Bauhaus?,select distinct ?sbj where { ?sbj wdt:P149 wd:Q124354 . ?sbj wdt:P31 wd:Q166118 }
Tell me  occupation whose name has the word whistle blower in it.,"SELECT DISTINCT ?sbj ?sbj_label WHERE { ?sbj wdt:P31 wd:Q12737077 . ?sbj rdfs:label ?sbj_label . FILTER(CONTAINS(lcase(?sbj_label), 'whistleblower')) . FILTER (lang(?sbj_label) = 'en') } LIMIT 25"
What is the municipal council in Finland with the lowest number of seats whose applies to jurisdiction is Lappajärvi ?,select ?ent where { ?ent wdt:P31 wd:Q191893 . ?ent wdt:P1342 ?obj . ?ent wdt:P1001 wd:Q6020} ORDER BY ASC(?obj)LIMIT 5
How many highest point are scored by Ben Nevis?,SELECT (COUNT(?sub) AS ?value ) { ?sub wdt:P610 wd:Q104674 }
According to Gregorian date when did Ad ar-Rahman die?,SELECT ?obj WHERE { wd:Q29000 p:P570 ?s . ?s ps:P570 ?obj . ?s pq:P31 wd:Q26961029 }
Where was the birthplace of Antoine de Saint-Exupery?,SELECT ?answer WHERE { wd:Q2908 wdt:P19 ?X . ?X wdt:P131 ?answer}
"What's the first human that starts with the letter ""p""?","SELECT DISTINCT ?sbj ?sbj_label WHERE { ?sbj wdt:P31 wd:Q4349921 . ?sbj rdfs:label ?sbj_label . FILTER(STRSTARTS(lcase(?sbj_label), 'p')) . FILTER (lang(?sbj_label) = 'en') } LIMIT 25"
When is the football event starts in July?,select ?ent where { ?ent wdt:P31 wd:Q15991303 . ?ent wdt:P2257 ?obj . ?ent wdt:P4794 wd:Q121 } ORDER BY DESC(?obj)LIMIT 5
Who is the publisher and creator of Playboy?,SELECT ?ans_1 ?ans_2 WHERE { wd:Q150820 wdt:P123 ?ans_1 . wd:Q150820 wdt:P170 ?ans_2 }
which ensemble starts with the letter u,"SELECT DISTINCT ?sbj ?sbj_label WHERE { ?sbj wdt:P31 wd:Q1497375 . ?sbj rdfs:label ?sbj_label . FILTER(STRSTARTS(lcase(?sbj_label), 'u')) . FILTER (lang(?sbj_label) = 'en') } LIMIT 25"
Who is in the region of Princeton is employed by Daniel Mendelsohn?,SELECT ?answer WHERE { wd:Q662119 wdt:P108 ?answer . ?answer wdt:P131 wd:Q138518}
How many different forms of murder are there?,SELECT (COUNT(?sub) AS ?value ) { ?sub wdt:P1889 wd:Q132821 }
What subject in the history of Wisconsin tells of the division of St. Croix County?,SELECT ?answer WHERE { wd:Q11288054 wdt:P1269 ?answer . ?answer wdt:P150 wd:Q591156}
What award John Berryman received at 1969-1-1?,"SELECT ?obj WHERE { wd:Q522192 p:P166 ?s . ?s ps:P166 ?obj . ?s pq:P585 ?x filter(contains(YEAR(?x),'1969')) }"
BEtween what years was ancient Rome active?,select distinct ?sbj where { ?sbj wdt:P2348 wd:Q1747689 . ?sbj wdt:P31 wd:Q5 }
Who are {inhabitants} of {originates} in {glima} ?,SELECT ?answer WHERE { wd:Q651295 wdt:P495 ?X . ?X wdt:P1082 ?answer}
"Give me a name of coachwork type, that starts with an alphabet 'v'.","SELECT DISTINCT ?sbj ?sbj_label WHERE { ?sbj wdt:P31 wd:Q15729598 . ?sbj rdfs:label ?sbj_label . FILTER(STRSTARTS(lcase(?sbj_label), 'v')) . FILTER (lang(?sbj_label) = 'en') } LIMIT 25"
which civil war starts with the letter w,"SELECT DISTINCT ?sbj ?sbj_label WHERE { ?sbj wdt:P31 wd:Q8465 . ?sbj rdfs:label ?sbj_label . FILTER(STRSTARTS(lcase(?sbj_label), 'w')) . FILTER (lang(?sbj_label) = 'en') } LIMIT 25"
What are the unit of measurement which start with the letter visus,"SELECT DISTINCT ?sbj ?sbj_label WHERE { ?sbj wdt:P31 wd:Q3546121 . ?sbj rdfs:label ?sbj_label . FILTER(STRSTARTS(lcase(?sbj_label), 't')) . FILTER (lang(?sbj_label) = 'en') } LIMIT 25"
What are the regional organization that shares border with the Central African Republic and which that starts with the letter a,"SELECT DISTINCT ?sbj ?sbj_label WHERE { ?sbj wdt:P31 wd:Q4120211 . ?sbj wdt:P47 wd:Q929 . ?sbj rdfs:label ?sbj_label . FILTER(STRSTARTS(lcase(?sbj_label), 'a')) . FILTER (lang(?sbj_label) = 'en') } LIMIT 25"
Who is the Chief Executive Officer of Walmart?,select distinct ?obj where { wd:Q483551 wdt:P169 ?obj . ?obj wdt:P31 wd:Q5 }
Who gave the{label in sign language} of {second language} of {Stirling Moss} ?,SELECT ?answer WHERE { wd:Q172728 wdt:P1412 ?X . ?X wdt:P2919 ?answer}
,select distinct ?obj where { wd:Q1071312 wdt:P127 ?obj . ?obj wdt:P31 wd:Q4830453 }
How many cast members are there in M?,SELECT (COUNT(?obj) AS ?value ) { wd:Q127021 wdt:P161 ?obj }
who  is the business for division of Reuters?,select distinct ?sbj where { ?sbj wdt:P199 wd:Q130879 . ?sbj wdt:P31 wd:Q4830453 }
Which is the WHO INN used for treatment of the attention deficit hyperactivity disorder?,SELECT ?answer WHERE { wd:Q181923 wdt:P2176 ?X . ?X wdt:P2275 ?answer}
"Who wrote the novel known for politics and the English language, ""1984""?",SELECT ?answer WHERE { wd:Q208460 wdt:P50 ?answer . ?answer wdt:P800 wd:Q2273966}
Which termini is connected with Tokyo Metropolitan Road Route 418?,SELECT ?answer WHERE { wd:Q11103016 wdt:P2789 ?X . ?X wdt:P559 ?answer}
Who played Forrest Gump,select distinct ?obj where { wd:Q134773 wdt:P161 ?obj . ?obj wdt:P31 wd:Q5 }
What was King Arthur's given name?,select distinct ?obj where { wd:Q45792 wdt:P735 ?obj . ?obj wdt:P31 wd:Q12308941 }
What language does PewDiePie speak?,SELECT ?answer WHERE { wd:Q13423853 wdt:P1412 ?X . ?X wdt:P5110 ?answer}
What is the type of quantum particle with the lowest g-factor whose interaction is weak interaction?,select ?ent where { ?ent wdt:P31 wd:Q22675015 . ?ent wdt:P1097 ?obj . ?ent wdt:P517 wd:Q11418} ORDER BY ASC(?obj)LIMIT 5
which concept starts with the letter u,"SELECT DISTINCT ?sbj ?sbj_label WHERE { ?sbj wdt:P31 wd:Q151885 . ?sbj rdfs:label ?sbj_label . FILTER(STRSTARTS(lcase(?sbj_label), 'ü')) . FILTER (lang(?sbj_label) = 'en') } LIMIT 25"
what award received by Andrew Wiles on 20-16-0-0 ?,"SELECT ?obj WHERE { wd:Q184433 p:P166 ?s . ?s ps:P166 ?obj . ?s pq:P585 ?x filter(contains(YEAR(?x),'2016')) }"
Which is {treatment} {murder method} of {Ted Hughes} ?,SELECT ?answer WHERE { wd:Q272194 wdt:P509 ?X . ?X wdt:P2176 ?answer}
What is the audio pronunciation of the language signed by Hippolyte Bayard?,SELECT ?answer WHERE { wd:Q559668 wdt:P1412 ?X . ?X wdt:P443 ?answer}
How many continents are in the Portuguese Empire?,SELECT (COUNT(?obj) AS ?value ) { wd:Q200464 wdt:P30 ?obj }
Who inhabits the administrative headquarters of Spanish East Indies?,SELECT ?answer WHERE { wd:Q910648 wdt:P36 ?X . ?X wdt:P1082 ?answer}
Who is the musician a split from of Tell Me 'bout It?,SELECT ?answer WHERE { wd:Q1158846 wdt:P155 ?X . ?X wdt:P175 ?answer}
which mosque starts with s,"SELECT DISTINCT ?sbj ?sbj_label WHERE { ?sbj wdt:P31 wd:Q32815 . ?sbj rdfs:label ?sbj_label . FILTER(STRSTARTS(lcase(?sbj_label), 's')) . FILTER (lang(?sbj_label) = 'en') } LIMIT 25"
What are the maritime identification digits for the county of George Town?,SELECT ?answer WHERE { wd:Q172996 wdt:P1376 ?X . ?X wdt:P2979 ?answer}
What cities contain the nationality of Eddie Robinson?,SELECT ?answer WHERE { wd:Q1282951 wdt:P27 ?X . ?X wdt:P150 ?answer}
What is the pronunciation audio of sweet potato whose language of work or name is French?,SELECT ?obj WHERE { wd:Q37937 p:P443 ?s . ?s ps:P443 ?obj . ?s pq:P407 wd:Q150 }
Who are the inhabitants that originate in Foucault's Pendulum?,SELECT ?answer WHERE { wd:Q437791 wdt:P495 ?X . ?X wdt:P1082 ?answer}
What significant event is Judas Iscariot known for?,select distinct ?obj where { wd:Q81018 wdt:P793 ?obj . ?obj wdt:P31 wd:Q1406161 }
What is type of death for pupils of Alfred Tarski ?,SELECT ?answer WHERE { wd:Q207534 wdt:P802 ?X . ?X wdt:P1196 ?answer}
What is the IPv4 routing prefix for the Department of Defense's legacy IPv4 address block?,SELECT ?obj WHERE { wd:Q11209 p:P3761 ?s . ?s ps:P3761 ?obj . ?s pq:P1552 wd:Q28919811 }
Who Sleepwalking succeeded in playing Sleepwalking?,SELECT ?answer WHERE { wd:Q7539946 wdt:P156 ?X . ?X wdt:P175 ?answer}
Which is {has county seat} {has capital} of {Abyssinia} ?,SELECT ?answer WHERE { wd:Q207521 wdt:P36 ?X . ?X wdt:P1376 ?answer}
What is Q48460 of school of The Internationale ?,SELECT ?answer WHERE { wd:Q49617 wdt:P135 ?X . ?X wdt:P1036 ?answer}
What country was replaced by the Kingdom of Great Britain?,select distinct ?sbj where { ?sbj wdt:P1366 wd:Q161885 . ?sbj wdt:P31 wd:Q3024240 }
Tell me Public policy whose name has the words racial in it.,"SELECT DISTINCT ?sbj ?sbj_label WHERE { ?sbj wdt:P31 wd:Q546113 . ?sbj rdfs:label ?sbj_label . FILTER(CONTAINS(lcase(?sbj_label), 'racial')) . FILTER (lang(?sbj_label) = 'en') } LIMIT 25"
Tell me the sedative that starts with the letter n,"SELECT DISTINCT ?sbj ?sbj_label WHERE { ?sbj wdt:P31 wd:Q847705 . ?sbj rdfs:label ?sbj_label . FILTER(STRSTARTS(lcase(?sbj_label), 'n')) . FILTER (lang(?sbj_label) = 'en') } LIMIT 25"
"What nonprofit organization starts with n, and has English as its official language.","SELECT DISTINCT ?sbj ?sbj_label WHERE { ?sbj wdt:P31 wd:Q163740 . ?sbj wdt:P37 wd:Q1860 . ?sbj rdfs:label ?sbj_label . FILTER(STRSTARTS(lcase(?sbj_label), 'n')) . FILTER (lang(?sbj_label) = 'en') } LIMIT 25"
Who was the main actress in Guiding Light?,SELECT ?answer WHERE { wd:Q1145764 wdt:P161 ?X . ?X wdt:P106 ?answer}
Who did Kate Spade marry in 1994?,"SELECT ?obj WHERE { wd:Q275094 p:P734 ?s . ?s ps:P734 ?obj . ?s pq:P580 ?x filter(contains(YEAR(?x),'1994')) }"
What is the death place of Lavrentiy Beria and is the twin town of Tehran?,SELECT ?answer WHERE { wd:Q141829 wdt:P20 ?answer . ?answer wdt:P190 wd:Q3616}
What are the municipality of Brazil which start with the letter óbidos,"SELECT DISTINCT ?sbj ?sbj_label WHERE { ?sbj wdt:P31 wd:Q3184121 . ?sbj rdfs:label ?sbj_label . FILTER(CONTAINS(lcase(?sbj_label), 'óbidos')) . FILTER (lang(?sbj_label) = 'en') } LIMIT 25"
What is the tea house made of according to the creator?,SELECT ?answer WHERE { wd:Q1072166 wdt:P1056 ?X . ?X wdt:P186 ?answer}
How many episodes are there in American television sitcom?,select ?ent where { ?ent wdt:P31 wd:Q21188110 . ?ent wdt:P1113 ?obj } ORDER BY DESC(?obj)LIMIT 5
what team did Gabriel Batistuta Play for in 1989?,"SELECT ?obj WHERE { wd:Q170376 p:P54 ?s . ?s ps:P54 ?obj . ?s pq:P582 ?x filter(contains(YEAR(?x),'1989')) }"
Who owned the Mona Lisa in 1519?,"SELECT ?obj WHERE { wd:Q12418 p:P127 ?s . ?s ps:P127 ?obj . ?s pq:P580 ?x filter(contains(YEAR(?x),'1519')) }"
When did Sanath Jayasuriya leave the membership of the Sri Lanka national cricket team?,SELECT ?value WHERE { wd:Q378810 p:P54 ?s . ?s ps:P54 wd:Q203092 . ?s pq:P582 ?value}
What sports team was Ricardo Zamora a member of when he finished in the year 1936?,"SELECT ?obj WHERE { wd:Q296337 p:P54 ?s . ?s ps:P54 ?obj . ?s pq:P582 ?x filter(contains(YEAR(?x),'1936')) }"
Which place with town rights and privileges has the largest water as percent of area ?,select ?ent where { ?ent wdt:P31 wd:Q13539802 . ?ent wdt:P2927 ?obj } ORDER BY DESC(?obj)LIMIT 5
Where did William Bligh die?,SELECT ?answer WHERE { wd:Q294147 wdt:P20 ?X . ?X wdt:P190 ?answer}
"What was the cauae of death of Alfred Jarry, which had pott diaease as an effect?",SELECT ?answer WHERE { wd:Q7841 wdt:P509 ?answer . ?answer wdt:P1542 wd:Q2723627}
How many languages are based on the {Latin script} ?,SELECT (COUNT(?sub) AS ?value ) { ?sub wdt:P144 wd:Q8229 }
In what manner did Albrecht von Wallenstein die that was distinguishable from a justifiable homicide?,SELECT ?answer WHERE { wd:Q153545 wdt:P1196 ?answer . ?answer wdt:P1889 wd:Q6317275}
What comes after a decimal that has a radix of 9?,SELECT ?answer WHERE { wd:Q81365 wdt:P155 ?answer . ?answer wdt:P3264 wd:Q19108}
For what type of participation did Mark spitz received Olympic bronze medal award?,SELECT ?obj WHERE { wd:Q180748 p:P1344 ?s . ?s ps:P1344 ?obj . ?s pq:P166 wd:Q15889643 }
"What is the etymology of Bayes' theorem, that contains a death dated on 1761-4-17?","SELECT ?answer WHERE { wd:Q182505 wdt:P138 ?answer . ?answer wdt:P570 ?x FILTER(contains(YEAR(?x),'1761'))}"
Who in San Cristóbal de La Laguna was chosen as register office?,SELECT ?obj WHERE { wd:Q54898 p:P1082 ?s . ?s ps:P1082 ?obj . ?s pq:P459 wd:Q745221 }
When was Taha Hussein nominated for the Nobel Prize in Literature?,SELECT ?value WHERE { wd:Q328765 p:P1411 ?s . ?s ps:P1411 wd:Q37922 . ?s pq:P585 ?value}
What is the second given name of J. D. Salinger?,"SELECT ?obj WHERE { wd:Q79904 p:P735 ?s . ?s ps:P735 ?obj . ?s pq:P1545 ?x filter(contains(?x,'2')) }"
What city borders Tyre?,SELECT ?answer WHERE { wd:Q82070 wdt:P190 ?X . ?X wdt:P47 ?answer}
"What is often confused with the badge, that is part of the series that is Law & Order: Criminal Intent?",SELECT ?answer WHERE { wd:Q799000 wdt:P1889 ?answer . ?answer wdt:P179 wd:Q1055728}
Who is the initiated board game publisher of The Eternal Champion?,SELECT ?answer WHERE { wd:Q7732542 wdt:P123 ?X . ?X wdt:P571 ?answer}
"What software version of Perl was published on October 1st, 2014?","SELECT ?obj WHERE { wd:Q42478 p:P348 ?s . ?s ps:P348 ?obj . ?s pq:P577 ?x filter(contains(YEAR(?x),'2014')) }"
"What award did Carl Osburn win for shooting the men's 100 metre team running deer, single shots at the 1920 Summer Olympics?",SELECT ?value WHERE { wd:Q726114 p:P1344 ?s . ?s ps:P1344 wd:Q7500659 . ?s pq:P166 ?value}
How many things are founded by Bernard of Clairvaux?,SELECT (COUNT(?sub) AS ?value ) { ?sub wdt:P112 wd:Q188411 }
When did Belfast stop being part of the Kingdom of Ireland?,SELECT ?value WHERE { wd:Q10686 p:P17 ?s . ?s ps:P17 wd:Q215530 . ?s pq:P582 ?value}
How many prisons are by the Black Sea Canal?,SELECT (COUNT(?sub) AS ?value ) { ?sub wdt:P2632 wd:Q592260 }
What literary work follows the book of Exodus?,select distinct ?obj where { wd:Q9190 wdt:P155 ?obj . ?obj wdt:P31 wd:Q7725634 }
What is the Carnegie Classification of Institutions of Higher Education of the the school attended by Renee Zellweger?,SELECT ?answer WHERE { wd:Q122614 wdt:P69 ?X . ?X wdt:P2643 ?answer}
"What position did Abdülmecid I hold on July, 2 1839?","SELECT ?obj WHERE { wd:Q174772 p:P39 ?s . ?s ps:P39 ?obj . ?s pq:P580 ?x filter(contains(YEAR(?x),'1839')) }"
What is the name of a branch of service that starts with the letter v.,"SELECT DISTINCT ?sbj ?sbj_label WHERE { ?sbj wdt:P31 wd:Q690109 . ?sbj rdfs:label ?sbj_label . FILTER(STRSTARTS(lcase(?sbj_label), 'v')) . FILTER (lang(?sbj_label) = 'en') } LIMIT 25"
What are the region covered by Lighthouse of Alexandria which is located in twin cities in Kazanlak?,SELECT ?answer WHERE { wd:Q43244 wdt:P131 ?answer . ?answer wdt:P190 wd:Q192926}
What award did Louis Malle receive for his work on Au revois les enfants?,SELECT ?obj WHERE { wd:Q55392 p:P166 ?s . ?s ps:P166 ?obj . ?s pq:P1686 wd:Q187276 }
"What cast member of The Barber of Seville first performed on February 20, 1816?","SELECT ?value WHERE { wd:Q208659 p:P1191 ?s . ?s ps:P1191 ?x filter(contains(YEAR(?x),'1816')) . ?s pq:P161 ?value}"
Who is the  Mayor of First Abe Cabinet?,SELECT ?answer WHERE { wd:Q1748106 wdt:P6 ?X . ?X wdt:P102 ?answer}
What country is the current leader of the African Union ?,select distinct ?obj where { wd:Q7159 wdt:P530 ?obj . ?obj wdt:P31 wd:Q3624078 }
For what award was Jocelyn Bell Burnell given in the year 2014?,"SELECT ?obj WHERE { wd:Q233974 p:P166 ?s . ?s ps:P166 ?obj . ?s pq:P585 ?x filter(contains(YEAR(?x),'2014')) }"
,select distinct ?sbj where { ?sbj wdt:P1344 wd:Q8663 . ?sbj wdt:P31 wd:Q6256 }
"who version, edition, or translation for edition or translation of the Prince?",select distinct ?sbj where { ?sbj wdt:P629 wd:Q131719 . ?sbj wdt:P31 wd:Q3331189 }
What are the athletic conference which start with the letter n,"SELECT DISTINCT ?sbj ?sbj_label WHERE { ?sbj wdt:P31 wd:Q2992826 . ?sbj rdfs:label ?sbj_label . FILTER(STRSTARTS(lcase(?sbj_label), 'n')) . FILTER (lang(?sbj_label) = 'en') } LIMIT 25"
Who is the{dynasty} for {family} of {Rollo},select distinct ?obj where { wd:Q273773 wdt:P53 ?obj . ?obj wdt:P31 wd:Q164950 }
Which was the political party of the chairperson of Josip Broz Tito?,select distinct ?sbj where { ?sbj wdt:P488 wd:Q9161 . ?sbj wdt:P31 wd:Q7278 }
Amsterdam Metro has what type of electrification?,SELECT (COUNT(?obj) AS ?value ) { wd:Q260870 wdt:P930 ?obj }
What is the country club with the lowest par whose instance of is country club ?,select ?ent where { ?ent wdt:P31 wd:Q1137210 . ?ent wdt:P3530 ?obj . ?ent wdt:P31 wd:Q1137210} ORDER BY ASC(?obj)LIMIT 5
Where is the educational head quarters of Jessica Lange?,SELECT ?answer WHERE { wd:Q173585 wdt:P69 ?X . ?X wdt:P159 ?answer}
Did Muawiyah I die before 1584?,SELECT ?obj WHERE { wd:Q181154 p:P570 ?s . ?s ps:P570 ?obj . ?s pq:P31 wd:Q26961029 }
Which {kind of music} do {sculptor} {Tikitotmoniki Totems} ?,SELECT ?answer WHERE { wd:Q18749240 wdt:P170 ?X . ?X wdt:P136 ?answer}
Name the nuclear weapons test with the lowest explosive energy equivalent whose country of origin is soviet union?,select ?ent where { ?ent wdt:P31 wd:Q210112 . ?ent wdt:P2145 ?obj . ?ent wdt:P495 wd:Q15180} ORDER BY ASC(?obj)LIMIT 5
What is a sports team whose name starts with the letter w.,"SELECT DISTINCT ?sbj ?sbj_label WHERE { ?sbj wdt:P31 wd:Q12973014 . ?sbj rdfs:label ?sbj_label . FILTER(STRSTARTS(lcase(?sbj_label), 'w')) . FILTER (lang(?sbj_label) = 'en') } LIMIT 25"
Does the president hold the office that is the head of the government?,SELECT (COUNT(?sub) AS ?value ) { ?sub wdt:P1313 wd:Q30461 }
"Where did the Lewis and Clark Expedition end in July 3, 1806?","SELECT ?obj WHERE { wd:Q505802 p:P276 ?s . ?s ps:P276 ?obj . ?s pq:P582 ?x filter(contains(YEAR(?x),'1806')) }"
who is outcome of died of Nikolai Golgol?,SELECT ?answer WHERE { wd:Q43718 wdt:P20 ?X . ?X wdt:P793 ?answer}
Who is Natsume Sōseki's granddaughter?,SELECT ?obj WHERE { wd:Q180903 p:P1038 ?s . ?s ps:P1038 ?obj . ?s pq:P1039 wd:Q19756330 }
"What is the twin town of Port Vila, with the license plate code 沪A?","SELECT ?answer WHERE { wd:Q37806 wdt:P190 ?answer . ?answer wdt:P395 ?x FILTER(contains(?x,'沪A'))}"
What's the position held of Éamon de Valera for parliamentary term 4th Dail?,SELECT ?obj WHERE { wd:Q173347 p:P39 ?s . ?s ps:P39 ?obj . ?s pq:P2937 wd:Q29000401 }
Who is the fictional person whose name starts with the letter t?,"SELECT DISTINCT ?sbj ?sbj_label WHERE { ?sbj wdt:P31 wd:Q15632617 . ?sbj rdfs:label ?sbj_label . FILTER(STRSTARTS(lcase(?sbj_label), 't')) . FILTER (lang(?sbj_label) = 'en') } LIMIT 25"
did montpellier become the adnistrative territory in 1790-3-4?,"SELECT ?obj WHERE { wd:Q6441 p:P131 ?s . ?s ps:P131 ?obj . ?s pq:P580 ?x filter(contains(YEAR(?x),'1790')) }"
Why was Theodore von Kármán received the title of doctor honoris causa?,SELECT ?value WHERE { wd:Q164384 p:P166 ?s . ?s ps:P166 wd:Q11415564 . ?s pq:P1027 ?value}
"Where is the copy of the book, Philosophiae Naturalis Principia Mathematica written by Isaac Newton?",SELECT ?answer WHERE { wd:Q205921 wdt:P144 ?answer . ?answer wdt:P50 wd:Q935}
"What year was The Funnies created, and who published it?",SELECT ?answer WHERE { wd:Q1645141 wdt:P123 ?X . ?X wdt:P571 ?answer}
Who did Laszlo Papp lose to?,SELECT ?answer WHERE { wd:Q296473 wdt:P1344 ?X . ?X wdt:P155 ?answer}
What painting of The Starry Night has borders in Noves?,SELECT ?answer WHERE { wd:Q45585 wdt:P180 ?answer . ?answer wdt:P47 wd:Q474034}
The Kingdom of Sicily has how many capitals?,SELECT (COUNT(?sub) AS ?value ) { ?sub wdt:P1376 wd:Q188586 }
How many street addresses are located in the {FIFA} ?,SELECT (COUNT(?obj) AS ?value ) { wd:Q253414 wdt:P969 ?obj }
wHAT IS CABBAGE ETIMOLOGY OF  OF OLYMPIC GAMES SEASON BEGINS ?,SELECT ?answer WHERE { wd:Q82414 wdt:P4794 ?answer . ?answer wdt:P138 wd:Q35051}
What is the unit used to measure energy ?,select distinct ?sbj where { ?sbj wdt:P111 wd:Q11379 . ?sbj wdt:P31 wd:Q3647172 }
Who is Filipp Yankovsky's child?,SELECT ?answer WHERE { wd:Q1342340 wdt:P25 ?X . ?X wdt:P26 ?answer}
Who was the inspiration behind the characters in The Great Gatsby?,SELECT ?answer WHERE { wd:Q1198799 wdt:P674 ?X . ?X wdt:P941 ?answer}
What is the mean lifetime of a neutron?,SELECT (COUNT(?obj) AS ?value ) { wd:Q2348 wdt:P2645 ?obj }
What is the total revenue of the {Tencent} ?,SELECT (COUNT(?obj) AS ?value ) { wd:Q860580 wdt:P2139 ?obj }
What computer network protocol runs the main regulatory text of the Hypertext Transfer Protocol?,select distinct ?obj where { wd:Q8777 wdt:P92 ?obj . ?obj wdt:P31 wd:Q15836568 }
What currency was used and where was the capital of the Roman Republic?,SELECT ?ans_1 ?ans_2 WHERE { wd:Q17167 wdt:P38 ?ans_1 . wd:Q17167 wdt:P36 ?ans_2 }
who is the powerplant and the  manufacterer  of Mcdonnell_douglas_F-15_eagle?,SELECT ?ans_1 ?ans_2 WHERE { wd:Q29251 wdt:P516 ?ans_1 . wd:Q29251 wdt:P176 ?ans_2 }
"What is Michael Owen's league, position and specialty on his team?",SELECT ?ans_1 ?ans_2 WHERE { wd:Q128829 wdt:P118 ?ans_1 . wd:Q128829 wdt:P413 ?ans_2 }
What was the population nucleus for the settlement of Granada?,select distinct ?obj where { wd:Q8810 wdt:P1383 ?obj . ?obj wdt:P31 wd:Q11939023 }
When did Ivan Udaltsov start as rector for Moscow State University?,SELECT ?value WHERE { wd:Q13164 p:P1075 ?s . ?s ps:P1075 wd:Q4469264 . ?s pq:P580 ?value}
Who is {premier} of {hometown} {Leo Frank} ?,SELECT ?answer WHERE { wd:Q130973 wdt:P551 ?X . ?X wdt:P6 ?answer}
What is it?,SELECT ?answer WHERE { wd:Q9289 wdt:P138 ?answer . ?answer wdt:P30 wd:Q15}
In what year did Iloilo City become the capital of the Spanish East Indies?,SELECT ?value WHERE { wd:Q910648 p:P36 ?s . ?s ps:P36 wd:Q459787 . ?s pq:P580 ?value}
How many ethnic groups are in Brazil?,SELECT (COUNT(?obj) AS ?value ) { wd:Q155 wdt:P172 ?obj }
What country uses the sterling pound as its currency?,select distinct ?sbj where { ?sbj wdt:P38 wd:Q25224 . ?sbj wdt:P31 wd:Q6256 }
Which CAF Champions League has the highest number of points/goals/set scored?,select ?ent where { ?ent wdt:P31 wd:Q219261 . ?ent wdt:P1351 ?obj } ORDER BY DESC(?obj)LIMIT 5
"""What is the birth city of Kirsten Stewart, with the county seat of Los Angeles County?""",SELECT ?answer WHERE { wd:Q126599 wdt:P19 ?answer . ?answer wdt:P1376 wd:Q104994}
Who is Julia Gillard's partner?,select distinct ?sbj where { ?sbj wdt:P451 wd:Q41563 . ?sbj wdt:P31 wd:Q5 }
Does cinnamon contain a natural product of taxon called Cinnamomum verum?,SELECT ?value WHERE { wd:Q28165 p:P1582 ?s . ?s ps:P1582 wd:Q370239 . ?s pq:P361 ?value}
Who is starring in the film Starfleet Academy?,SELECT ?answer WHERE { wd:Q55169598 wdt:P144 ?X . ?X wdt:P161 ?answer}
What time did Aarhus serve as an adminstrative body at Rostock?,SELECT ?value WHERE { wd:Q25319 p:P190 ?s . ?s ps:P190 wd:Q2861 . ?s pq:P580 ?value}
Which legal station has high life expectancy?,select ?ent where { ?ent wdt:P31 wd:Q4209223 . ?ent wdt:P2250 ?obj } ORDER BY DESC(?obj)LIMIT 5
Who is the daughter of Iskandar Thani?,SELECT ?answer WHERE { wd:Q4264509 wdt:P26 ?X . ?X wdt:P22 ?answer}
What is  the higher taxon of resident animal species of Hellabrunn Zoo ?,SELECT ?answer WHERE { wd:Q264691 wdt:P1990 ?X . ?X wdt:P171 ?answer}
"Where was Saturday Night Fever published in December 16, 1977?","SELECT ?value WHERE { wd:Q47654 p:P577 ?s . ?s ps:P577 ?x filter(contains(YEAR(?x),'1977')) . ?s pq:P291 ?value}"
Who was the chairperson of Free Software Foundation in 1985-10-4?,"SELECT ?obj WHERE { wd:Q48413 p:P488 ?s . ?s ps:P488 ?obj . ?s pq:P580 ?x filter(contains(YEAR(?x),'1985')) }"
Which country is the Hebrew language spoken?,select distinct ?sbj where { ?sbj wdt:P37 wd:Q9288 . ?sbj wdt:P31 wd:Q6256 }
What are the Christian movement which start with the letter P,"SELECT DISTINCT ?sbj ?sbj_label WHERE { ?sbj wdt:P31 wd:Q995347 . ?sbj rdfs:label ?sbj_label . FILTER(STRSTARTS(lcase(?sbj_label), 'p')) . FILTER (lang(?sbj_label) = 'en') } LIMIT 25"
How many movies have Georges Méliès as the production designer?,SELECT (COUNT(?sub) AS ?value ) { ?sub wdt:P2554 wd:Q152272 }
Where is the death location of Paul Castellano whose death location is also adjacent to Queens,SELECT ?answer WHERE { wd:Q304489 wdt:P20 ?answer . ?answer wdt:P47 wd:Q18424}
who  is the vehicle model for manufacturer of honda?,select distinct ?sbj where { ?sbj wdt:P176 wd:Q9584 . ?sbj wdt:P31 wd:Q29048322 }
How did John Wilkes Booth kill Abraham Lincoln?,SELECT ?obj WHERE { wd:Q91 p:P1196 ?s . ?s ps:P1196 ?obj . ?s pq:P157 wd:Q180914 }
How many first aid measures are there for mercury poisoning?,SELECT (COUNT(?obj) AS ?value ) { wd:Q408089 wdt:P2239 ?obj }
Which is the fruit which contains the word pomelo in it's name?,"SELECT DISTINCT ?sbj ?sbj_label WHERE { ?sbj wdt:P31 wd:Q3314483 . ?sbj rdfs:label ?sbj_label . FILTER(CONTAINS(lcase(?sbj_label), 'pomelo')) . FILTER (lang(?sbj_label) = 'en') } LIMIT 25"
Who {painted} {Porky Pig} that also has a {surname} of {Freleng}?,SELECT ?answer WHERE { wd:Q937186 wdt:P170 ?answer . ?answer wdt:P734 wd:Q41491126}
who is the family and father of 14th_Dalai_Lama?,SELECT ?ans_1 ?ans_2 WHERE { wd:Q17293 wdt:P53 ?ans_1 . wd:Q17293 wdt:P22 ?ans_2 }
What is the wiki article for a list of fairy tales?,select distinct ?sbj where { ?sbj wdt:P360 wd:Q699 . ?sbj wdt:P31 wd:Q13406463 }
who state of languages spoken of marcel carné ?,SELECT ?answer WHERE { wd:Q52409 wdt:P1412 ?X . ?X wdt:P17 ?answer}
What was the largest team that finished Yukon Quest who had Cody Strathe as a participant?,select ?ent where { ?ent wdt:P31 wd:Q2301224 . ?ent wdt:P2105 ?obj . ?ent wdt:P710 wd:Q18588261 } ORDER BY DESC(?obj)LIMIT 5
Tell me animation technique whose name has the word supermarionation in it.,"SELECT DISTINCT ?sbj ?sbj_label WHERE { ?sbj wdt:P31 wd:Q3516833 . ?sbj rdfs:label ?sbj_label . FILTER(CONTAINS(lcase(?sbj_label), 'supermarionation')) . FILTER (lang(?sbj_label) = 'en') } LIMIT 25"
What is the sister of  the has mother of Mary of Chatillon ?,SELECT ?answer WHERE { wd:Q3292886 wdt:P25 ?X . ?X wdt:P3373 ?answer}
"What is the sister city of Antwerp, that has cities in Minhang District?",SELECT ?answer WHERE { wd:Q12892 wdt:P190 ?answer . ?answer wdt:P150 wd:Q661695}
Who gave the {postal index number} of {resident in} of {Robert Pattinson} ?,SELECT ?answer WHERE { wd:Q36767 wdt:P551 ?X . ?X wdt:P281 ?answer}
What district of Liguria originated in 2015?,"SELECT ?obj WHERE { wd:Q1256 p:P150 ?s . ?s ps:P150 ?obj . ?s pq:P580 ?x filter(contains(YEAR(?x),'2015')) }"
What PWN internet service has the greatest number of records?,select ?ent where { ?ent wdt:P31 wd:Q55387247 . ?ent wdt:P4876 ?obj . ?ent wdt:P31 wd:Q55387247 } ORDER BY DESC(?obj)LIMIT 5
na,SELECT ?answer WHERE { wd:Q2024618 wdt:P4791 ?X . ?X wdt:P937 ?answer}
How many interactions constitute a weak interaction ?,SELECT (COUNT(?sub) AS ?value ) { ?sub wdt:P517 wd:Q11418 }
Which series was Ewan McGregor in that has a series ordinal of 2?,"SELECT ?obj WHERE { wd:Q165518 p:P735 ?s . ?s ps:P735 ?obj . ?s pq:P1545 ?x filter(contains(?x,'2')) }"
"What is the occupation of Uesugi Kenshin, whose competitor is Shibata Katsuie?",SELECT ?answer WHERE { wd:Q311080 wdt:P607 ?answer . ?answer wdt:P710 wd:Q707587}
How many US National Archives Identifier are mentioned in newspaper?,SELECT (COUNT(?obj) AS ?value ) { wd:Q11032 wdt:P1225 ?obj }
who label in official language of characters of odyssey ?,SELECT ?answer WHERE { wd:Q35160 wdt:P674 ?X . ?X wdt:P1705 ?answer}
"""Which is {language read} of {Inigo Jones}, that has {role model} is {French} ?""",SELECT ?answer WHERE { wd:Q295929 wdt:P1412 ?answer . ?answer wdt:P737 wd:Q150}
What are the psychoactive which start with the letter o,"SELECT DISTINCT ?sbj ?sbj_label WHERE { ?sbj wdt:P31 wd:Q3706669 . ?sbj rdfs:label ?sbj_label . FILTER(STRSTARTS(lcase(?sbj_label), 'o')) . FILTER (lang(?sbj_label) = 'en') } LIMIT 25"
Name the mainland territorial place of Australia for substituting the Northern Territory,select distinct ?obj where { wd:Q3235 wdt:P1365 ?obj . ?obj wdt:P31 wd:Q14192234 }
WHICH IS THE TRIBUTARY OF OUTFLOW OF SENEGAL RIVER?,SELECT ?answer WHERE { wd:Q3569 wdt:P403 ?X . ?X wdt:P974 ?answer}
What is the current population of Aden?,SELECT ?obj WHERE { wd:Q131694 p:P1082 ?s . ?s ps:P1082 ?obj . ?s pq:P459 wd:Q791801 }
Khyber Pakhtunkhwa is in charge of which public office ?,select distinct ?obj where { wd:Q183314 wdt:P1313 ?obj . ?obj wdt:P31 wd:Q294414 }
What is {made from} of {derived from} of {Rum Collins} ?,SELECT ?answer WHERE { wd:Q7379095 wdt:P144 ?X . ?X wdt:P186 ?answer}
What is the {child} and the {spouse} of {Ralph_Lauren} ?,SELECT ?ans_1 ?ans_2 WHERE { wd:Q296647 wdt:P40 ?ans_1 . wd:Q296647 wdt:P26 ?ans_2 }
which replaces for thomas sankara has position held as prime minister of burkina faso?,SELECT ?value WHERE { wd:Q202155 p:P39 ?s . ?s ps:P39 wd:Q28133105 . ?s pq:P1365 ?value}
Which is the historical motorcycle manufacturer which contains the word weslake in it's name?,"SELECT DISTINCT ?sbj ?sbj_label WHERE { ?sbj wdt:P31 wd:Q15081032 . ?sbj rdfs:label ?sbj_label . FILTER(CONTAINS(lcase(?sbj_label), 'weslake')) . FILTER (lang(?sbj_label) = 'en') } LIMIT 25"
What is the historical total fertility rate of Mali?,SELECT ?answer WHERE { wd:Q927301 wdt:P1269 ?X . ?X wdt:P4841 ?answer}
"What is part of the administrative unit of Cascade Range, which includes the rural cities of Wahkiakum County?",SELECT ?answer WHERE { wd:Q4558 wdt:P131 ?answer . ?answer wdt:P150 wd:Q484015}
Who is the chairperson that is the member of the Football Association?,SELECT ?answer WHERE { wd:Q9500 wdt:P463 ?X . ?X wdt:P488 ?answer}
what are the web api which start with the letter w,"SELECT DISTINCT ?sbj ?sbj_label WHERE { ?sbj wdt:P31 wd:Q20202982 . ?sbj rdfs:label ?sbj_label . FILTER(STRSTARTS(lcase(?sbj_label), 'x')) . FILTER (lang(?sbj_label) = 'en') } LIMIT 25"
Who is the publisher of  scientific journal Society of Jesus?,select distinct ?sbj where { ?sbj wdt:P123 wd:Q36380 . ?sbj wdt:P31 wd:Q5633421 }
"What is the label of Exile on Main St., that was co-founded by Nik Powell?",SELECT ?answer WHERE { wd:Q217248 wdt:P264 ?answer . ?answer wdt:P112 wd:Q7034649}
Which hermitage has the largest number of households?,select ?ent where { ?ent wdt:P31 wd:Q1138414 . ?ent wdt:P1538 ?obj } ORDER BY DESC(?obj)LIMIT 5
Where was Grace Hopper educated at in 1930?,"SELECT ?obj WHERE { wd:Q11641 p:P69 ?s . ?s ps:P69 ?obj . ?s pq:P582 ?x filter(contains(YEAR(?x),'1930')) }"
When was John F. Kennedy the United States representative?,SELECT ?value WHERE { wd:Q9696 p:P39 ?s . ?s ps:P39 wd:Q13218630 . ?s pq:P582 ?value}
Where was the place of death and what was the manner of death of Reinhard Heydrich?,SELECT ?ans_1 ?ans_2 WHERE { wd:Q60039 wdt:P20 ?ans_1 . wd:Q60039 wdt:P1196 ?ans_2 }
What are the belligerents of competes in Liu Xiang?,SELECT ?answer WHERE { wd:Q211088 wdt:P1344 ?X . ?X wdt:P710 ?answer}
What is The Population of Coruna in  january first of 2015?,"SELECT ?obj WHERE { wd:Q8757 p:P1082 ?s . ?s ps:P1082 ?obj . ?s pq:P585 ?x filter(contains(YEAR(?x),'2005')) }"
What work has Melchizedek done on the book of the Bible,select distinct ?obj where { wd:Q219395 wdt:P1441 ?obj . ?obj wdt:P31 wd:Q29154430 }
Name a military rank that starts with letter M,"SELECT DISTINCT ?sbj ?sbj_label WHERE { ?sbj wdt:P31 wd:Q5 . ?sbj wdt:P410 wd:Q111837 . ?sbj rdfs:label ?sbj_label . FILTER(STRSTARTS(lcase(?sbj_label), 'm')) . FILTER (lang(?sbj_label) = 'en') } LIMIT 25"
What are sculptors of quantum mechanics that have worked at Humboldt University of Berlin?,SELECT ?answer WHERE { wd:Q944 wdt:P170 ?answer . ?answer wdt:P108 wd:Q152087}
Name a W3C Recommendation that starts with letter X,"SELECT DISTINCT ?sbj ?sbj_label WHERE { ?sbj wdt:P31 wd:Q2661442 . ?sbj wdt:P1462 wd:Q37033 . ?sbj rdfs:label ?sbj_label . FILTER(STRSTARTS(lcase(?sbj_label), 'x')) . FILTER (lang(?sbj_label) = 'en') } LIMIT 25"
How many dynamic viscosity numbers are there in the {ethyl acetate} ?,SELECT (COUNT(?obj) AS ?value ) { wd:Q407153 wdt:P3070 ?obj }
how many occupy the percussion intruments?,SELECT (COUNT(?sub) AS ?value ) { ?sub wdt:P106 wd:Q133163 }
how many cultures does enil have?,SELECT (COUNT(?obj) AS ?value ) { wd:Q214672 wdt:P2596 ?obj }
Which movies were produced by Jim Henson?,select distinct ?sbj where { ?sbj wdt:P162 wd:Q191037 . ?sbj wdt:P31 wd:Q11424 }
What award did Ennio Morricone receive for The Hateful Eight?,SELECT ?obj WHERE { wd:Q23848 p:P166 ?s . ?s ps:P166 ?obj . ?s pq:P1686 wd:Q18225084 }
What is the dual of the facet of a polytope of the grand 120-cell ?,SELECT ?answer WHERE { wd:Q5594220 wdt:P1312 ?X . ?X wdt:P1322 ?answer}
Tell me the type of sport that has record in the figure skating records and statistics which contains the word figure in it's name?,"SELECT DISTINCT ?sbj ?sbj_label WHERE { ?sbj wdt:P31 wd:Q31629 . ?sbj wdt:P2869 wd:Q55611635 . ?sbj rdfs:label ?sbj_label . FILTER(CONTAINS(lcase(?sbj_label), 'figure')) . FILTER (lang(?sbj_label) = 'en') } LIMIT 25"
"What is the nae of the band, who started in London, and name begins with Y","SELECT DISTINCT ?sbj ?sbj_label WHERE { ?sbj wdt:P31 wd:Q215380 . ?sbj wdt:P740 wd:Q84 . ?sbj rdfs:label ?sbj_label . FILTER(STRSTARTS(lcase(?sbj_label), 'y')) . FILTER (lang(?sbj_label) = 'en') } LIMIT 25"
which is the eye and hair color of Tyra_Banks?,SELECT ?ans_1 ?ans_2 WHERE { wd:Q172303 wdt:P1340 ?ans_1 . wd:Q172303 wdt:P1884 ?ans_2 }
Which was the twinned administrative body of Busan in the year 2006?,"SELECT ?obj WHERE { wd:Q16520 p:P190 ?s . ?s ps:P190 ?obj . ?s pq:P580 ?x filter(contains(YEAR(?x),'2006')) }"
Who was the spouse of Marika Rokk in 1968-1-1?,"SELECT ?obj WHERE { wd:Q48502 p:P26 ?s . ?s ps:P26 ?obj . ?s pq:P580 ?x filter(contains(YEAR(?x),'1968')) }"
Was the period of Margaret Thatcher ended as member ended on 2013-4-8?,"SELECT ?obj WHERE { wd:Q7416 p:P463 ?s . ?s ps:P463 ?obj . ?s pq:P582 ?x filter(contains(YEAR(?x),'2013')) }"
What is the official language of Alice springs-Soverign state?,SELECT ?answer WHERE { wd:Q17872 wdt:P17 ?X . ?X wdt:P2936 ?answer}
What is the prequel of Ray Stantz titled?,SELECT ?answer WHERE { wd:Q2559996 wdt:P1441 ?X . ?X wdt:P155 ?answer}
Name a movie directed by Ang Lee,select distinct ?sbj where { ?sbj wdt:P57 wd:Q160726 . ?sbj wdt:P31 wd:Q11424 }
Idini Menzel won a Tony award for what at the 58th Tony Awards?,SELECT ?obj WHERE { wd:Q157400 p:P166 ?s . ?s ps:P166 ?obj . ?s pq:P805 wd:Q2817730 }
"What country was Oskemen a part of starting on December 16, 1991?","SELECT ?obj WHERE { wd:Q162548 p:P17 ?s . ?s ps:P17 ?obj . ?s pq:P580 ?x filter(contains(YEAR(?x),'1991')) }"
"What children did the brothers and sisters of Emmanuel Philibert, Prince of Carignano, have?",SELECT ?answer WHERE { wd:Q2349136 wdt:P3373 ?X . ?X wdt:P40 ?answer}
Name the women's association football team who play the least in tournaments.,select ?ent where { ?ent wdt:P31 wd:Q1478437 . ?ent wdt:P2257 ?obj . ?ent wdt:P2094 wd:Q606060. } ORDER BY ASC(?obj)LIMIT 5
What was the award Studs Terkel received in the year 1981?,"SELECT ?obj WHERE { wd:Q529276 p:P166 ?s . ?s ps:P166 ?obj . ?s pq:P585 ?x filter(contains(YEAR(?x),'1981')) }"
Who are the creators of the series part 818-jklpuzo?,SELECT ?answer WHERE { wd:Q50191649 wdt:P179 ?X . ?X wdt:P170 ?answer}
When did Mikolaiv Oblast's population count 1150100 people?,"SELECT ?value WHERE { wd:Q181633 p:P1082 ?s . ?s ps:P1082 ?x filter(contains(?x,'1150100')) . ?s pq:P585 ?value}"
What year did Gaspard Monge die?,"SELECT ?obj WHERE { wd:Q206832 p:P119 ?s . ?s ps:P119 ?obj . ?s pq:P965 ?x filter(contains(?x,'18')) }"
How many voice types are classified as death growls?,SELECT (COUNT(?sub) AS ?value ) { ?sub wdt:P412 wd:Q335499 }
Which is the award that Angus Deaton received following Jean Tirole,SELECT ?obj WHERE { wd:Q204078 p:P166 ?s . ?s ps:P166 ?obj . ?s pq:P155 wd:Q173994 }
What is the location of Edmonton,SELECT ?ans_1 ?ans_2 WHERE { wd:Q2096 wdt:P131 ?ans_1 . wd:Q2096 wdt:P190 ?ans_2 }
Was Paul Erdos a doctoral student?,SELECT (COUNT(?obj) AS ?value ) { wd:Q173746 wdt:P185 ?obj }
What are the history of a country or state which start with the letter history,"SELECT DISTINCT ?sbj ?sbj_label WHERE { ?sbj wdt:P31 wd:Q17544377 . ?sbj rdfs:label ?sbj_label . FILTER(CONTAINS(lcase(?sbj_label), 'history')) . FILTER (lang(?sbj_label) = 'en') } LIMIT 25"
What are the summit which start with the letter s,"SELECT DISTINCT ?sbj ?sbj_label WHERE { ?sbj wdt:P31 wd:Q1072326 . ?sbj rdfs:label ?sbj_label . FILTER(STRSTARTS(lcase(?sbj_label), 's')) . FILTER (lang(?sbj_label) = 'en') } LIMIT 25"
When did Alexander Shelepin stop being chairperson for the KGB?,SELECT ?value WHERE { wd:Q80919 p:P488 ?s . ?s ps:P488 wd:Q533890 . ?s pq:P582 ?value}
"What is the influence of Walker Percy,that has participated in conflict in world war II?",SELECT ?answer WHERE { wd:Q176909 wdt:P737 ?answer . ?answer wdt:P607 wd:Q362}
What are the fictional detective which start with the letter s,"SELECT DISTINCT ?sbj ?sbj_label WHERE { ?sbj wdt:P31 wd:Q3656924 . ?sbj rdfs:label ?sbj_label . FILTER(STRSTARTS(lcase(?sbj_label), 's')) . FILTER (lang(?sbj_label) = 'en') } LIMIT 25"
Which television show does Ellen DeGeneres host?,select distinct ?sbj where { ?sbj wdt:P371 wd:Q483325 . ?sbj wdt:P31 wd:Q15416 }
"In Exodus, a mountain serves as a narrative location--where is it?",select distinct ?obj where { wd:Q9190 wdt:P840 ?obj . ?obj wdt:P31 wd:Q8502 }
"What position did John Paul II hold starting on October 10, 1978?","SELECT ?obj WHERE { wd:Q989 p:P39 ?s . ?s ps:P39 ?obj . ?s pq:P580 ?x filter(contains(YEAR(?x),'1978')) }"
Which volcano has the most topographic isolation?,select ?ent where { ?ent wdt:P31 wd:Q8072 . ?ent wdt:P2659 ?obj } ORDER BY DESC(?obj)LIMIT 5
What government is headed by the partner town of Netanya?,SELECT ?answer WHERE { wd:Q192225 wdt:P190 ?X . ?X wdt:P6 ?answer}
what invention did the nobel prize winner in physics create?,SELECT ?answer WHERE { wd:Q272621 wdt:P61 ?answer . ?answer wdt:P166 wd:Q38104}
Who is the {television series} for {director} of {Jim Henson},select distinct ?sbj where { ?sbj wdt:P57 wd:Q191037 . ?sbj wdt:P31 wd:Q5398426 }
who suspect of present at of luxembourg in the eurovision Song Contest 1976 ?,SELECT ?answer WHERE { wd:Q10321144 wdt:P1344 ?X . ?X wdt:P710 ?answer}
When did Gareth Edwards join the Wales national rugby team?,SELECT ?value WHERE { wd:Q1381089 p:P54 ?s . ?s ps:P54 wd:Q822877 . ?s pq:P580 ?value}
How many people commanded for the {Warsaw Pact} ?,SELECT (COUNT(?obj) AS ?value ) { wd:Q41644 wdt:P4791 ?obj }
What API version is used with HTML5?,select distinct ?obj where { wd:Q2053 wdt:P629 ?obj . ?obj wdt:P31 wd:Q20202982 }
tell me steroid hormone that starts with t,"SELECT DISTINCT ?sbj ?sbj_label WHERE { ?sbj wdt:P31 wd:Q422137 . ?sbj rdfs:label ?sbj_label . FILTER(STRSTARTS(lcase(?sbj_label), 't')) . FILTER (lang(?sbj_label) = 'en') } LIMIT 25"
Does Christian Slater play a musician character called The Name of the Rose?,SELECT ?answer WHERE { wd:Q172850 wdt:P674 ?answer . ?answer wdt:P175 wd:Q204590}
How many scientific Instruments are there for {Hubble Space Telescope} ?,SELECT (COUNT(?obj) AS ?value ) { wd:Q2513 wdt:P1202 ?obj }
Who is the rector of McGill University?,select distinct ?obj where { wd:Q201492 wdt:P1075 ?obj . ?obj wdt:P31 wd:Q5 }
Who is perpetrator of Great Northern War who is next to Holy Roman Empire?,SELECT ?answer WHERE { wd:Q151616 wdt:P710 ?answer . ?answer wdt:P47 wd:Q12548}
who  is the influenced by of Christopher hitchens?,select distinct ?sbj where { ?sbj wdt:P737 wd:Q49081 . ?sbj wdt:P31 wd:Q5 }
"What is the twinned administrative body of Strasbourg, which started in 1 Jan 1962?","SELECT ?obj WHERE { wd:Q6602 p:P190 ?s . ?s ps:P190 ?obj . ?s pq:P580 ?x filter(contains(YEAR(?x),'1962')) }"
"When Veneto is in daylight saving time, what is the time zone?",SELECT ?obj WHERE { wd:Q1243 p:P421 ?s . ?s ps:P421 ?obj . ?s pq:P1264 wd:Q36669 }
How many kids have the established medical condition Down syndrome?,SELECT (COUNT(?sub) AS ?value ) { ?sub wdt:P5166 wd:Q47715 }
What is associated with the Umayyad conquest of Hispania?,SELECT ?answer WHERE { wd:Q1455917 wdt:P276 ?X . ?X wdt:P2789 ?answer}
Who is the author of The Merchant of Venice and who are it's characters?,SELECT ?ans_1 ?ans_2 WHERE { wd:Q206400 wdt:P674 ?ans_1 . wd:Q206400 wdt:P50 ?ans_2 }
Name a policy known as a manifestation of racism that starts with letter A,"SELECT DISTINCT ?sbj ?sbj_label WHERE { ?sbj wdt:P31 wd:Q1156854 . ?sbj wdt:P1557 wd:Q8461 . ?sbj rdfs:label ?sbj_label . FILTER(STRSTARTS(lcase(?sbj_label), 'a')) . FILTER (lang(?sbj_label) = 'en') } LIMIT 25"
How many awards received were for Lincoln Kirstein?,SELECT (COUNT(?obj) AS ?value ) { wd:Q351339 wdt:P166 ?obj }
Where is the mouth of the Daugava River located?,SELECT ?obj WHERE { wd:Q8197 p:P625 ?s . ?s ps:P625 ?obj . ?s pq:P518 wd:Q1233637 }
Tell me every horse breed whose name starts with the letter z,"SELECT DISTINCT ?sbj ?sbj_label WHERE { ?sbj wdt:P31 wd:Q1160573 . ?sbj rdfs:label ?sbj_label . FILTER(STRSTARTS(lcase(?sbj_label), 'z')) . FILTER (lang(?sbj_label) = 'en') } LIMIT 25"
Who wrote Forrest Gump ?,select distinct ?obj where { wd:Q134773 wdt:P58 ?obj . ?obj wdt:P31 wd:Q5 }
How many of the archives are for Grace Hopper?,SELECT (COUNT(?obj) AS ?value ) { wd:Q11641 wdt:P485 ?obj }
What Wikimedia article lists the monuments of Bern?,select distinct ?obj where { wd:Q70 wdt:P1456 ?obj . ?obj wdt:P31 wd:Q13406463 }
Give the largest block size of block cipher?,select ?ent where { ?ent wdt:P31 wd:Q543151 . ?ent wdt:P2599 ?obj } ORDER BY DESC(?obj)LIMIT 5
Where are the papers of the music by String Quartet No. 14 (Beethoven)?,SELECT ?answer WHERE { wd:Q188081 wdt:P86 ?X . ?X wdt:P485 ?answer}
What movie did Katina Paxinou win an Academy Award for Best Supporting Actress for?,SELECT ?value WHERE { wd:Q230128 p:P166 ?s . ?s ps:P166 wd:Q106301 . ?s pq:P805 ?value}
Who is the important person behind Rumi?,select distinct ?obj where { wd:Q43347 wdt:P3342 ?obj . ?obj wdt:P31 wd:Q5 }
How many members of the sports team are from the Saitama Seibu Lions?,SELECT (COUNT(?sub) AS ?value ) { ?sub wdt:P54 wd:Q325819 }
How much is the mass of potassium ferricyanide?,SELECT (COUNT(?obj) AS ?value ) { wd:Q408810 wdt:P2067 ?obj }
Tell me relation  whose name has the word zustandszahl in it,"SELECT DISTINCT ?sbj ?sbj_label WHERE { ?sbj wdt:P31 wd:Q930933 . ?sbj rdfs:label ?sbj_label . FILTER(CONTAINS(lcase(?sbj_label), 'zustandszahl')) . FILTER (lang(?sbj_label) = 'en') } LIMIT 25"
Who developed Need for Speed?,SELECT (COUNT(?obj) AS ?value ) { wd:Q55679 wdt:P178 ?obj }
"Who was the head coach of the Pittsburgh Steelers until December 26, 1991?","SELECT ?obj WHERE { wd:Q191477 p:P286 ?s . ?s ps:P286 ?obj . ?s pq:P582 ?x filter(contains(YEAR(?x),'1991')) }"
"What is formed in burial place of William IV, Prince of Orange ?",SELECT ?answer WHERE { wd:Q380949 wdt:P119 ?X . ?X wdt:P571 ?answer}
What legislative body is the regional organization of European parliament?,select distinct ?sbj where { ?sbj wdt:P194 wd:Q8889 . ?sbj wdt:P31 wd:Q4120211 }
"What is the gender expression of Tatum O'Neal, the American actress with the shortened name Аял?","SELECT ?answer WHERE { wd:Q230138 wdt:P21 ?answer . ?answer wdt:P1813 ?x FILTER(contains(?x,'Аял'))}"
What cast member's role is Miss Rosa in Orange is the New Black?,SELECT ?obj WHERE { wd:Q7099650 p:P161 ?s . ?s ps:P161 ?obj . ?s pq:P453 wd:Q18158769 }
Who {has children} of {actor} {The Counterfeit Traitor} ?,SELECT ?answer WHERE { wd:Q908713 wdt:P161 ?X . ?X wdt:P40 ?answer}
what is the start time for Rashi has residence as Worms ?,SELECT ?value WHERE { wd:Q26456 p:P551 ?s . ?s ps:P551 wd:Q3852 . ?s pq:P580 ?value}
When did Tony Lockett receive the Coleman Medal?,SELECT ?value WHERE { wd:Q15525022 p:P166 ?s . ?s ps:P166 wd:Q5143019 . ?s pq:P585 ?value}
What sports team did Nicklas Lidstrom join in 1994?,"SELECT ?obj WHERE { wd:Q434200 p:P54 ?s . ?s ps:P54 ?obj . ?s pq:P580 ?x filter(contains(YEAR(?x),'1994')) }"
What is the parent company of American Broadcasting Company?,select distinct ?sbj where { ?sbj wdt:P749 wd:Q169889 . ?sbj wdt:P31 wd:Q658255 }
What is located in Western Ghats that has the same administrative divisions of the Ramanathapuram district?,SELECT ?answer WHERE { wd:Q4527 wdt:P131 ?answer . ?answer wdt:P150 wd:Q15191}
What award did Bette Midler receive on 1-1-1974?,"SELECT ?obj WHERE { wd:Q190631 p:P166 ?s . ?s ps:P166 ?obj . ?s pq:P585 ?x filter(contains(YEAR(?x),'1974')) }"
How many people were in the Battle of Midway?,SELECT ?answer WHERE { wd:Q173034 wdt:P276 ?X . ?X wdt:P1082 ?answer}
How many start points are by Denver?,SELECT (COUNT(?sub) AS ?value ) { ?sub wdt:P1427 wd:Q16554 }
What is { award received } from { Margaret Atwood } that is { working } is { Circle Game }?,SELECT ?obj WHERE { wd:Q183492 p:P166 ?s . ?s ps:P166 ?obj . ?s pq:P1686 wd:Q7723073 }
What encryption software is used by author Julian Assange?,select distinct ?sbj where { ?sbj wdt:P50 wd:Q360 . ?sbj wdt:P31 wd:Q5375622 }
What can be found in species of genetic association of Alzheimer's disease?,SELECT ?answer WHERE { wd:Q11081 wdt:P2293 ?X . ?X wdt:P703 ?answer}
What was Svante August Arrhenius nominated for in 1912?,"SELECT ?obj WHERE { wd:Q80956 p:P1411 ?s . ?s ps:P1411 ?obj . ?s pq:P585 ?x filter(contains(YEAR(?x),'1912')) }"
What is the antonym of the profession's field of prosecutor?,SELECT ?answer WHERE { wd:Q600751 wdt:P425 ?X . ?X wdt:P461 ?answer}
"At 1997-0-0, what is Louis Gosett nominated for?","SELECT ?obj WHERE { wd:Q329719 p:P1411 ?s . ?s ps:P1411 ?obj . ?s pq:P585 ?x filter(contains(YEAR(?x),'1997')) }"
Which is the fictional analog of the source of inspiration of Captain Ahab?,SELECT ?answer WHERE { wd:Q2630009 wdt:P941 ?X . ?X wdt:P1074 ?answer}
What is the biography of Donald Trump,select distinct ?obj where { wd:Q22686 wdt:P1455 ?obj . ?obj wdt:P31 wd:Q26876682 }
How many anthems are for Bulgaria?,SELECT (COUNT(?obj) AS ?value ) { wd:Q219 wdt:P85 ?obj }
Tell me programming paradigm whose name the word programming in it.,"SELECT DISTINCT ?sbj ?sbj_label WHERE { ?sbj wdt:P31 wd:Q188267 . ?sbj rdfs:label ?sbj_label . FILTER(CONTAINS(lcase(?sbj_label), 'programming')) . FILTER (lang(?sbj_label) = 'en') } LIMIT 25"
WHO IS LTHE FOUNDER OF SHAPUR II DYNASTY?,SELECT ?answer WHERE { wd:Q234860 wdt:P53 ?X . ?X wdt:P112 ?answer}
What Julie Andrews was nominated for The Sound of Music?,SELECT ?obj WHERE { wd:Q60072 p:P1411 ?s . ?s ps:P1411 ?obj . ?s pq:P2453 wd:Q161819 }
What airline operated the Airbus A340?,select distinct ?sbj where { ?sbj wdt:P121 wd:Q6481 . ?sbj wdt:P31 wd:Q46970 }
When did Sardinia become part of Province of Ogliastra?,SELECT ?value WHERE { wd:Q1462 p:P150 ?s . ?s ps:P150 wd:Q16223 . ?s pq:P580 ?value}
"""What is the quantity in kilograms per cubic metre using the symbol p?""","SELECT ?answer WHERE { wd:Q844211 wdt:P111 ?answer . ?answer wdt:P416 ?x FILTER(contains(?x,'ρ'))}"
What is the average weight of people from Montreal Canada?,SELECT ?answer WHERE { wd:Q188143 wdt:P505 ?X . ?X wdt:P2067 ?answer}
When was Lechkreis the capital of Augsburg?,SELECT ?value WHERE { wd:Q2749 p:P1376 ?s . ?s ps:P1376 wd:Q1669636 . ?s pq:P580 ?value}
Impressionism has what kind of movement?,select distinct ?sbj where { ?sbj wdt:P135 wd:Q40415 . ?sbj wdt:P31 wd:Q5 }
Tell me stellar evolution whose name has the word kilonova in it.,"SELECT DISTINCT ?sbj ?sbj_label WHERE { ?sbj wdt:P31 wd:Q6472 . ?sbj rdfs:label ?sbj_label . FILTER(CONTAINS(lcase(?sbj_label), 'kilonova')) . FILTER (lang(?sbj_label) = 'en') } LIMIT 25"
What holiday is used to celebrate the resurrection of Jesus?,select distinct ?sbj where { ?sbj wdt:P547 wd:Q51624 . ?sbj wdt:P31 wd:Q1825417 }
"What country was Honolulu part of on July 4, 1894?","SELECT ?obj WHERE { wd:Q18094 p:P17 ?s . ?s ps:P17 ?obj . ?s pq:P582 ?x filter(contains(YEAR(?x),'1894')) }"
What is secreted from Fertilizer?,SELECT ?answer WHERE { wd:Q234668 wdt:P618 ?X . ?X wdt:P2849 ?answer}
Which is the dog that is in exhibition history of Anchorage Museum and starts with the letter b?,"SELECT DISTINCT ?sbj ?sbj_label WHERE { ?sbj wdt:P31 wd:Q144 . ?sbj wdt:P608 wd:Q4752732 . ?sbj rdfs:label ?sbj_label . FILTER(STRSTARTS(lcase(?sbj_label), 'b')) . FILTER (lang(?sbj_label) = 'en') } LIMIT 25"
What are the game of skill  which start with the letter t,"SELECT DISTINCT ?sbj ?sbj_label WHERE { ?sbj wdt:P31 wd:Q1368898 . ?sbj rdfs:label ?sbj_label . FILTER(STRSTARTS(lcase(?sbj_label), 't')) . FILTER (lang(?sbj_label) = 'en') } LIMIT 25"
Which is the fictional universe of the fictional universe described in Star Trek?,select distinct ?sbj where { ?sbj wdt:P1445 wd:Q1092 . ?sbj wdt:P31 wd:Q559618 }
When did John Stockton finished his education at the Gonzaga University?,SELECT ?value WHERE { wd:Q213346 p:P69 ?s . ?s ps:P69 wd:Q1537303 . ?s pq:P582 ?value}
What is prescribed drug of academic field of oncology?,SELECT ?answer WHERE { wd:Q162555 wdt:P2578 ?X . ?X wdt:P2176 ?answer}
Who gave the{field of exercise} of {developed by} of {RD-8} ?,SELECT ?answer WHERE { wd:Q5954117 wdt:P178 ?X . ?X wdt:P452 ?answer}
Which cast member from The Hitchhiker's Guide to the Galaxy played the role of Ford Prefect?,SELECT ?obj WHERE { wd:Q3521267 p:P161 ?s . ?s ps:P161 ?obj . ?s pq:P453 wd:Q928321 }
what is business of euronext in stock exchange and also which starts with letter s,"SELECT DISTINCT ?sbj ?sbj_label WHERE { ?sbj wdt:P31 wd:Q4830453 . ?sbj wdt:P414 wd:Q842108 . ?sbj rdfs:label ?sbj_label . FILTER(STRSTARTS(lcase(?sbj_label), 's')) . FILTER (lang(?sbj_label) = 'en') } LIMIT 25"
What did the cinematographer of Jim: The James Foley Story slaughter?,SELECT ?answer WHERE { wd:Q24593936 wdt:P344 ?X . ?X wdt:P157 ?answer}
Who plays for FC Porto?,select distinct ?sbj where { ?sbj wdt:P54 wd:Q128446 . ?sbj wdt:P31 wd:Q5 }
What is member of the sports team  of George Mikan  that is position played on the team / specialty is  center ?,SELECT ?obj WHERE { wd:Q314185 p:P54 ?s . ?s ps:P54 ?obj . ?s pq:P413 wd:Q222052 }
"What is the praenomen of Pliny the Elder, whose abreviated name is C. ?","SELECT ?answer WHERE { wd:Q82778 wdt:P2358 ?answer . ?answer wdt:P1813 ?x FILTER(contains(?x,'C.'))}"
What did Fats Everett play in the conflict?,SELECT ?answer WHERE { wd:Q1398254 wdt:P607 ?X . ?X wdt:P710 ?answer}
Where and when did William Holden die?,SELECT ?ans_1 ?ans_2 WHERE { wd:Q95002 wdt:P509 ?ans_1 . wd:Q95002 wdt:P20 ?ans_2 }
Which sculpture has the highest horizontal depth?,select ?ent where { ?ent wdt:P31 wd:Q860861 . ?ent wdt:P5524 ?obj } ORDER BY DESC(?obj)LIMIT 5
How many devices operating systems are iOS?,SELECT (COUNT(?sub) AS ?value ) { ?sub wdt:P306 wd:Q48493 }
Which is the {child} and the {place of birth} of {Ashton_Kutcher} ?,SELECT ?ans_1 ?ans_2 WHERE { wd:Q164782 wdt:P40 ?ans_1 . wd:Q164782 wdt:P19 ?ans_2 }
What award did Emile Berliner receive on 1-1-1929?,"SELECT ?obj WHERE { wd:Q71004 p:P166 ?s . ?s ps:P166 ?obj . ?s pq:P585 ?x filter(contains(YEAR(?x),'1929')) }"
When did Groucho Marx receive the Academy Honorary Award?,SELECT ?value WHERE { wd:Q103846 p:P166 ?s . ?s ps:P166 wd:Q727328 . ?s pq:P585 ?value}
What university is located in Karachi?,select distinct ?sbj where { ?sbj wdt:P131 wd:Q8660 . ?sbj wdt:P31 wd:Q3918 }
When was Wendy Wasserstein received the William Inge Theatre Festival Distinguised Achievement in the American Theatre Award?,SELECT ?value WHERE { wd:Q450050 p:P166 ?s . ?s ps:P166 wd:Q29458167 . ?s pq:P585 ?value}
What is zenith of range for East Lake ?,SELECT ?answer WHERE { wd:Q28656991 wdt:P4552 ?X . ?X wdt:P610 ?answer}
Who is the top dog of the nominee for Willie Nelson?,SELECT ?answer WHERE { wd:Q206112 wdt:P1411 ?X . ?X wdt:P1346 ?answer}
Who is the {sibling} and the {child} of {Jerry_Van_Dyke} ?,SELECT ?ans_1 ?ans_2 WHERE { wd:Q927631 wdt:P3373 ?ans_1 . wd:Q927631 wdt:P40 ?ans_2 }
Who was the winner of the Arlene Raven Award that was bestowed by the Women's Caucus for Art?,SELECT ?answer WHERE { wd:Q4792169 wdt:P166 ?answer . ?answer wdt:P1027 wd:Q8030842}
What what is programming language programming paradigm non-structured programming  and  alsowhich that starts with letter b,"SELECT DISTINCT ?sbj ?sbj_label WHERE { ?sbj wdt:P31 wd:Q9143 . ?sbj wdt:P3966 wd:Q905156 . ?sbj rdfs:label ?sbj_label . FILTER(STRSTARTS(lcase(?sbj_label), 'b')) . FILTER (lang(?sbj_label) = 'en') } LIMIT 25"
which doctrine starts with the letter t,"SELECT DISTINCT ?sbj ?sbj_label WHERE { ?sbj wdt:P31 wd:Q117850 . ?sbj rdfs:label ?sbj_label . FILTER(STRSTARTS(lcase(?sbj_label), 't')) . FILTER (lang(?sbj_label) = 'en') } LIMIT 25"
Who led the Piedmont government that began on 2014-5-26?,"SELECT ?obj WHERE { wd:Q1216 p:P6 ?s . ?s ps:P6 ?obj . ?s pq:P580 ?x filter(contains(YEAR(?x),'2014')) }"
"In he year 1986, what award did Sviatoslav Richter receive?","SELECT ?obj WHERE { wd:Q124890 p:P166 ?s . ?s ps:P166 ?obj . ?s pq:P585 ?x filter(contains(YEAR(?x),'1986')) }"
How many recorded for Pet Sounds?,SELECT (COUNT(?obj) AS ?value ) { wd:Q212863 wdt:P483 ?obj }
Who was the illustrator for The Little Prince?,select distinct ?obj where { wd:Q25338 wdt:P110 ?obj . ?obj wdt:P31 wd:Q5 }
Who was the head of government in Brunswick until 2001-10-31?,"SELECT ?obj WHERE { wd:Q2773 p:P6 ?s . ?s ps:P6 ?obj . ?s pq:P582 ?x filter(contains(YEAR(?x),'2001')) }"
Which characters has Jerry Seinfeld played?,select distinct ?sbj where { ?sbj wdt:P170 wd:Q215506 . ?sbj wdt:P31 wd:Q15711870 }
Name the closest interacting galaxy from Earth whose constellation is known as Cetus.,select ?ent where { ?ent wdt:P31 wd:Q644507 . ?ent wdt:P2583 ?obj . ?ent wdt:P59 wd:Q8839} ORDER BY ASC(?obj)LIMIT 5
When did Louis Beel become Prime Minister of the Netherlands?,SELECT ?value WHERE { wd:Q55 p:P6 ?s . ?s ps:P6 wd:Q735519 . ?s pq:P580 ?value}
Tell me the time which starts with the letter p!,"SELECT DISTINCT ?sbj ?sbj_label WHERE { ?sbj wdt:P31 wd:Q11471 . ?sbj rdfs:label ?sbj_label . FILTER(STRSTARTS(lcase(?sbj_label), 'p')) . FILTER (lang(?sbj_label) = 'en') } LIMIT 25"
What astronaut mission of human spaceflight did Christa McAuliffe do?,select distinct ?obj where { wd:Q229674 wdt:P450 ?obj . ?obj wdt:P31 wd:Q752783 }
How many headquarter locations are by Poland?,SELECT (COUNT(?sub) AS ?value ) { ?sub wdt:P159 wd:Q36 }
What position does Jon Bjelke-Petersen hold if his position number is 31?,"SELECT ?obj WHERE { wd:Q1528405 p:P39 ?s . ?s ps:P39 ?obj . ?s pq:P1545 ?x filter(contains(?x,'31')) }"
Mention the county seat of Erfurt,SELECT ?answer WHERE { wd:Q1729 wdt:P1376 ?X . ?X wdt:P1365 ?answer}
"What are the formulas that contain the word ""zinsstaffel"" in their name ?","SELECT DISTINCT ?sbj ?sbj_label WHERE { ?sbj wdt:P31 wd:Q976981 . ?sbj rdfs:label ?sbj_label . FILTER(CONTAINS(lcase(?sbj_label), 'zinsstaffel')) . FILTER (lang(?sbj_label) = 'en') } LIMIT 25"
tell me stock market crash that contains the word market  market in the name,"SELECT DISTINCT ?sbj ?sbj_label WHERE { ?sbj wdt:P31 wd:Q1020018 . ?sbj rdfs:label ?sbj_label . FILTER(CONTAINS(lcase(?sbj_label), 'market')) . FILTER (lang(?sbj_label) = 'en') } LIMIT 25"
What is in the village that David Summer worked at?,SELECT ?answer WHERE { wd:Q21062278 wdt:P108 ?X . ?X wdt:P131 ?answer}
What is the {garrison} of {Die Welt} that {has municipalities} in {Friedrichshain-Kreuzberg}?,SELECT ?answer WHERE { wd:Q29872 wdt:P159 ?answer . ?answer wdt:P150 wd:Q158893}
"""Who is {tutor} of {Luke Skywalker}, which has {pupil} is {Ki-Adi-Mundi} ?""",SELECT ?answer WHERE { wd:Q51746 wdt:P1066 ?answer . ?answer wdt:P802 wd:Q54271}
What is the density of water?,SELECT (COUNT(?obj) AS ?value ) { wd:Q283 wdt:P2054 ?obj }
What award Chow Yun-fat received for his work Hong Kong 1941?,SELECT ?obj WHERE { wd:Q181425 p:P166 ?s . ?s ps:P166 ?obj . ?s pq:P1686 wd:Q5894138 }
When did Mike Nichols marry Diane Sawyer?,SELECT ?value WHERE { wd:Q51537 p:P26 ?s . ?s ps:P26 wd:Q236402 . ?s pq:P580 ?value}
What is the play of UEFA Champions League whose governing body is FIFA?,SELECT ?answer WHERE { wd:Q18756 wdt:P641 ?answer . ?answer wdt:P797 wd:Q253414}
What's the stock exchange for Toshiba?,SELECT (COUNT(?obj) AS ?value ) { wd:Q49125 wdt:P414 ?obj }
What number of century breaks does human  have?,select ?ent where { ?ent wdt:P31 wd:Q5 . ?ent wdt:P4912 ?obj } ORDER BY DESC(?obj)LIMIT 5
What is the hometown of Thomas Pynchon and when did he live there?,SELECT ?answer WHERE { wd:Q35155 wdt:P551 ?X . ?X wdt:P421 ?answer}
How many connecting lines are there for the Channel Tunnel?,SELECT (COUNT(?obj) AS ?value ) { wd:Q10257 wdt:P81 ?obj }
What country is Siege of Constantinople from? Are they from Asia,SELECT ?answer WHERE { wd:Q399482 wdt:P276 ?answer . ?answer wdt:P30 wd:Q48}
How many {lot range} are to/by {Atlas Quite a little } ?,SELECT (COUNT(?sub) AS ?value ) { ?sub wdt:P4552 wd:Q130135 }
What technique used in tapestry is not used for upholstery?,SELECT ?answer WHERE { wd:Q184296 wdt:P2079 ?answer . ?answer wdt:P1889 wd:Q1123578}
What is the higher taxon of the taxonomic rank of Apicomplexa?,SELECT ?answer WHERE { wd:Q193030 wdt:P171 ?X . ?X wdt:P105 ?answer}
Which is the scientific academic field of Zdzisław Szymański?,SELECT ?answer WHERE { wd:Q9389874 wdt:P101 ?X . ?X wdt:P2578 ?answer}
how many bug tracking systems does tencent qq have?,SELECT (COUNT(?obj) AS ?value ) { wd:Q857640 wdt:P1401 ?obj }
Is Thom Enriquez part of the film crew for Beauty and the Beast?,SELECT ?value WHERE { wd:Q179673 p:P3092 ?s . ?s ps:P3092 wd:Q28810938 . ?s pq:P1932 ?value}
Who left the Neymar sports team on 8-3-2017?,"SELECT ?obj WHERE { wd:Q142794 p:P54 ?s . ?s ps:P54 ?obj . ?s pq:P582 ?x filter(contains(YEAR(?x),'2017')) }"
How many items can the cook operate?,SELECT (COUNT(?obj) AS ?value ) { wd:Q156839 wdt:P121 ?obj }
What is the country of citizenship of Salman of Saudi Arabia,select distinct ?obj where { wd:Q367825 wdt:P27 ?obj . ?obj wdt:P31 wd:Q6256 }
What location in Hyderabad the administrative territorial entity in the year 1724?,"SELECT ?obj WHERE { wd:Q1361 p:P131 ?s . ?s ps:P131 ?obj . ?s pq:P580 ?x filter(contains(YEAR(?x),'1724')) }"
Who is the composer and librettist for West Side Story?,SELECT ?ans_1 ?ans_2 WHERE { wd:Q669010 wdt:P86 ?ans_1 . wd:Q669010 wdt:P87 ?ans_2 }
Who is the participant of the {race time} at {37.36} ?,"SELECT ?obj WHERE { wd:Q1189 p:P1344 ?s . ?s ps:P1344 ?obj . ?s pq:P2781 ?x filter(contains(?x,'37.36')) }"
Who is the parent of John ll Komnenos having death place at Constantinople?,SELECT ?answer WHERE { wd:Q41628 wdt:P25 ?answer . ?answer wdt:P20 wd:Q16869}
Who gave the{deepest point} of {endemism} of {Guibemantis tornieri} ?,SELECT ?answer WHERE { wd:Q28056966 wdt:P183 ?X . ?X wdt:P1589 ?answer}
"Who is the parent of the blue whale, whose name is Rocual?","SELECT ?answer WHERE { wd:Q42196 wdt:P171 ?answer . ?answer wdt:P1843 ?x FILTER(contains(?x,'Rorcual'))}"
Which archaeological site was the former capitol of the Achaemenid Empire?,select distinct ?obj where { wd:Q389688 wdt:P36 ?obj . ?obj wdt:P31 wd:Q839954 }
Name the award shared by Christopher A. Pissarides along with Dale T. Mortensen.,SELECT ?obj WHERE { wd:Q109582 p:P166 ?s . ?s ps:P166 ?obj . ?s pq:P1706 wd:Q109721 }
"What was composed by Stabat Mater, whom is dead?",SELECT ?answer WHERE { wd:Q643347 wdt:P86 ?X . ?X wdt:P570 ?answer}
How many native labels are given to Ursa minor?,SELECT (COUNT(?obj) AS ?value ) { wd:Q10478 wdt:P1705 ?obj }
What is started in and competes of Mike Powell ?,SELECT ?answer WHERE { wd:Q271952 wdt:P1344 ?X . ?X wdt:P580 ?answer}
Jon Voight was nominated for what award for his work on Anaconda?,SELECT ?obj WHERE { wd:Q167520 p:P1411 ?s . ?s ps:P1411 ?obj . ?s pq:P1686 wd:Q464042 }
What Paul Lukas prize was awarded to the winner James Cagney?,SELECT ?answer WHERE { wd:Q182057 wdt:P166 ?answer . ?answer wdt:P1346 wd:Q94041}
What are the literary form which start with the letter Y,"SELECT DISTINCT ?sbj ?sbj_label WHERE { ?sbj wdt:P31 wd:Q4263830 . ?sbj rdfs:label ?sbj_label . FILTER(STRSTARTS(lcase(?sbj_label), 'y')) . FILTER (lang(?sbj_label) = 'en') } LIMIT 25"
When did Adolph Marx start using his given name Arthur?,SELECT ?value WHERE { wd:Q317237 p:P735 ?s . ?s ps:P735 wd:Q1778168 . ?s pq:P580 ?value}
WHICH ARE THE NUT THAT CONTAINS THE WORD NUT IN THEIR NAME,"SELECT DISTINCT ?sbj ?sbj_label WHERE { ?sbj wdt:P31 wd:Q11009 . ?sbj rdfs:label ?sbj_label . FILTER(CONTAINS(lcase(?sbj_label), 'nut')) . FILTER (lang(?sbj_label) = 'en') } LIMIT 25"
Tell me spaceport whose name has the word station in it.,"SELECT DISTINCT ?sbj ?sbj_label WHERE { ?sbj wdt:P31 wd:Q194188 . ?sbj rdfs:label ?sbj_label . FILTER(CONTAINS(lcase(?sbj_label), 'station')) . FILTER (lang(?sbj_label) = 'en') } LIMIT 25"
Where is the human place of birth in Thessaloniki?,select distinct ?sbj where { ?sbj wdt:P19 wd:Q17151 . ?sbj wdt:P31 wd:Q5 }
who river for located in or next to body of water of Aachen?,select distinct ?obj where { wd:Q1017 wdt:P206 ?obj . ?obj wdt:P31 wd:Q4022 }
Which is the town of Tottori Prefecture that has point on the globe is 133.43?,"SELECT ?answer WHERE { wd:Q133935 wdt:P150 ?answer . ?answer wdt:P625 ?x FILTER(contains(?x,'133.43'))}"
When did Nobuaki Kurumatani become  chief executive officer at Toshiba?,SELECT ?value WHERE { wd:Q49125 p:P169 ?s . ?s ps:P169 wd:Q11637325 . ?s pq:P580 ?value}
What use does the killer whale provide to the mirror test determination method?,SELECT ?obj WHERE { wd:Q26843 p:P2283 ?s . ?s ps:P2283 ?obj . ?s pq:P459 wd:Q1430725 }
When did Alberto Dines receive the Austrian Holocaust Memorial Award?,SELECT ?value WHERE { wd:Q682556 p:P166 ?s . ?s ps:P166 wd:Q313418 . ?s pq:P585 ?value}
What are the signs of Typhoid fever which can be treated with Dopamine?,SELECT ?answer WHERE { wd:Q83319 wdt:P780 ?answer . ?answer wdt:P2176 wd:Q170304}
What is the Indian band of the Algonquian ethnicity with the least members.,select ?ent where { ?ent wdt:P31 wd:Q2882257 . ?ent wdt:P2124 ?obj . ?ent wdt:P172 wd:Q135863} ORDER BY ASC(?obj)LIMIT 5
What is the sex or gender and the religion of Eddie_Izzard ?,SELECT ?ans_1 ?ans_2 WHERE { wd:Q254022 wdt:P21 ?ans_1 . wd:Q254022 wdt:P140 ?ans_2 }
Who translated One Hundred Years of Solitude,select distinct ?obj where { wd:Q178869 wdt:P655 ?obj . ?obj wdt:P31 wd:Q5 }
Tell me paramedical speciality whose name has the word therapy in it.,"SELECT DISTINCT ?sbj ?sbj_label WHERE { ?sbj wdt:P31 wd:Q30109942 . ?sbj rdfs:label ?sbj_label . FILTER(CONTAINS(lcase(?sbj_label), 'therapy')) . FILTER (lang(?sbj_label) = 'en') } LIMIT 25"
How many awards has Bashar al-Assad received for Order of the Liberator?,SELECT ?value WHERE { wd:Q44329 p:P166 ?s . ?s ps:P166 wd:Q2452975 . ?s pq:P585 ?value}
What County Kerry prefecture has County Tipperary districts?,SELECT ?answer WHERE { wd:Q184469 wdt:P131 ?answer . ?answer wdt:P150 wd:Q184618}
For which company is Mark Zuckerberg the CEO?,select distinct ?sbj where { ?sbj wdt:P169 wd:Q36215 . ?sbj wdt:P31 wd:Q4830453 }
What is the material produced of the works by Gosta Bystedt?,SELECT ?answer WHERE { wd:Q5591474 wdt:P108 ?X . ?X wdt:P1056 ?answer}
When did Kliningrad split from Baranovichi?,SELECT ?value WHERE { wd:Q1829 p:P190 ?s . ?s ps:P190 wd:Q237655 . ?s pq:P580 ?value}
What location displaying the Coat of arms of Vyazma is the birthplace of Boris Godunov?,SELECT ?answer WHERE { wd:Q170172 wdt:P19 ?answer . ?answer wdt:P237 wd:Q27902440}
who is the partner of Pablo Picasso?,select distinct ?sbj where { ?sbj wdt:P451 wd:Q5593 . ?sbj wdt:P31 wd:Q5 }
Where is the headquarters of the national museum of Prague?,SELECT ?obj WHERE { wd:Q188112 p:P159 ?s . ?s ps:P159 ?obj . ?s pq:P276 wd:Q43755714 }
What twinned administrative body of Murmansk started on 10-14-1994?,"SELECT ?obj WHERE { wd:Q1763 p:P190 ?s . ?s ps:P190 ?obj . ?s pq:P580 ?x filter(contains(YEAR(?x),'1994')) }"
Tell me the historical language that contains the word 'ancient' in its name and that has the grammatical feminine gender.,"SELECT DISTINCT ?sbj ?sbj_label WHERE { ?sbj wdt:P31 wd:Q2315359 . ?sbj wdt:P5109 wd:Q1775415 . ?sbj rdfs:label ?sbj_label . FILTER(CONTAINS(lcase(?sbj_label), 'ancient')) . FILTER (lang(?sbj_label) = 'en') } LIMIT 25"
"Which unit of time starts with the letter ""y"" and measures physical quantity or duration?","SELECT DISTINCT ?sbj ?sbj_label WHERE { ?sbj wdt:P31 wd:Q1790144 . ?sbj wdt:P111 wd:Q2199864 . ?sbj rdfs:label ?sbj_label . FILTER(STRSTARTS(lcase(?sbj_label), 'y')) . FILTER (lang(?sbj_label) = 'en') } LIMIT 25"
"On Jan. 1st, 2012, what award did Clayton Kershaw receive?","SELECT ?obj WHERE { wd:Q520665 p:P166 ?s . ?s ps:P166 ?obj . ?s pq:P585 ?x filter(contains(YEAR(?x),'2012')) }"
"who child  of has brother of Arthur Baldwin, 3rd earl baldwin of bewdley ?",SELECT ?answer WHERE { wd:Q4797909 wdt:P3373 ?X . ?X wdt:P22 ?answer}
"What are the software companies  that contain the word ""xanalys"" in their names ?","SELECT DISTINCT ?sbj ?sbj_label WHERE { ?sbj wdt:P31 wd:Q1058914 . ?sbj rdfs:label ?sbj_label . FILTER(CONTAINS(lcase(?sbj_label), 'xanalys')) . FILTER (lang(?sbj_label) = 'en') } LIMIT 25"
How many attributes does Zeus have?,SELECT (COUNT(?obj) AS ?value ) { wd:Q34201 wdt:P4185 ?obj }
What is the name of the theatrical character of Hamlet?,select distinct ?obj where { wd:Q41567 wdt:P674 ?obj . ?obj wdt:P31 wd:Q3375722 }
How many licenses are also copyrighted?,SELECT (COUNT(?sub) AS ?value ) { ?sub wdt:P275 wd:Q12948581 }
What are the group or class of chemical substances which start with the letter v,"SELECT DISTINCT ?sbj ?sbj_label WHERE { ?sbj wdt:P31 wd:Q17339814 . ?sbj rdfs:label ?sbj_label . FILTER(STRSTARTS(lcase(?sbj_label), 'v')) . FILTER (lang(?sbj_label) = 'en') } LIMIT 25"
What are the uses and the opposite of linear regression?,SELECT ?ans_1 ?ans_2 WHERE { wd:Q10861030 wdt:P2283 ?ans_1 . wd:Q10861030 wdt:P461 ?ans_2 }
Tell me  Jewish denomination whose name has the word judaism  in it.,"SELECT DISTINCT ?sbj ?sbj_label WHERE { ?sbj wdt:P31 wd:Q3001185 . ?sbj rdfs:label ?sbj_label . FILTER(CONTAINS(lcase(?sbj_label), 'judaism')) . FILTER (lang(?sbj_label) = 'en') } LIMIT 25"
When did Allen Iverson begin playing for the Philadelphia 76ers?,SELECT ?value WHERE { wd:Q190094 p:P54 ?s . ?s ps:P54 wd:Q138089 . ?s pq:P580 ?value}
When was William Ramsay nominated for a Nobel Prize in Chemistry?,SELECT ?value WHERE { wd:Q950726 p:P1411 ?s . ?s ps:P1411 wd:Q44585 . ?s pq:P585 ?value}
What was Ruth Gordon nominated for at the 20th Academy Awards?,SELECT ?obj WHERE { wd:Q232562 p:P1411 ?s . ?s ps:P1411 ?obj . ?s pq:P805 wd:Q303473 }
What was Al Green nominated for at the 37th Tony Awards?,SELECT ?obj WHERE { wd:Q313260 p:P1411 ?s . ?s ps:P1411 ?obj . ?s pq:P805 wd:Q4635918 }
What legislative body of West Virginia has a part in the West Virginia House of Delegates?,SELECT ?obj WHERE { wd:Q1371 p:P194 ?s . ?s ps:P194 ?obj . ?s pq:P527 wd:Q320278 }
What was the award received by Peter Carey for work in the Miles Franklin Litererary Award?,SELECT ?value WHERE { wd:Q313254 p:P166 ?s . ?s ps:P166 wd:Q996 . ?s pq:P1686 ?value}
What are the cross  which start with the letter w,"SELECT DISTINCT ?sbj ?sbj_label WHERE { ?sbj wdt:P31 wd:Q40843 . ?sbj rdfs:label ?sbj_label . FILTER(STRSTARTS(lcase(?sbj_label), 'w')) . FILTER (lang(?sbj_label) = 'en') } LIMIT 25"
What area of Northern England has the greatest number of imports?,select ?ent where { ?ent wdt:P31 wd:Q518261 . ?ent wdt:P2136 ?obj . ?ent wdt:P910 wd:Q30564613 } ORDER BY DESC(?obj)LIMIT 5
How many anthems are by God Save the Queen?,SELECT (COUNT(?sub) AS ?value ) { ?sub wdt:P85 wd:Q40807 }
What are the kinship  which start with the letter u,"SELECT DISTINCT ?sbj ?sbj_label WHERE { ?sbj wdt:P31 wd:Q171318 . ?sbj rdfs:label ?sbj_label . FILTER(STRSTARTS(lcase(?sbj_label), 'u')) . FILTER (lang(?sbj_label) = 'en') } LIMIT 25"
Which is   prequel  game platform of The Sims 2: Pets ?,SELECT ?answer WHERE { wd:Q751329 wdt:P400 ?X . ?X wdt:P156 ?answer}
"what is the {temperature} for {2,4,6-trinitrotoluene} which has {density} as {1.65} ?","SELECT ?value WHERE { wd:Q170167 p:P2054 ?s . ?s ps:P2054 ?x filter(contains(?x,'1.65')) . ?s pq:P2076 ?value}"
what is the facet of a polytope shape of six-side die?,SELECT ?answer WHERE { wd:Q17639282 wdt:P1419 ?X . ?X wdt:P1312 ?answer}
Who replaced Max Aitken of 1st Baron Beaverbrook as the Chancellor of the Duchy of Lancaster?,SELECT ?value WHERE { wd:Q332454 p:P39 ?s . ?s ps:P39 wd:Q162754 . ?s pq:P1365 ?value}
Which is the posthumous work that was the notable work of Ludwig Wittgenstein?,select distinct ?obj where { wd:Q9391 wdt:P800 ?obj . ?obj wdt:P31 wd:Q17518461 }
What college down shares a border with Munich?,select distinct ?sbj where { ?sbj wdt:P47 wd:Q1726 . ?sbj wdt:P31 wd:Q1187811 }
Who is partner city of location born of Nicole Couderc ?,SELECT ?answer WHERE { wd:Q3341027 wdt:P19 ?X . ?X wdt:P190 ?answer}
What's the phase point of the critical point?,SELECT (COUNT(?sub) AS ?value ) { ?sub wdt:P873 wd:Q111059 }
Name the domain where Oscar Wisting got the participation for.,SELECT ?answer WHERE { wd:Q553187 wdt:P1344 ?X . ?X wdt:P710 ?answer}
Which  subsidiary company of developed by MP3?,SELECT ?answer WHERE { wd:Q42591 wdt:P178 ?X . ?X wdt:P355 ?answer}
What is the polymer of ethylene?,select distinct ?sbj where { ?sbj wdt:P4600 wd:Q151313 . ?sbj wdt:P31 wd:Q81163 }
Which country has Lockheed Martin's headquarters located in Bethesda?,SELECT ?value WHERE { wd:Q7240 p:P159 ?s . ?s ps:P159 wd:Q584451 . ?s pq:P17 ?value}
What is the canonisation status of the patron saint of zoos?,SELECT ?answer WHERE { wd:Q43501 wdt:P417 ?X . ?X wdt:P411 ?answer}
Who is the mother of Harold Godwinson and the child of the Gunhild of Wessex?,SELECT ?value WHERE { wd:Q159597 p:P40 ?s . ?s ps:P40 wd:Q4365556 . ?s pq:P25 ?value}
Whenwas the Canary Islands located in the the UTC+01:00 time zone?,SELECT ?value WHERE { wd:Q5813 p:P421 ?s . ?s ps:P421 wd:Q6655 . ?s pq:P1264 ?value}
Which gravitational-wave detector founded by Kip S. Thorne has the longest wavelength of sensitivity ?,select ?ent where { ?ent wdt:P31 wd:Q2302080 . ?ent wdt:P3737 ?obj . ?ent wdt:P112 wd:Q323320 } ORDER BY DESC(?obj)LIMIT 5
"Which mid-air collision, involving an F-16 Fighting Falcon, had the most survivors?",select ?ent where { ?ent wdt:P31 wd:Q1863435 . ?ent wdt:P1561 ?obj . ?ent wdt:P121 wd:Q100026 } ORDER BY DESC(?obj)LIMIT 5
How many members does FC Bayern Munich have?,SELECT (COUNT(?sub) AS ?value ) { ?sub wdt:P54 wd:Q15789 }
What is the funicular with the lowest average gradient whose source of energy is electricity?,select ?ent where { ?ent wdt:P31 wd:Q142031 . ?ent wdt:P2198 ?obj . ?ent wdt:P618 wd:Q12725} ORDER BY ASC(?obj)LIMIT 5
IBM has employees Wikimedia category?,select distinct ?obj where { wd:Q37156 wdt:P4195 ?obj . ?obj wdt:P31 wd:Q4167836 }
what is residence of don bluth that has start time of 1940-0-0?,"SELECT ?obj WHERE { wd:Q448957 p:P551 ?s . ?s ps:P551 ?obj . ?s pq:P580 ?x filter(contains(YEAR(?x),'1940')) }"
What was the cause of death of Robert West?,SELECT ?answer WHERE { wd:Q1648686 wdt:P509 ?X . ?X wdt:P689 ?answer}
Name an academic major that starts with the letter E,"SELECT DISTINCT ?sbj ?sbj_label WHERE { ?sbj wdt:P31 wd:Q4671286 . ?sbj wdt:P3095 wd:Q188094 . ?sbj rdfs:label ?sbj_label . FILTER(STRSTARTS(lcase(?sbj_label), 'e')) . FILTER (lang(?sbj_label) = 'en') } LIMIT 25"
Who is the  {human} for {record held} of {marathon},select distinct ?obj where { wd:Q40244 wdt:P1000 ?obj . ?obj wdt:P31 wd:Q5 }
"Who did Nicole Kidman divorce on January 1, 2001?","SELECT ?obj WHERE { wd:Q37459 p:P26 ?s . ?s ps:P26 ?obj . ?s pq:P582 ?x filter(contains(YEAR(?x),'2001')) }"
How many medical conditions did Ludwig van Beethoven have?,SELECT (COUNT(?obj) AS ?value ) { wd:Q255 wdt:P1050 ?obj }
Tell me which is the ice age which contains the word age in it's name?,"SELECT DISTINCT ?sbj ?sbj_label WHERE { ?sbj wdt:P31 wd:Q49367 . ?sbj rdfs:label ?sbj_label . FILTER(CONTAINS(lcase(?sbj_label), 'age')) . FILTER (lang(?sbj_label) = 'en') } LIMIT 25"
who interior ministry for military branch of lavrentiy beria?,select distinct ?obj where { wd:Q141829 wdt:P241 ?obj . ?obj wdt:P31 wd:Q6589202 }
What award did Thomas Keneally receive in the year 1982?,"SELECT ?obj WHERE { wd:Q298334 p:P166 ?s . ?s ps:P166 ?obj . ?s pq:P585 ?x filter(contains(YEAR(?x),'1982')) }"
Who married Mark Zuckerberg in Palo Alto?,SELECT ?obj WHERE { wd:Q36215 p:P26 ?s . ?s ps:P26 ?obj . ?s pq:P2842 wd:Q47265 }
"What golf  tournament contains the word ""championship "" in its name ?","SELECT DISTINCT ?sbj ?sbj_label WHERE { ?sbj wdt:P31 wd:Q15259995 . ?sbj wdt:P2094 wd:Q55864193 . ?sbj rdfs:label ?sbj_label . FILTER(CONTAINS(lcase(?sbj_label), 'championship')) . FILTER (lang(?sbj_label) = 'en') } LIMIT 25"
explain me that the artistic type that contains the word of venus which has its own name.,"SELECT DISTINCT ?sbj ?sbj_label WHERE { ?sbj wdt:P31 wd:Q16767597 . ?sbj rdfs:label ?sbj_label . FILTER(CONTAINS(lcase(?sbj_label), 'venus')) . FILTER (lang(?sbj_label) = 'en') } LIMIT 25"
Which is the type of number that is a disjoint union of the list values as qualifiers and contains the word number in it's name?,"SELECT DISTINCT ?sbj ?sbj_label WHERE { ?sbj wdt:P31 wd:Q47460393 . ?sbj wdt:P2738 wd:Q23766486 . ?sbj rdfs:label ?sbj_label . FILTER(CONTAINS(lcase(?sbj_label), 'number')) . FILTER (lang(?sbj_label) = 'en') } LIMIT 25"
What award did Christopher Lambert receive in 1986?,"SELECT ?obj WHERE { wd:Q105158 p:P166 ?s . ?s ps:P166 ?obj . ?s pq:P585 ?x filter(contains(YEAR(?x),'1986')) }"
What is the confusion in this birth record 1416-0-0?,"SELECT ?answer WHERE { wd:Q23009870 wdt:P1889 ?answer . ?answer wdt:P1249 ?x FILTER(contains(YEAR(?x),'1416'))}"
What group of people died in Tenochtitlan?,select distinct ?sbj where { ?sbj wdt:P20 wd:Q13695 . ?sbj wdt:P31 wd:Q5 }
How is the population of Norfolk estimated?,SELECT ?obj WHERE { wd:Q49231 p:P1082 ?s . ?s ps:P1082 ?obj . ?s pq:P459 wd:Q791801 }
Who is the leader of the Indian National Congress,select distinct ?obj where { wd:Q10225 wdt:P488 ?obj . ?obj wdt:P31 wd:Q5 }
Mention the Vidhan Sabha body of Karnataka.,select distinct ?obj where { wd:Q1185 wdt:P208 ?obj . ?obj wdt:P31 wd:Q3091020 }
Tell me the role of Simeon Denis Poison with Pierre-Simon Laplace?,SELECT ?value WHERE { wd:Q190772 p:P184 ?s . ?s ps:P184 wd:Q44481 . ?s pq:P3831 ?value}
Which sports team did Inzamam-ul-Haq start on in 1992?,"SELECT ?obj WHERE { wd:Q1393201 p:P54 ?s . ?s ps:P54 ?obj . ?s pq:P580 ?x filter(contains(YEAR(?x),'1992')) }"
What award did Mikhail Prokhorov receive on 01/01/2006?,"SELECT ?obj WHERE { wd:Q233581 p:P166 ?s . ?s ps:P166 ?obj . ?s pq:P585 ?x filter(contains(YEAR(?x),'2006')) }"
tell me positive emotion name has the word trust in it,"SELECT DISTINCT ?sbj ?sbj_label WHERE { ?sbj wdt:P31 wd:Q60539479 . ?sbj rdfs:label ?sbj_label . FILTER(CONTAINS(lcase(?sbj_label), 'trust')) . FILTER (lang(?sbj_label) = 'en') } LIMIT 25"
What artistic genre is the portrait of Christ when he appear to the disciples by the sea of Tiberias?,SELECT ?answer WHERE { wd:Q22260425 wdt:P180 ?X . ?X wdt:P136 ?answer}
who doctoral student of advisor of Johannes diderik van der waals ?,SELECT ?answer WHERE { wd:Q131721 wdt:P184 ?X . ?X wdt:P185 ?answer}
When was Lou Reed awarded o the Rock and Roll Hall of Fame?,SELECT ?value WHERE { wd:Q189080 p:P166 ?s . ?s ps:P166 wd:Q179191 . ?s pq:P585 ?value}
What are the kingdom which start with the letter zakhara,"SELECT DISTINCT ?sbj ?sbj_label WHERE { ?sbj wdt:P31 wd:Q417175 . ?sbj rdfs:label ?sbj_label . FILTER(CONTAINS(lcase(?sbj_label), 'zakhara')) . FILTER (lang(?sbj_label) = 'en') } LIMIT 25"
For what type of work Keira Knightley has received an Empire Award?,SELECT ?value WHERE { wd:Q42581 p:P166 ?s . ?s ps:P166 wd:Q3724813 . ?s pq:P1686 ?value}
who is the estimation for studied by of epidemiology?,select distinct ?sbj where { ?sbj wdt:P2579 wd:Q133805 . ?sbj wdt:P31 wd:Q965330 }
What are theAmerican football team which start with the letter w,"SELECT DISTINCT ?sbj ?sbj_label WHERE { ?sbj wdt:P31 wd:Q17156793 . ?sbj rdfs:label ?sbj_label . FILTER(STRSTARTS(lcase(?sbj_label), 'w')) . FILTER (lang(?sbj_label) = 'en') } LIMIT 25"
"Where is twin town of Semarang, which has human population of 2 ?","SELECT ?answer WHERE { wd:Q11025 wdt:P190 ?answer . ?answer wdt:P1082 ?x FILTER(contains(?x,'2'))}"
Who founded the play for Martin Johnson?,SELECT ?answer WHERE { wd:Q2036406 wdt:P54 ?X . ?X wdt:P571 ?answer}
How many depositors are with the {United Nations Secretary-General} ?,SELECT (COUNT(?sub) AS ?value ) { ?sub wdt:P2058 wd:Q81066 }
"What was the kinship of Ella Fitzgerald's child Ray Brown, Jr.?",SELECT ?value WHERE { wd:Q1768 p:P40 ?s . ?s ps:P40 wd:Q7297244 . ?s pq:P1039 ?value}
What is John X's persumed date of date according to sourcing circumstances?,SELECT ?obj WHERE { wd:Q227976 p:P570 ?s . ?s ps:P570 ?obj . ?s pq:P1480 wd:Q18122778 }
When did Sergio Marqués Fernández leave his job as President of Asturias?,SELECT ?value WHERE { wd:Q3934 p:P6 ?s . ?s ps:P6 wd:Q3181289 . ?s pq:P582 ?value}
What type of employment does the son of Cynisca have?,SELECT ?answer WHERE { wd:Q267195 wdt:P22 ?X . ?X wdt:P106 ?answer}
When {start time} for {Olympias} has {spouse} as {Philip II of Macedon} ?,SELECT ?value WHERE { wd:Q223134 p:P26 ?s . ?s ps:P26 wd:Q130650 . ?s pq:P580 ?value}
When did Clyde Walcott started playing on the Guyana national cricket team?,SELECT ?value WHERE { wd:Q462487 p:P54 ?s . ?s ps:P54 wd:Q5622770 . ?s pq:P580 ?value}
What is the diplomatic relation of the land of Ujjain?,SELECT ?answer WHERE { wd:Q200119 wdt:P17 ?X . ?X wdt:P530 ?answer}
What are the examinations of the consequences of alcoholism?,SELECT ?answer WHERE { wd:Q15326 wdt:P1542 ?X . ?X wdt:P923 ?answer}
Which is the {taxon rank} and the {parent taxon} of {Chickpea} ?,SELECT ?ans_1 ?ans_2 WHERE { wd:Q81375 wdt:P105 ?ans_1 . wd:Q81375 wdt:P171 ?ans_2 }
What are the musical duo which start with the letter z,"SELECT DISTINCT ?sbj ?sbj_label WHERE { ?sbj wdt:P31 wd:Q9212979 . ?sbj rdfs:label ?sbj_label . FILTER(STRSTARTS(lcase(?sbj_label), 'z')) . FILTER (lang(?sbj_label) = 'en') } LIMIT 25"
Where did Robert Penn Warren get his Master of Arts degree?,SELECT ?obj WHERE { wd:Q312720 p:P69 ?s . ?s ps:P69 ?obj . ?s pq:P512 wd:Q2091008 }
What is the time zone in Apulia that is standard time?,SELECT ?obj WHERE { wd:Q1447 p:P421 ?s . ?s ps:P421 ?obj . ?s pq:P1264 wd:Q1777301 }
What is the conflict in the branch of Enrique Camarena?,SELECT ?answer WHERE { wd:Q2786877 wdt:P241 ?X . ?X wdt:P607 ?answer}
What is birth place for starring of The 15:17 to Paris ?,SELECT ?answer WHERE { wd:Q31204331 wdt:P161 ?X . ?X wdt:P19 ?answer}
Which is the enterprise that is a subsidiary of CBS?,select distinct ?sbj where { ?sbj wdt:P355 wd:Q43380 . ?sbj wdt:P31 wd:Q6881511 }
Who was Jonas Salk's doctoral student?,select distinct ?obj where { wd:Q200101 wdt:P185 ?obj . ?obj wdt:P31 wd:Q5 }
Which is the antonym for CFSI of Gujarat?,SELECT ?answer WHERE { wd:Q1061 wdt:P1740 ?X . ?X wdt:P461 ?answer}
What is the country club with the lowest slope located in New Jersey?,select ?ent where { ?ent wdt:P31 wd:Q2022036 . ?ent wdt:P3840 ?obj . ?ent wdt:P131 wd:Q1408} ORDER BY ASC(?obj)LIMIT 5
"""Which is {taxon parent} of {Invertebrata}, whose {vernacular name} is {动物界} ?""","SELECT ?answer WHERE { wd:Q43806 wdt:P171 ?answer . ?answer wdt:P1843 ?x FILTER(contains(?x,'动物界'))}"
Tell me event sequence whose name has the word wikidach in it.,"SELECT DISTINCT ?sbj ?sbj_label WHERE { ?sbj wdt:P31 wd:Q15900616 . ?sbj rdfs:label ?sbj_label . FILTER(CONTAINS(lcase(?sbj_label), 'wikidach')) . FILTER (lang(?sbj_label) = 'en') } LIMIT 25"
What kinds of airplanes do American Airlines operate?,select distinct ?obj where { wd:Q32396 wdt:P121 ?obj . ?obj wdt:P31 wd:Q15056993 }
Name a business division owned by Ford Motor Company,select distinct ?obj where { wd:Q44294 wdt:P199 ?obj . ?obj wdt:P31 wd:Q6881511 }
When was Luc Besson married to Milla Jovovich?,SELECT ?value WHERE { wd:Q484779 p:P26 ?s . ?s ps:P26 wd:Q170576 . ?s pq:P580 ?value}
Which region of Spain shares its border with Granada?,select distinct ?obj where { wd:Q8810 wdt:P47 ?obj . ?obj wdt:P31 wd:Q2074737 }
"Which position held by Vittorio Emanuele III ended on September 8, 1943?","SELECT ?obj WHERE { wd:Q150642 p:P39 ?s . ?s ps:P39 ?obj . ?s pq:P582 ?x filter(contains(YEAR(?x),'1943')) }"
How many democracies are formed by republics?,SELECT (COUNT(?sub) AS ?value ) { ?sub wdt:P122 wd:Q7270 }
What is { position held } of { Henry Morton Stanley } { start time } is { 1895 - 7 - 15 }?,"SELECT ?obj WHERE { wd:Q171421 p:P39 ?s . ?s ps:P39 ?obj . ?s pq:P580 ?x filter(contains(YEAR(?x),'1895')) }"
Until when did Ernest Shackleton hold the record for having traveled the farthest South?,SELECT ?value WHERE { wd:Q957543 p:P1000 ?s . ?s ps:P1000 wd:Q2342357 . ?s pq:P582 ?value}
"Who was the discoverer or inventor of the Trapezium Cluster, that worked in the physics field?",SELECT ?answer WHERE { wd:Q14031 wdt:P61 ?answer . ?answer wdt:P101 wd:Q413}
what is reserve currency that contains the word dollar in their name,"SELECT DISTINCT ?sbj ?sbj_label WHERE { ?sbj wdt:P31 wd:Q756202 . ?sbj rdfs:label ?sbj_label . FILTER(CONTAINS(lcase(?sbj_label), 'dollar')) . FILTER (lang(?sbj_label) = 'en') } LIMIT 25"
When did Thierry Henry become a member of the France national football team?,SELECT ?value WHERE { wd:Q45901 p:P54 ?s . ?s ps:P54 wd:Q47774 . ?s pq:P580 ?value}
What is theaviation accident with the lowest number of injured whose instance of is aviation accident ?,select ?ent where { ?ent wdt:P31 wd:Q744913 . ?ent wdt:P1339 ?obj . ?ent wdt:P31 wd:Q744913} ORDER BY ASC(?obj)LIMIT 5
When did Valentina Tereshkova receive the Order of Lenin?,SELECT ?value WHERE { wd:Q44371 p:P166 ?s . ?s ps:P166 wd:Q185493 . ?s pq:P585 ?value}
What is the musical score of Ave Verum Corpus that has a career in music pedagogue?,SELECT ?answer WHERE { wd:Q955663 wdt:P86 ?answer . ?answer wdt:P106 wd:Q16145150}
What is the family relationship of Eva Braun with Edmund Hitler?,SELECT ?value WHERE { wd:Q76433 p:P1038 ?s . ?s ps:P1038 wd:Q22084776 . ?s pq:P1039 ?value}
How many programming paradigms are there for Visual Basic .NET?,SELECT (COUNT(?obj) AS ?value ) { wd:Q50077 wdt:P3966 ?obj }
which type of quantum particle has highest gyromagnetic ratio?,select ?ent where { ?ent wdt:P31 wd:Q22675015 . ?ent wdt:P2222 ?obj } ORDER BY DESC(?obj)LIMIT 5
What is award received  from  Claudia Cardinale   point in time  is  2002 - 6 - 1 ?,"SELECT ?obj WHERE { wd:Q107006 p:P166 ?s . ?s ps:P166 ?obj . ?s pq:P585 ?x filter(contains(YEAR(?x),'2002')) }"
"What award did Joseph Dalton Hooker receive on January 1, 1885?","SELECT ?obj WHERE { wd:Q157501 p:P166 ?s . ?s ps:P166 ?obj . ?s pq:P585 ?x filter(contains(YEAR(?x),'1885')) }"
What is the name of language of Pāli Canon that is different from Pali language?,SELECT ?answer WHERE { wd:Q215685 wdt:P407 ?answer . ?answer wdt:P1889 wd:Q16919429}
"What is the genetic association of Cardiovascular disease, and what drugs are used for treatment?",SELECT ?ans_1 ?ans_2 WHERE { wd:Q389735 wdt:P2293 ?ans_1 . wd:Q389735 wdt:P2176 ?ans_2 }
What is the first name of Joel Quenneville?,SELECT ?answer WHERE { wd:Q1387131 wdt:P735 ?answer . ?answer wdt:P282 wd:Q8229}
What is the federal state that applies to the Australian dollar jurisdiction?,select distinct ?obj where { wd:Q259502 wdt:P1001 ?obj . ?obj wdt:P31 wd:Q43702 }
"For what award was Gilbert N. Lewis nominated on the 1st January, 1925?","SELECT ?obj WHERE { wd:Q208858 p:P1411 ?s . ?s ps:P1411 ?obj . ?s pq:P585 ?x filter(contains(YEAR(?x),'1925')) }"
Which country is Wellington located?,select distinct ?obj where { wd:Q23661 wdt:P17 ?obj . ?obj wdt:P31 wd:Q6256 }
Where  is Charles Nirmalanathan job located?,SELECT ?answer WHERE { wd:Q20855546 wdt:P102 ?X . ?X wdt:P159 ?answer}
What is the hometown of Phil Jackson that is in Sherdan County?,SELECT ?answer WHERE { wd:Q316246 wdt:P551 ?answer . ?answer wdt:P150 wd:Q496629}
What was the academic major of Larry Page who was educated at Stanford University?,SELECT ?value WHERE { wd:Q4934 p:P69 ?s . ?s ps:P69 wd:Q41506 . ?s pq:P812 ?value}
What is the GHS hazard statement for ethanol as per Regulation (EC) No. 1272/2008?,SELECT ?value WHERE { wd:Q153 p:P4952 ?s . ?s ps:P4952 wd:Q2005334 . ?s pq:P5041 ?value}
What material is used in painting the leaf ?,select distinct ?sbj where { ?sbj wdt:P186 wd:Q33971 . ?sbj wdt:P31 wd:Q3305213 }
What gene is associated with breast cancer by a Genome-wide association study?,SELECT ?obj WHERE { wd:Q128581 p:P2293 ?s . ?s ps:P2293 ?obj . ?s pq:P459 wd:Q1098876 }
How many linguistic typology for Japanese?,SELECT (COUNT(?obj) AS ?value ) { wd:Q5287 wdt:P4132 ?obj }
Name the award for which Franco Zeffirelli was nominated for his/her work in Romeo and Juliet?,SELECT ?obj WHERE { wd:Q53040 p:P1411 ?s . ?s ps:P1411 ?obj . ?s pq:P1686 wd:Q517265 }
When does Rakesh Kumar compete?,SELECT ?answer WHERE { wd:Q16935077 wdt:P1344 ?X . ?X wdt:P585 ?answer}
What language does the sculptor of Z3 write in?,SELECT ?answer WHERE { wd:Q222419 wdt:P170 ?X . ?X wdt:P1412 ?answer}
Futurama takes place in which fictional universe?,select distinct ?obj where { wd:Q73622 wdt:P1434 ?obj . ?obj wdt:P31 wd:Q559618 }
How can you tell a credit card has a thickness of 0.76?,"SELECT ?value WHERE { wd:Q161380 p:P2610 ?s . ?s ps:P2610 ?x filter(contains(?x,'0.76')) . ?s pq:P459 ?value}"
Which limestone powder has the highest emissivity?,select ?ent where { ?ent wdt:P31 wd:Q2908004 . ?ent wdt:P1295 ?obj . ?ent wdt:P186 wd:Q23757 } ORDER BY DESC(?obj)LIMIT 5
Who is a member of the citizens of E.C. Segar?,SELECT ?answer WHERE { wd:Q452745 wdt:P27 ?X . ?X wdt:P463 ?answer}
"WHO IS THE FOUNDER OF THE GAUSSIAN ELIMINATION THAT WAS BORN APRIL 4, 1777?","SELECT ?answer WHERE { wd:Q2658 wdt:P138 ?answer . ?answer wdt:P569 ?x FILTER(contains(YEAR(?x),'1777'))}"
Who are the members of the Grateful Dead?,select distinct ?sbj where { ?sbj wdt:P463 wd:Q212533 . ?sbj wdt:P31 wd:Q5 }
"Who are the children of Tigranes the Great, who died from decapitation?",SELECT ?answer WHERE { wd:Q201303 wdt:P40 ?answer . ?answer wdt:P509 wd:Q204933}
Which is the animation technique of the facet of 3D animation software and contains the word animation in it's name?,"SELECT DISTINCT ?sbj ?sbj_label WHERE { ?sbj wdt:P31 wd:Q3516833 . ?sbj wdt:P1269 wd:Q23442766 . ?sbj rdfs:label ?sbj_label . FILTER(CONTAINS(lcase(?sbj_label), 'animation')) . FILTER (lang(?sbj_label) = 'en') } LIMIT 25"
What is the human population of the basin countries of the Strait of Dover?,SELECT ?answer WHERE { wd:Q159898 wdt:P205 ?X . ?X wdt:P1082 ?answer}
What are the administrative divisions of the headquarters of Sinovac Biotech?,SELECT ?answer WHERE { wd:Q3485048 wdt:P159 ?X . ?X wdt:P150 ?answer}
Is the end time for the spouse of Larry King 1967-0-0?,"SELECT ?obj WHERE { wd:Q213430 p:P26 ?s . ?s ps:P26 ?obj . ?s pq:P582 ?x filter(contains(YEAR(?x),'1967')) }"
What is the culture of Jayadaman's daughter?,SELECT ?answer WHERE { wd:Q6167457 wdt:P40 ?X . ?X wdt:P172 ?answer}
What is the middle name of {Frederick I whose nick name is Frederick?,SELECT ?answer WHERE { wd:Q79789 wdt:P735 ?answer . ?answer wdt:P460 wd:Q3273004}
What was the twinned administrative body of Cagliari starting in 2011?,"SELECT ?obj WHERE { wd:Q1897 p:P190 ?s . ?s ps:P190 ?obj . ?s pq:P580 ?x filter(contains(YEAR(?x),'2011')) }"
who  is the human spacefligh for member of the crew  of Christa McAuliffe?,select distinct ?obj where { wd:Q229674 wdt:P5096 ?obj . ?obj wdt:P31 wd:Q752783 }
When did Selena Gomez become romantically involved with Justin Bieber?,SELECT ?value WHERE { wd:Q83287 p:P451 ?s . ?s ps:P451 wd:Q34086 . ?s pq:P580 ?value}
How many carry things by road?,SELECT (COUNT(?sub) AS ?value ) { ?sub wdt:P2505 wd:Q34442 }
When did João Havelange step down as chairperson of FIFA?,SELECT ?value WHERE { wd:Q253414 p:P488 ?s . ?s ps:P488 wd:Q207358 . ?s pq:P582 ?value}
When did Katharine Graham receive the Library of Congress Living Legend award?,SELECT ?value WHERE { wd:Q435203 p:P166 ?s . ?s ps:P166 wd:Q6542686 . ?s pq:P580 ?value}
When did Ilse Koch become a member of the political party NSDAP?,SELECT ?value WHERE { wd:Q58036 p:P102 ?s . ?s ps:P102 wd:Q7320 . ?s pq:P580 ?value}
Tell me which is the single-family detached home which contains the word villa in it's name?,"SELECT DISTINCT ?sbj ?sbj_label WHERE { ?sbj wdt:P31 wd:Q1307276 . ?sbj rdfs:label ?sbj_label . FILTER(CONTAINS(lcase(?sbj_label), 'villa')) . FILTER (lang(?sbj_label) = 'en') } LIMIT 25"
For which movie was Christian Bale nominated for an Academy Award for Best Supporting Actor?,SELECT ?value WHERE { wd:Q45772 p:P1411 ?s . ?s ps:P1411 wd:Q106291 . ?s pq:P1686 ?value}
What is the main business of Paris?,select distinct ?sbj where { ?sbj wdt:P740 wd:Q90 . ?sbj wdt:P31 wd:Q4830453 }
When did Song Young-gil become head of the government of Incheon?,SELECT ?value WHERE { wd:Q20934 p:P6 ?s . ?s ps:P6 wd:Q484024 . ?s pq:P580 ?value}
Name a Norwegian radio station,select distinct ?sbj where { ?sbj wdt:P2936 wd:Q9043 . ?sbj wdt:P31 wd:Q14350 }
Who is {chief executive} of {manufacturer} of {IBM 7030 Stretch} ?,SELECT ?answer WHERE { wd:Q984038 wdt:P176 ?X . ?X wdt:P169 ?answer}
What is Kim Kardashian's net worth as of 2015?,"SELECT ?obj WHERE { wd:Q186304 p:P2218 ?s . ?s ps:P2218 ?obj . ?s pq:P585 ?x filter(contains(YEAR(?x),'2015')) }"
who was the administrative body of the of the Osaka Prefecture in July of 1987,"SELECT ?obj WHERE { wd:Q122723 p:P190 ?s . ?s ps:P190 ?obj . ?s pq:P580 ?x filter(contains(YEAR(?x),'1987')) }"
Who is George W. Bush's sister that has crafted as enterpreneur?,SELECT ?answer WHERE { wd:Q207 wdt:P3373 ?answer . ?answer wdt:P106 wd:Q131524}
"Who is the founder of Marxism, and after whom was it named?",SELECT ?ans_1 ?ans_2 WHERE { wd:Q7264 wdt:P61 ?ans_1 . wd:Q7264 wdt:P138 ?ans_2 }
How many excavation directors are in the Pompeii} ?,SELECT (COUNT(?obj) AS ?value ) { wd:Q43332 wdt:P4345 ?obj }
what is television series of lorne michaels of executive producer  and also which starts with letter t,"SELECT DISTINCT ?sbj ?sbj_label WHERE { ?sbj wdt:P31 wd:Q5398426 . ?sbj wdt:P1431 wd:Q521221 . ?sbj rdfs:label ?sbj_label . FILTER(STRSTARTS(lcase(?sbj_label), 't')) . FILTER (lang(?sbj_label) = 'en') } LIMIT 25"
Where was Alice Walker awarded a Bachelor of Arts degree?,SELECT ?obj WHERE { wd:Q215868 p:P69 ?s . ?s ps:P69 ?obj . ?s pq:P512 wd:Q1765120 }
What is established by working at Terry Nova?,SELECT ?answer WHERE { wd:Q52153321 wdt:P108 ?X . ?X wdt:P112 ?answer}
"""What is {temporal range end} of {Triceratops}, which has {sequel of} is {Campanian} ?""",SELECT ?answer WHERE { wd:Q14384 wdt:P524 ?answer . ?answer wdt:P155 wd:Q492941}
What team was Shivnarine Chanderpaul on at the end of 2013-0-0?,"SELECT ?obj WHERE { wd:Q967484 p:P54 ?s . ?s ps:P54 ?obj . ?s pq:P582 ?x filter(contains(YEAR(?x),'2013')) }"
Tell me isotope of carbon whose name has the word carbon in it.,"SELECT DISTINCT ?sbj ?sbj_label WHERE { ?sbj wdt:P31 wd:Q471790 . ?sbj rdfs:label ?sbj_label . FILTER(CONTAINS(lcase(?sbj_label), 'carbon')) . FILTER (lang(?sbj_label) = 'en') } LIMIT 25"
was Isaac newton given professorship in 1669-0-0?,"SELECT ?obj WHERE { wd:Q935 p:P803 ?s . ?s ps:P803 ?obj . ?s pq:P580 ?x filter(contains(YEAR(?x),'1669')) }"
"What is Jonny Depp's native language what language does he ust for speaking, writing and/or signing?",SELECT ?ans_1 ?ans_2 WHERE { wd:Q37175 wdt:P103 ?ans_1 . wd:Q37175 wdt:P1412 ?ans_2 }
"When did John Stuart, 3rd Earl of Bute begin serving as Secretary of State for the Northern Department?",SELECT ?value WHERE { wd:Q294651 p:P39 ?s . ?s ps:P39 wd:Q3954358 . ?s pq:P580 ?value}
What is Francis Bacon's native language.,SELECT ?answer WHERE { wd:Q37388 wdt:P1412 ?X . ?X wdt:P2989 ?answer}
How was it determined that the total fertility rate in Hong Kong is 0.982?,"SELECT ?value WHERE { wd:Q8646 p:P4841 ?s . ?s ps:P4841 ?x filter(contains(?x,'0.982')) . ?s pq:P459 ?value}"
What does the split from the Virgin Mary portray?,SELECT ?answer WHERE { wd:Q6163695 wdt:P155 ?X . ?X wdt:P175 ?answer}
What is the architectural style of Bauhaus?,select distinct ?sbj where { ?sbj wdt:P149 wd:Q124354 . ?sbj wdt:P31 wd:Q811979 }
When did Dwyane Wade win the Sports Illustrated Sportsperson of the Year award?,SELECT ?value WHERE { wd:Q31683 p:P166 ?s . ?s ps:P166 wd:Q1653207 . ?s pq:P585 ?value}
What are the national economy which start with the letter e,"SELECT DISTINCT ?sbj ?sbj_label WHERE { ?sbj wdt:P31 wd:Q6456916 . ?sbj rdfs:label ?sbj_label . FILTER(STRSTARTS(lcase(?sbj_label), 'e')) . FILTER (lang(?sbj_label) = 'en') } LIMIT 25"
Which house has the most floors above ground?,select ?ent where { ?ent wdt:P31 wd:Q3947 . ?ent wdt:P1101 ?obj } ORDER BY DESC(?obj)LIMIT 5
What award did Betty Williams receive on 1976-0-0?,"SELECT ?obj WHERE { wd:Q157690 p:P166 ?s . ?s ps:P166 ?obj . ?s pq:P585 ?x filter(contains(YEAR(?x),'1976')) }"
What was Gianluigi Buffon`s point score for Italy`s under-23 football team?,SELECT ?value WHERE { wd:Q68060 p:P54 ?s . ?s ps:P54 wd:Q3873569 . ?s pq:P1351 ?value}
Who is {spouse} of {Isabel Allende} where {end time} is {2015-0-0} ?,"SELECT ?obj WHERE { wd:Q83566 p:P26 ?s . ?s ps:P26 ?obj . ?s pq:P582 ?x filter(contains(YEAR(?x),'2015')) }"
Who are the authors of The Colorado Kid?,SELECT ?answer WHERE { wd:Q464557 wdt:P50 ?X . ?X wdt:P800 ?answer}
When did Toots Thielemans receive the award octave d'honneur?,SELECT ?value WHERE { wd:Q365567 p:P166 ?s . ?s ps:P166 wd:Q26481897 . ?s pq:P585 ?value}
When Boa Vista started as head of government at Teresa Surita?,SELECT ?value WHERE { wd:Q181056 p:P6 ?s . ?s ps:P6 wd:Q9086139 . ?s pq:P580 ?value}
Which planet orbits Io?,SELECT ?answer WHERE { wd:Q3123 wdt:P397 ?X . ?X wdt:P398 ?answer}
How many symptoms are there of mercury poisoning?,SELECT (COUNT(?obj) AS ?value ) { wd:Q408089 wdt:P780 ?obj }
What is the { end time } for { the Daily Show } as { Rachael Harris } has { cast member }?,SELECT ?value WHERE { wd:Q824192 p:P161 ?s . ?s ps:P161 wd:Q267400 . ?s pq:P582 ?value}
Who got married to Miriam Makeba in 1969?,"SELECT ?obj WHERE { wd:Q146256 p:P26 ?s . ?s ps:P26 ?obj . ?s pq:P580 ?x filter(contains(YEAR(?x),'1969')) }"
Who are the executive and legislative bodies of Dublin?,SELECT ?ans_1 ?ans_2 WHERE { wd:Q1761 wdt:P208 ?ans_1 . wd:Q1761 wdt:P194 ?ans_2 }
What is the position held by Giulio Andreotti who is replaced by Francesco Cossiga?,SELECT ?obj WHERE { wd:Q50005 p:P39 ?s . ?s ps:P39 ?obj . ?s pq:P1366 wd:Q1230 }
When did Kiev and Kyoto become sister cities?,SELECT ?value WHERE { wd:Q1899 p:P190 ?s . ?s ps:P190 wd:Q34600 . ?s pq:P580 ?value}
What is the population of Ibadan?,SELECT ?answer WHERE { wd:Q183298 wdt:P17 ?X . ?X wdt:P1082 ?answer}
Who did Ed O'Neill play on Married.. with Children?,SELECT ?obj WHERE { wd:Q208647 p:P674 ?s . ?s ps:P674 ?obj . ?s pq:P175 wd:Q16758 }
Which club did Richard Bartel play for as team manager?,SELECT ?answer WHERE { wd:Q7323984 wdt:P54 ?X . ?X wdt:P286 ?answer}
Who is the Soviet Union's head of state?,select distinct ?obj where { wd:Q15180 wdt:P35 ?obj . ?obj wdt:P31 wd:Q5 }
"What is the native language and also the languages spoken, written or signed by Iggy Pop?",SELECT ?ans_1 ?ans_2 WHERE { wd:Q182665 wdt:P103 ?ans_1 . wd:Q182665 wdt:P1412 ?ans_2 }
What type education was completed by Paul Samuelson in 1936?,"SELECT ?obj WHERE { wd:Q102454 p:P69 ?s . ?s ps:P69 ?obj . ?s pq:P582 ?x filter(contains(YEAR(?x),'1936')) }"
what is fictional detective that contains the word sam in their name,"SELECT DISTINCT ?sbj ?sbj_label WHERE { ?sbj wdt:P31 wd:Q3656924 . ?sbj rdfs:label ?sbj_label . FILTER(CONTAINS(lcase(?sbj_label), 'sam')) . FILTER (lang(?sbj_label) = 'en') } LIMIT 25"
When is the start date of the case of Bowers v. Hardwick?,SELECT ?answer WHERE { wd:Q2907274 wdt:P4884 ?X . ?X wdt:P571 ?answer}
What company makes My Little Pony?,select distinct ?obj where { wd:Q1071312 wdt:P176 ?obj . ?obj wdt:P31 wd:Q6881511 }
What is the key incident in the death of Vasily I of Moscow?,SELECT ?answer WHERE { wd:Q272156 wdt:P20 ?X . ?X wdt:P793 ?answer}
What are the peace treaty which start with the letter t,"SELECT DISTINCT ?sbj ?sbj_label WHERE { ?sbj wdt:P31 wd:Q625298 . ?sbj rdfs:label ?sbj_label . FILTER(STRSTARTS(lcase(?sbj_label), 't')) . FILTER (lang(?sbj_label) = 'en') } LIMIT 25"
How many diocese are there in the Russian Orthodox Church?,SELECT (COUNT(?sub) AS ?value ) { ?sub wdt:P708 wd:Q60995 }
How many students attended the University of Arkansas in 2016?,"SELECT ?obj WHERE { wd:Q1070333 p:P2196 ?s . ?s ps:P2196 ?obj . ?s pq:P813 ?x filter(contains(YEAR(?x),'2016')) }"
What are the physical consequences and drug interactions of Cocaine?,SELECT ?ans_1 ?ans_2 WHERE { wd:Q41576 wdt:P129 ?ans_1 . wd:Q41576 wdt:P769 ?ans_2 }
Which of {holding company} has {facility operator} as {Digby and Sowton railway station} ?,SELECT ?answer WHERE { wd:Q735385 wdt:P137 ?X . ?X wdt:P749 ?answer}
Who is the {human} for {spouse} of {Sean Hannity},select distinct ?obj where { wd:Q557730 wdt:P26 ?obj . ?obj wdt:P31 wd:Q5 }
what is spouse of Carlos Saura that is start time is 2006?,"SELECT ?obj WHERE { wd:Q295855 p:P26 ?s . ?s ps:P26 ?obj . ?s pq:P580 ?x filter(contains(YEAR(?x),'2006')) }"
When did Charlize Theron's relationship with Stuart Townsend end?,SELECT ?value WHERE { wd:Q80046 p:P451 ?s . ?s ps:P451 wd:Q363525 . ?s pq:P582 ?value}
"What genre are the songs in Frozen, the Original Motion Picture's Soundtrack?",SELECT ?answer WHERE { wd:Q15530976 wdt:P658 ?X . ?X wdt:P136 ?answer}
What is the foundational document of the Soviet Union?,select distinct ?obj where { wd:Q15180 wdt:P457 ?obj . ?obj wdt:P31 wd:Q49848 }
What are the flim production company which start with the letter t,"SELECT DISTINCT ?sbj ?sbj_label WHERE { ?sbj wdt:P31 wd:Q1762059 . ?sbj rdfs:label ?sbj_label . FILTER(STRSTARTS(lcase(?sbj_label), 't')) . FILTER (lang(?sbj_label) = 'en') } LIMIT 25"
what award did Timbaland receive?,SELECT ?obj WHERE { wd:Q179257 p:P166 ?s . ?s ps:P166 ?obj . ?s pq:P1706 wd:Q15059449 }
What are the coordinates of the Amur river mouth?,SELECT ?obj WHERE { wd:Q6862 p:P625 ?s . ?s ps:P625 ?obj . ?s pq:P518 wd:Q1233637 }
"What is Characiformes' higher taxon, known by the vernacular name Taggfeniga fiskar?","SELECT ?answer WHERE { wd:Q217458 wdt:P171 ?answer . ?answer wdt:P1843 ?x FILTER(contains(?x,'Taggfeniga fiskar'))}"
What is the name of the archaeological site where Qin Shi Huang was buried?,select distinct ?obj where { wd:Q7192 wdt:P119 ?obj . ?obj wdt:P31 wd:Q839954 }
Who was Socrates' father?,select distinct ?sbj where { ?sbj wdt:P22 wd:Q913 . ?sbj wdt:P31 wd:Q5 }
How many people have the title of Sir?,SELECT (COUNT(?sub) AS ?value ) { ?sub wdt:P97 wd:Q209690 }
When was the Arab League founded that shares a border with Ethiopia?,SELECT ?value WHERE { wd:Q7172 p:P47 ?s . ?s ps:P47 wd:Q115 . ?s pq:P580 ?value}
what time is it in uppsala?,SELECT ?obj WHERE { wd:Q25286 p:P421 ?s . ?s ps:P421 ?obj . ?s pq:P1264 wd:Q36669 }
WHO IS THE COMPETITOR OF BARBARA HEPWORTH?,SELECT ?answer WHERE { wd:Q234109 wdt:P1344 ?X . ?X wdt:P710 ?answer}
Hurling is practiced by which occupation?,select distinct ?obj where { wd:Q213711 wdt:P3095 ?obj . ?obj wdt:P31 wd:Q12737077 }
What instance of Teutonic Knights started in 1192?,"SELECT ?obj WHERE { wd:Q48189 p:P31 ?s . ?s ps:P31 ?obj . ?s pq:P580 ?x filter(contains(YEAR(?x),'1192')) }"
"Tell me, Tokyo Marui, who was the marker that played sports?",SELECT ?answer WHERE { wd:Q607621 wdt:P1056 ?X . ?X wdt:P641 ?answer}
Tell me naval battle whose name has the word beard in it.,"SELECT DISTINCT ?sbj ?sbj_label WHERE { ?sbj wdt:P31 wd:Q1261499 . ?sbj rdfs:label ?sbj_label . FILTER(CONTAINS(lcase(?sbj_label), 'beard')) . FILTER (lang(?sbj_label) = 'en') } LIMIT 25"
What academic subject is Euler's identity the discoverer of?,SELECT ?answer WHERE { wd:Q204819 wdt:P61 ?X . ?X wdt:P101 ?answer}
Who is the Story Adaptation storyboard artist for Snow White and the Seven Drawfs?,"SELECT ?obj WHERE { wd:Q134430 p:P3275 ?s . ?s ps:P3275 ?obj . ?s pq:P1932 ?x filter(contains(?x,'Story Adaptation')) }"
Who was replaced by Alfred Deakin as Member of the Victorian Legislative Assembly?,SELECT ?value WHERE { wd:Q313805 p:P39 ?s . ?s ps:P39 wd:Q18534408 . ?s pq:P1366 ?value}
When Ferenc Puskás started as member of Hungary national football team?,SELECT ?value WHERE { wd:Q482931 p:P54 ?s . ?s ps:P54 wd:Q170561 . ?s pq:P580 ?value}
What is the holds position of the government headed by Frankfurt?,SELECT ?answer WHERE { wd:Q1794 wdt:P6 ?X . ?X wdt:P39 ?answer}
What kind of steam engine was invented by james Watt,select distinct ?sbj where { ?sbj wdt:P61 wd:Q9041 . ?sbj wdt:P31 wd:Q12760 }
Who is the {person} for {place of birth} in {Chicago}?,select distinct ?sbj where { ?sbj wdt:P19 wd:Q1297 . ?sbj wdt:P31 wd:Q5 }
Who did Demi Lovato break-up with in 2016?,"SELECT ?obj WHERE { wd:Q41173 p:P451 ?s . ?s ps:P451 ?obj . ?s pq:P582 ?x filter(contains(YEAR(?x),'2016')) }"
Who was the head of government of Schleswig-Holstein in 2017?,"SELECT ?obj WHERE { wd:Q1194 p:P6 ?s . ?s ps:P6 ?obj . ?s pq:P580 ?x filter(contains(YEAR(?x),'2017')) }"
How many medical examinations are required for medical ultrasonography} ?,SELECT (COUNT(?sub) AS ?value ) { ?sub wdt:P923 wd:Q234904 }
When was the first performance of Lohengrin that had Karl Beck?,SELECT ?obj WHERE { wd:Q23085 p:P1191 ?s . ?s ps:P1191 ?obj . ?s pq:P161 wd:Q6371612 }
what is ring system that contains the word rings in their name,"SELECT DISTINCT ?sbj ?sbj_label WHERE { ?sbj wdt:P31 wd:Q28951811 . ?sbj rdfs:label ?sbj_label . FILTER(CONTAINS(lcase(?sbj_label), 'rings')) . FILTER (lang(?sbj_label) = 'en') } LIMIT 25"
Was science studies Rashomon's original work?,SELECT ?answer WHERE { wd:Q135465 wdt:P364 ?X . ?X wdt:P2579 ?answer}
It comes from the top level domain of Paramore.,SELECT ?answer WHERE { wd:Q473466 wdt:P495 ?X . ?X wdt:P78 ?answer}
What was the HH-60 Jayhawk developed from?,SELECT ?answer WHERE { wd:Q1892024 wdt:P176 ?X . ?X wdt:P1056 ?answer}
How many things are founded by Oprah Winfrey?,SELECT (COUNT(?obj) AS ?value ) { wd:Q55800 wdt:P112 ?obj }
What was Mark Rylance awarded the BAFTA Best Actor Award for.,SELECT ?value WHERE { wd:Q324572 p:P166 ?s . ?s ps:P166 wd:Q2925701 . ?s pq:P1686 ?value}
"Which sequel is Kingdom of Sardinia, whose chef-lieu is in Rome?",SELECT ?answer WHERE { wd:Q165154 wdt:P156 ?answer . ?answer wdt:P36 wd:Q220}
What is the diplomatic relation between the Philippines and Quatar?,SELECT ?obj WHERE { wd:Q928 p:P530 ?s . ?s ps:P530 ?obj . ?s pq:P805 wd:Q15948934 }
WHICH IS CAPABLE OF INHIBITING OR PREVENING PATHOLOGICAL PROCESS OF PRESCRIBED DRUG OF INFLAMMATION,SELECT ?answer WHERE { wd:Q101991 wdt:P2176 ?X . ?X wdt:P2175 ?answer}
What is the mortality rate with the highest frequency?,select ?ent where { ?ent wdt:P31 wd:Q58702 . ?ent wdt:P2844 ?obj } ORDER BY DESC(?obj)LIMIT 5
Which is the sport that is used by 2011 Junior World Orienteering Championships?,SELECT ?answer WHERE { wd:Q12038151 wdt:P641 ?X . ?X wdt:P2283 ?answer}
"Name a state in Australia ruled by the Government of South Australia that contains the word ""Australia"" in its name","SELECT DISTINCT ?sbj ?sbj_label WHERE { ?sbj wdt:P31 wd:Q5852411 . ?sbj wdt:P208 wd:Q3112580 . ?sbj rdfs:label ?sbj_label . FILTER(CONTAINS(lcase(?sbj_label), 'australia')) . FILTER (lang(?sbj_label) = 'en') } LIMIT 25"
How many chairperson for Musee d'Orsay,SELECT (COUNT(?obj) AS ?value ) { wd:Q23402 wdt:P488 ?obj }
Who was the head of Nuremberg's government in 1891?,"SELECT ?obj WHERE { wd:Q2090 p:P6 ?s . ?s ps:P6 ?obj . ?s pq:P582 ?x filter(contains(YEAR(?x),'1891')) }"
When did Francisco Goya end his residence in Quinta del Sordo?,SELECT ?value WHERE { wd:Q5432 p:P551 ?s . ?s ps:P551 wd:Q2344241 . ?s pq:P582 ?value}
Where in USA is the headquarters of National Collegiate Athletic Association located?,SELECT ?obj WHERE { wd:Q271805 p:P159 ?s . ?s ps:P159 ?obj . ?s pq:P17 wd:Q30 }
"According to the census, what is the population of Santos?",SELECT ?obj WHERE { wd:Q81882 p:P1082 ?s . ?s ps:P1082 ?obj . ?s pq:P459 wd:Q39825 }
Which jurisdiction of Parliament of the United Kingdom that has diplomatic relation to Malta?,SELECT ?answer WHERE { wd:Q11010 wdt:P1001 ?answer . ?answer wdt:P530 wd:Q233}
What is the tourist attraction with the word petronas in the name had the main building contractor of Hazama Corporation?,"SELECT DISTINCT ?sbj ?sbj_label WHERE { ?sbj wdt:P31 wd:Q570116 . ?sbj wdt:P193 wd:Q4410214 . ?sbj rdfs:label ?sbj_label . FILTER(CONTAINS(lcase(?sbj_label), 'petronas')) . FILTER (lang(?sbj_label) = 'en') } LIMIT 25"
In what year did Maria Klawe cease being a chairperson for the Association for Computing Machinery?,SELECT ?value WHERE { wd:Q127992 p:P488 ?s . ?s ps:P488 wd:Q11754 . ?s pq:P582 ?value}
Who is the operator of Boeing 787 Dreamliner and where is the final assembly located?,SELECT ?ans_1 ?ans_2 WHERE { wd:Q6428 wdt:P1071 ?ans_1 . wd:Q6428 wdt:P137 ?ans_2 }
What was the initial school attended by gadolinium?,SELECT ?answer WHERE { wd:Q1832 wdt:P61 ?X . ?X wdt:P69 ?answer}
What award did Edward Snowden win in 2014?,"SELECT ?obj WHERE { wd:Q13424289 p:P166 ?s . ?s ps:P166 ?obj . ?s pq:P585 ?x filter(contains(YEAR(?x),'2014')) }"
Which country participated in the American Revolutionary War?,select distinct ?sbj where { ?sbj wdt:P1344 wd:Q40949 . ?sbj wdt:P31 wd:Q3024240 }
"Who composed 'The Virginian, Season 2'?",SELECT ?answer WHERE { wd:Q16552411 wdt:P179 ?X . ?X wdt:P86 ?answer}
What is the human population of the HQ location of the ACLU?,SELECT ?answer WHERE { wd:Q21637 wdt:P159 ?X . ?X wdt:P1082 ?answer}
How many producers are by Hal B. Wallis?,SELECT (COUNT(?sub) AS ?value ) { ?sub wdt:P162 wd:Q472520 }
What is the name of the garrison sister town of Charles University in Prague?,SELECT ?answer WHERE { wd:Q31519 wdt:P159 ?X . ?X wdt:P190 ?answer}
What award did George F. Kennan receive in 1957?,"SELECT ?obj WHERE { wd:Q156058 p:P166 ?s . ?s ps:P166 ?obj . ?s pq:P585 ?x filter(contains(YEAR(?x),'1957')) }"
Who is {competitor} and {competitor in conflict} of {George Monro} ?,SELECT ?answer WHERE { wd:Q454144 wdt:P607 ?X . ?X wdt:P710 ?answer}
How many matches did Hidetoshi Nakata play as a member of the Japan National under-17 football team?,SELECT ?value WHERE { wd:Q128725 p:P54 ?s . ?s ps:P54 wd:Q3044339 . ?s pq:P1350 ?value}
Tell me aircraft functional class whose name has the word twinjet in it.,"SELECT DISTINCT ?sbj ?sbj_label WHERE { ?sbj wdt:P31 wd:Q20027953 . ?sbj rdfs:label ?sbj_label . FILTER(CONTAINS(lcase(?sbj_label), 'twinjet')) . FILTER (lang(?sbj_label) = 'en') } LIMIT 25"
Tell me the name of Thomas Piketty's spouse as of 2014?,"SELECT ?obj WHERE { wd:Q984448 p:P26 ?s . ?s ps:P26 ?obj . ?s pq:P580 ?x filter(contains(YEAR(?x),'2014')) }"
What is the gamma-ray burst with the farthest distance from Earth?,select ?ent where { ?ent wdt:P31 wd:Q22247 . ?ent wdt:P2583 ?obj } ORDER BY DESC(?obj)LIMIT 5
How many diplomatic relations has Nigeria engaged with?,SELECT (COUNT(?obj) AS ?value ) { wd:Q1033 wdt:P530 ?obj }
which island with the highest width whose country is norway?,select ?ent where { ?ent wdt:P31 wd:Q23442 . ?ent wdt:P2049 ?obj . ?ent wdt:P17 wd:Q20 } ORDER BY DESC(?obj)LIMIT 5
What position did Ahmad ibn Ibrihim al-Ghazi hold beginning in 1526?,"SELECT ?obj WHERE { wd:Q335728 p:P39 ?s . ?s ps:P39 ?obj . ?s pq:P580 ?x filter(contains(YEAR(?x),'1526')) }"
"Where is the burial site for Alfred de Musset (Pere-Lachaise, division 4)?","SELECT ?obj WHERE { wd:Q179680 p:P119 ?s . ?s ps:P119 ?obj . ?s pq:P373 ?x filter(contains(?x,'Grave of Alfred de Musset (Père-Lachaise, division 4)')) }"
What agent had conflict with Lowell English?,SELECT ?answer WHERE { wd:Q6693201 wdt:P607 ?X . ?X wdt:P710 ?answer}
What star does Pluto orbit?,select distinct ?obj where { wd:Q339 wdt:P397 ?obj . ?obj wdt:P31 wd:Q5864 }
Which member of the American Academy of Arts and Sciences is sillimanite named after?,SELECT ?answer WHERE { wd:Q119632 wdt:P138 ?answer . ?answer wdt:P463 wd:Q463303}
What is the title of the head of the Commonwealth of Nations?,SELECT ?ans_1 ?ans_2 WHERE { wd:Q7785 wdt:P2388 ?ans_1 . wd:Q7785 wdt:P355 ?ans_2 }
What business is the organization of the American Broadcasting Company in?,select distinct ?sbj where { ?sbj wdt:P749 wd:Q169889 . ?sbj wdt:P31 wd:Q4830453 }
How many operators are by Texas A&M University?,SELECT (COUNT(?sub) AS ?value ) { ?sub wdt:P137 wd:Q49212 }
What term is used to describe a resident of Hong Kong?,select distinct ?sbj where { ?sbj wdt:P5389 wd:Q8646 . ?sbj wdt:P31 wd:Q5 }
What position does Pius VII hold?,SELECT ?answer WHERE { wd:Q124754 wdt:P937 ?X . ?X wdt:P1313 ?answer}
What is {end time} and {start time} of {{Boeing 747} has {operator} as {Air Algérie}} ?,SELECT ?answer WHERE { wd:Q24284065 wdt:P276 ?X . ?X wdt:P1990 ?answer}
When does Madjer become a member of the sports team Botafogo F.R.?,SELECT ?value WHERE { wd:Q1367228 p:P54 ?s . ?s ps:P54 wd:Q80958 . ?s pq:P580 ?value}
What is the diplomatic relationship between Algeria and Indonesia?,SELECT ?obj WHERE { wd:Q262 p:P530 ?s . ?s ps:P530 ?obj . ?s pq:P805 wd:Q15948965 }
What is the outcome of  the antonym  of plasma recombination?,SELECT ?answer WHERE { wd:Q4392902 wdt:P461 ?X . ?X wdt:P1542 ?answer}
What are the stable version on each platform for Assassin's Creed?,SELECT ?answer WHERE { wd:Q420292 wdt:P400 ?X . ?X wdt:P348 ?answer}
Lagos is located in what time zone and had what category of films shot at this location?,SELECT ?ans_1 ?ans_2 WHERE { wd:Q8673 wdt:P1740 ?ans_1 . wd:Q8673 wdt:P421 ?ans_2 }
That is another name for Santa Claus?,SELECT ?ans_1 ?ans_2 WHERE { wd:Q315796 wdt:P460 ?ans_1 . wd:Q315796 wdt:P138 ?ans_2 }
What is Decathlon sport and it;s record progression?,SELECT ?ans_1 ?ans_2 WHERE { wd:Q184654 wdt:P641 ?ans_1 . wd:Q184654 wdt:P2869 ?ans_2 }
What is a vested interest of the shareholders of GNU Savannah?,SELECT ?answer WHERE { wd:Q1007059 wdt:P127 ?X . ?X wdt:P2650 ?answer}
Which shire is the birth location of Sam Concepcion?,SELECT ?answer WHERE { wd:Q3543715 wdt:P19 ?X . ?X wdt:P150 ?answer}
Kurdish people are of what ethnic group?,select distinct ?sbj where { ?sbj wdt:P172 wd:Q12223 . ?sbj wdt:P31 wd:Q5 }
What is published on the retired Tetris?,SELECT ?answer WHERE { wd:Q71910 wdt:P400 ?X . ?X wdt:P730 ?answer}
What type of business does Nintendo work on?,select distinct ?obj where { wd:Q8093 wdt:P199 ?obj . ?obj wdt:P31 wd:Q334453 }
What award did Milton Friedman receive in 1976?,"SELECT ?obj WHERE { wd:Q47426 p:P166 ?s . ?s ps:P166 ?obj . ?s pq:P585 ?x filter(contains(YEAR(?x),'1976')) }"
In which {sister city} was {Emo Philips} {born at}?,SELECT ?answer WHERE { wd:Q2422570 wdt:P19 ?X . ?X wdt:P190 ?answer}
How many parent taxons are attributed to Squamata?,SELECT (COUNT(?sub) AS ?value ) { ?sub wdt:P171 wd:Q122422 }
Who is {wedded to} {chairperson} of {38th César Awards} ?,SELECT ?answer WHERE { wd:Q2263724 wdt:P488 ?X . ?X wdt:P26 ?answer}
What is the opposite of Atheism?,select distinct ?obj where { wd:Q7066 wdt:P461 ?obj . ?obj wdt:P31 wd:Q49447 }
How does gene expression regulate molecular biology?,SELECT (COUNT(?sub) AS ?value ) { ?sub wdt:P128 wd:Q26972 }
How many students does Jacques-Louis David teach?,SELECT (COUNT(?obj) AS ?value ) { wd:Q83155 wdt:P802 ?obj }
How many academic major subjects required for {jurisprudence} ?,SELECT (COUNT(?sub) AS ?value ) { ?sub wdt:P812 wd:Q4932206 }
What parliamentary group had Michael Collins as Deputy to the Dáil ?,SELECT ?value WHERE { wd:Q173196 p:P39 ?s . ?s ps:P39 wd:Q654291 . ?s pq:P4100 ?value}
Tell me the mathematical model that contains the word theory in their name,"SELECT DISTINCT ?sbj ?sbj_label WHERE { ?sbj wdt:P31 wd:Q486902 . ?sbj rdfs:label ?sbj_label . FILTER(CONTAINS(lcase(?sbj_label), 'theory')) . FILTER (lang(?sbj_label) = 'en') } LIMIT 25"
Which is the mineral variety that starts with the letter z?,"SELECT DISTINCT ?sbj ?sbj_label WHERE { ?sbj wdt:P31 wd:Q429795 . ?sbj rdfs:label ?sbj_label . FILTER(STRSTARTS(lcase(?sbj_label), 'z')) . FILTER (lang(?sbj_label) = 'en') } LIMIT 25"
Tell me the branch of biology that contains the word virology in their name,"SELECT DISTINCT ?sbj ?sbj_label WHERE { ?sbj wdt:P31 wd:Q28598684 . ?sbj rdfs:label ?sbj_label . FILTER(CONTAINS(lcase(?sbj_label), 'virology')) . FILTER (lang(?sbj_label) = 'en') } LIMIT 25"
"Name a member of Christopher Hill, whose Institution template is Hungarian Academy of Sciences, Budapest?","SELECT ?answer WHERE { wd:Q719787 wdt:P463 ?answer . ?answer wdt:P1612 ?x FILTER(contains(?x,'Hungarian Academy of Sciences, Budapest'))}"
"Who gave the{son of} of {son of} of {William FitzMaurice, 2nd Earl of Kerry} ?",SELECT ?answer WHERE { wd:Q8009095 wdt:P25 ?X . ?X wdt:P22 ?answer}
Was J. G. Ballard born in the People's Republic of China?,SELECT ?obj WHERE { wd:Q140201 p:P19 ?s . ?s ps:P19 ?obj . ?s pq:P17 wd:Q148 }
Who designed and manufactures the M16 rifle?,SELECT ?ans_1 ?ans_2 WHERE { wd:Q170318 wdt:P287 ?ans_1 . wd:Q170318 wdt:P176 ?ans_2 }
What Jacques Kallis sports team member started in 1997?,"SELECT ?obj WHERE { wd:Q982650 p:P54 ?s . ?s ps:P54 ?obj . ?s pq:P580 ?x filter(contains(YEAR(?x),'1997')) }"
WHICH IS THE MUNICIPALITY OF GERMANY THAT STARTS WITH W,"SELECT DISTINCT ?sbj ?sbj_label WHERE { ?sbj wdt:P31 wd:Q262166 . ?sbj rdfs:label ?sbj_label . FILTER(STRSTARTS(lcase(?sbj_label), 'w')) . FILTER (lang(?sbj_label) = 'en') } LIMIT 25"
What is the graduating class of the actress Richy Guitar?,SELECT ?answer WHERE { wd:Q2151518 wdt:P161 ?X . ?X wdt:P69 ?answer}
What group did the brothers of Fabio Ochoa Vasquez belong to?,SELECT ?answer WHERE { wd:Q329722 wdt:P3373 ?X . ?X wdt:P463 ?answer}
Which republic with the a minimal nominal GDP is a member of the International Finance Corporation?,select ?ent where { ?ent wdt:P31 wd:Q7270 . ?ent wdt:P2131 ?obj . ?ent wdt:P463 wd:Q656801} ORDER BY ASC(?obj)LIMIT 5
Tell me hypothesis whose name has the word substratum in it.,"SELECT DISTINCT ?sbj ?sbj_label WHERE { ?sbj wdt:P31 wd:Q41719 . ?sbj rdfs:label ?sbj_label . FILTER(CONTAINS(lcase(?sbj_label), 'substratum')) . FILTER (lang(?sbj_label) = 'en') } LIMIT 25"
How many vegan cuisines are there?,SELECT (COUNT(?sub) AS ?value ) { ?sub wdt:P2012 wd:Q181138 }
What is the name of a dwarf planet that starts with the letter p.,"SELECT DISTINCT ?sbj ?sbj_label WHERE { ?sbj wdt:P31 wd:Q2199 . ?sbj rdfs:label ?sbj_label . FILTER(STRSTARTS(lcase(?sbj_label), 'p')) . FILTER (lang(?sbj_label) = 'en') } LIMIT 25"
What are the working languages of the Indian Reservation of the Usti and Labem Region?,SELECT ?answer WHERE { wd:Q192702 wdt:P131 ?X . ?X wdt:P2936 ?answer}
What academic degree if Mary Leakey earn in 1968?,"SELECT ?obj WHERE { wd:Q231111 p:P512 ?s . ?s ps:P512 ?obj . ?s pq:P585 ?x filter(contains(YEAR(?x),'1968')) }"
"Who are the women who voiced part of Naked to the Limit, One More Time?",SELECT ?answer WHERE { wd:Q51164989 wdt:P179 ?X . ?X wdt:P725 ?answer}
What death place of Sigismund III Vasa is associated with people from Warsaw.,SELECT ?answer WHERE { wd:Q52940 wdt:P20 ?answer . ?answer wdt:P1792 wd:Q6892108}
"Who is Mongolia in diplomatic relations with, that has it local government in Hubei?",SELECT ?answer WHERE { wd:Q711 wdt:P530 ?answer . ?answer wdt:P150 wd:Q46862}
Name an actor in Friends,select distinct ?obj where { wd:Q79784 wdt:P161 ?obj . ?obj wdt:P31 wd:Q5 }
Which ship has the most masts?,select ?ent where { ?ent wdt:P31 wd:Q11446 . ?ent wdt:P1099 ?obj } ORDER BY DESC(?obj)LIMIT 5
Who is the {gene} for {genetic association} of {allergic rhinitis},select distinct ?obj where { wd:Q272436 wdt:P2293 ?obj . ?obj wdt:P31 wd:Q7187 }
Who did Juan Domingo Perón get married to on 1929-1-5?,"SELECT ?obj WHERE { wd:Q93330 p:P26 ?s . ?s ps:P26 ?obj . ?s pq:P580 ?x filter(contains(YEAR(?x),'1929')) }"
What is the occupation of Rachel Sylvester?,SELECT ?answer WHERE { wd:Q7279421 wdt:P106 ?X . ?X wdt:P425 ?answer}
"According to the census, what is the population of the Antofagasta Region?",SELECT ?obj WHERE { wd:Q2118 p:P1082 ?s . ?s ps:P1082 ?obj . ?s pq:P459 wd:Q39825 }
What's the original language for Close Encounters of the Third Kind?,SELECT (COUNT(?obj) AS ?value ) { wd:Q320588 wdt:P364 ?obj }
"What is the gender of Cecilia Bartoli, which has the abbreviation 'жін'?","SELECT ?answer WHERE { wd:Q18828 wdt:P21 ?answer . ?answer wdt:P1813 ?x FILTER(contains(?x,'жін'))}"
What was the population of Mississippi as of the year 2000?,"SELECT ?obj WHERE { wd:Q1494 p:P1082 ?s . ?s ps:P1082 ?obj . ?s pq:P585 ?x filter(contains(YEAR(?x),'2000')) }"
What is David Bowie's album?,select distinct ?sbj where { ?sbj wdt:P162 wd:Q5383 . ?sbj wdt:P31 wd:Q482994 }
Which taxon has the largest basic reproduction number?,select ?ent where { ?ent wdt:P31 wd:Q16521 . ?ent wdt:P3492 ?obj } ORDER BY DESC(?obj)LIMIT 5
For what country and position does Allen Iverson play?,SELECT ?ans_1 ?ans_2 WHERE { wd:Q190094 wdt:P1532 ?ans_1 . wd:Q190094 wdt:P413 ?ans_2 }
When did Howard Hawks marriage to Dee Hartford end?,SELECT ?value WHERE { wd:Q51581 p:P26 ?s . ?s ps:P26 wd:Q5249911 . ?s pq:P582 ?value}
When did Luhansk Oblast stop having a short name in April 1970?,"SELECT ?obj WHERE { wd:Q171965 p:P1813 ?s . ?s ps:P1813 ?obj . ?s pq:P582 ?x filter(contains(YEAR(?x),'1970')) }"
Who was the Church of Jesus Christ of Latter day Saints founder and who owns it?,SELECT ?ans_1 ?ans_2 WHERE { wd:Q42504 wdt:P1830 ?ans_1 . wd:Q42504 wdt:P112 ?ans_2 }
What is painting  of coat  arms of Overbetuwe ?,SELECT ?answer WHERE { wd:Q600871 wdt:P237 ?X . ?X wdt:P180 ?answer}
What proportion of Toyota's overall business is represented by the subsidiary Toyota Motor Manufacturing Texas?,SELECT ?value WHERE { wd:Q53268 p:P355 ?s . ?s ps:P355 wd:Q7830832 . ?s pq:P1107 ?value}
What is the { start time } for { Jakarta } as { Tokyo } has { twined administrative body }?,SELECT ?value WHERE { wd:Q3630 p:P190 ?s . ?s ps:P190 wd:Q1490 . ?s pq:P580 ?value}
What is the population of Madagascar in the year 1999?,"SELECT ?obj WHERE { wd:Q1019 p:P1082 ?s . ?s ps:P1082 ?obj . ?s pq:P585 ?x filter(contains(YEAR(?x),'1999')) }"
Which is the territory of Australia that has New Year's Day as public holiday and whose name contains the word territory?,"SELECT DISTINCT ?sbj ?sbj_label WHERE { ?sbj wdt:P31 wd:Q14192199 . ?sbj wdt:P832 wd:Q196627 . ?sbj rdfs:label ?sbj_label . FILTER(CONTAINS(lcase(?sbj_label), 'territory')) . FILTER (lang(?sbj_label) = 'en') } LIMIT 25"
What is next to the place of work of Alfred Stieglitz?,SELECT ?answer WHERE { wd:Q313055 wdt:P937 ?X . ?X wdt:P47 ?answer}
What {subject has role} which {physically interacts with} of {Dopamine} ?,SELECT ?ans_1 ?ans_2 WHERE { wd:Q170304 wdt:P2868 ?ans_1 . wd:Q170304 wdt:P129 ?ans_2 }
"What is the first name of John Lothrop Motley, that is the equivalent of Gianni?",SELECT ?answer WHERE { wd:Q689281 wdt:P735 ?answer . ?answer wdt:P460 wd:Q18393856}
"What is the headquarters of Ghent University, whose telephone prefix is 09?","SELECT ?answer WHERE { wd:Q1137665 wdt:P159 ?answer . ?answer wdt:P473 ?x FILTER(contains(?x,'09'))}"
When did the twinned administrative body of Rosario start in the year 1993?,"SELECT ?obj WHERE { wd:Q52535 p:P190 ?s . ?s ps:P190 ?obj . ?s pq:P580 ?x filter(contains(YEAR(?x),'1993')) }"
What is the dimension of works by Jean Racine?,SELECT ?answer WHERE { wd:Q742 wdt:P800 ?X . ?X wdt:P2043 ?answer}
"What is the ammunition of the weapon, that has been used in the war in Southeast Asia?",SELECT ?answer WHERE { wd:Q864060 wdt:P739 ?answer . ?answer wdt:P607 wd:Q8740}
What is the ethnic background of Mesrop Mashtots?,SELECT ?answer WHERE { wd:Q104804 wdt:P172 ?X . ?X wdt:P140 ?answer}
Who is the founder of Alexander McQueen?,SELECT ?answer WHERE { wd:Q207939 wdt:P108 ?X . ?X wdt:P112 ?answer}
Tell me  television station whose name has the word åland24  in it.,"SELECT DISTINCT ?sbj ?sbj_label WHERE { ?sbj wdt:P31 wd:Q1616075 . ?sbj rdfs:label ?sbj_label . FILTER(CONTAINS(lcase(?sbj_label), 'åland24')) . FILTER (lang(?sbj_label) = 'en') } LIMIT 25"
What type of taxon was the proximate outcome of the Black Death?,SELECT ?answer WHERE { wd:Q42005 wdt:P1478 ?X . ?X wdt:P105 ?answer}
What is the trend  of the professor  of Aratus ?,SELECT ?answer WHERE { wd:Q180671 wdt:P1066 ?X . ?X wdt:P135 ?answer}
Tell me aircraft family whose name has the word wapiti in it.,"SELECT DISTINCT ?sbj ?sbj_label WHERE { ?sbj wdt:P31 wd:Q15056993 . ?sbj rdfs:label ?sbj_label . FILTER(CONTAINS(lcase(?sbj_label), 'wapiti')) . FILTER (lang(?sbj_label) = 'en') } LIMIT 25"
where did Jammu_and_Kashmir office hold by head of state and office hold by head of government?,SELECT ?ans_1 ?ans_2 WHERE { wd:Q1180 wdt:P1906 ?ans_1 . wd:Q1180 wdt:P1313 ?ans_2 }
Which award did Michael Spence receive alongside Joseph E. Stiglitz?,SELECT ?obj WHERE { wd:Q157245 p:P166 ?s . ?s ps:P166 ?obj . ?s pq:P1706 wd:Q18430 }
Who is the leader of the honor of the Colour of My Love?,SELECT ?answer WHERE { wd:Q939286 wdt:P166 ?X . ?X wdt:P1346 ?answer}
What is Abu Hanifa Dinawari's field of this profession of botany?,SELECT ?answer WHERE { wd:Q293520 wdt:P106 ?answer . ?answer wdt:P425 wd:Q441}
Where was Pays de la Loire shares border with on 2015-12-31?,"SELECT ?obj WHERE { wd:Q16994 p:P47 ?s . ?s ps:P47 ?obj . ?s pq:P582 ?x filter(contains(YEAR(?x),'2015')) }"
What is an attendee of the Russian Air Force called?,SELECT ?answer WHERE { wd:Q209833 wdt:P607 ?X . ?X wdt:P710 ?answer}
Tell me rapid transit  whose name has the word subway in it.,"SELECT DISTINCT ?sbj ?sbj_label WHERE { ?sbj wdt:P31 wd:Q5503 . ?sbj rdfs:label ?sbj_label . FILTER(CONTAINS(lcase(?sbj_label), 'subway')) . FILTER (lang(?sbj_label) = 'en') } LIMIT 25"
WHERE IS PATRON SAINT OF PLACE OF RESIDENCE OF JULIUS CAESAR?,SELECT ?answer WHERE { wd:Q1048 wdt:P551 ?X . ?X wdt:P417 ?answer}
Mention the film based on the description of Batman,select distinct ?sbj where { ?sbj wdt:P144 wd:Q2695156 . ?sbj wdt:P31 wd:Q11424 }
Which is the historical aspect of the facet of Hungary?,select distinct ?sbj where { ?sbj wdt:P1269 wd:Q9067 . ?sbj wdt:P31 wd:Q17524420 }
Who has arrondissements to the district of Concord?,SELECT ?answer WHERE { wd:Q28249 wdt:P131 ?X . ?X wdt:P150 ?answer}
What does Air China build?,SELECT ?answer WHERE { wd:Q51747 wdt:P121 ?X . ?X wdt:P186 ?answer}
How many software programs are written in PHP?,SELECT (COUNT(?sub) AS ?value ) { ?sub wdt:P1547 wd:Q59 }
How many have been affected by cancer?,SELECT (COUNT(?sub) AS ?value ) { ?sub wdt:P1542 wd:Q12078 }
What award did Colin Powell receive on 1991-0-0?,"SELECT ?obj WHERE { wd:Q150851 p:P166 ?s . ?s ps:P166 ?obj . ?s pq:P585 ?x filter(contains(YEAR(?x),'1991')) }"
Which book follows Exodus in the Bible?,select distinct ?obj where { wd:Q9190 wdt:P155 ?obj . ?obj wdt:P31 wd:Q29154430 }
Which area is the Cremation of Role Model C.S.Lewis?,SELECT ?answer WHERE { wd:Q9204 wdt:P737 ?X . ?X wdt:P20 ?answer}
What was the population of Egypt in 1975?,"SELECT ?obj WHERE { wd:Q79 p:P1082 ?s . ?s ps:P1082 ?obj . ?s pq:P585 ?x filter(contains(YEAR(?x),'1975')) }"
what is the replaced by  Kevin Rudd has position held as Prime Minister of Australia ?,SELECT ?value WHERE { wd:Q43135 p:P39 ?s . ?s ps:P39 wd:Q319145 . ?s pq:P1366 ?value}
Who was the head of government in New Jersey beginning in 1935-1-15?W,"SELECT ?obj WHERE { wd:Q1408 p:P6 ?s . ?s ps:P6 ?obj . ?s pq:P580 ?x filter(contains(YEAR(?x),'1935')) }"
For which American football team is Bill Belichick playing,select distinct ?obj where { wd:Q720027 wdt:P54 ?obj . ?obj wdt:P31 wd:Q17156793 }
Which sports league is the Romain Inex team a part of?,SELECT ?answer WHERE { wd:Q3440678 wdt:P54 ?X . ?X wdt:P118 ?answer}
What are the poem which start with the letter t,"SELECT DISTINCT ?sbj ?sbj_label WHERE { ?sbj wdt:P31 wd:Q5185279 . ?sbj rdfs:label ?sbj_label . FILTER(STRSTARTS(lcase(?sbj_label), 't')) . FILTER (lang(?sbj_label) = 'en') } LIMIT 25"
Who is responsible for legislating Seaview Range?,SELECT ?answer WHERE { wd:Q2262451 wdt:P4552 ?X . ?X wdt:P2348 ?answer}
"Who are the founders of Symantec, that have the surname Hendrix?",SELECT ?answer WHERE { wd:Q677085 wdt:P112 ?answer . ?answer wdt:P734 wd:Q16870694}
What were the circumstances of death of the murderer of Minotaur?,SELECT ?answer WHERE { wd:Q129866 wdt:P157 ?X . ?X wdt:P1196 ?answer}
What are the type of food or dish that contains the word torta in their name,"SELECT DISTINCT ?sbj ?sbj_label WHERE { ?sbj wdt:P31 wd:Q19861951 . ?sbj rdfs:label ?sbj_label . FILTER(CONTAINS(lcase(?sbj_label), 'torta')) . FILTER (lang(?sbj_label) = 'en') } LIMIT 25"
In what field did Zubin Mehta receive the Padma Vibhushan award?,SELECT ?value WHERE { wd:Q157635 p:P166 ?s . ?s ps:P166 wd:Q672392 . ?s pq:P101 ?value}
What is the geography of Yosemite Falls National Park?,SELECT ?answer WHERE { wd:Q491677 wdt:P3018 ?answer . ?answer wdt:P2633 wd:Q5535275}
"""What instrument does Frank Sinatra play that was created by Manuel Nunes?""",SELECT ?answer WHERE { wd:Q40912 wdt:P1303 ?answer . ?answer wdt:P61 wd:Q21850546}
What portion of the population of Nijmegen is titled Bevolkingsontwikkeling,"SELECT ?obj WHERE { wd:Q47887 p:P1082 ?s . ?s ps:P1082 ?obj . ?s pq:P1476 ?x filter(contains(?x,'Bevolkingsontwikkeling; regio per maand')) }"
What is a song by the band No Quarter?,SELECT ?answer WHERE { wd:Q2727272 wdt:P86 ?X . ?X wdt:P463 ?answer}
Ireland  has how many ancestral homes?,SELECT (COUNT(?sub) AS ?value ) { ?sub wdt:P66 wd:Q27 }
What political murder involved Sirhan Sirhan?,select distinct ?obj where { wd:Q297112 wdt:P793 ?obj . ?obj wdt:P31 wd:Q1139665 }
Who is the person for the military branch of KGB?,select distinct ?sbj where { ?sbj wdt:P241 wd:Q80919 . ?sbj wdt:P31 wd:Q5 }
"Name a newscast program that contains the word "" weather"" in its name","SELECT DISTINCT ?sbj ?sbj_label WHERE { ?sbj wdt:P31 wd:Q1358344 . ?sbj rdfs:label ?sbj_label . FILTER(CONTAINS(lcase(?sbj_label), 'weather')) . FILTER (lang(?sbj_label) = 'en') } LIMIT 25"
"What is the antonym of hypotension, which can be treated with esmolol?",SELECT ?answer WHERE { wd:Q275419 wdt:P461 ?answer . ?answer wdt:P2176 wd:Q418139}
Tell meacademic major whose name has the word theory in it.,"SELECT DISTINCT ?sbj ?sbj_label WHERE { ?sbj wdt:P31 wd:Q4671286 . ?sbj rdfs:label ?sbj_label . FILTER(CONTAINS(lcase(?sbj_label), 'theory')) . FILTER (lang(?sbj_label) = 'en') } LIMIT 25"
What is the official language of Syrian?,SELECT ?answer WHERE { wd:Q200608 wdt:P2348 ?X . ?X wdt:P1705 ?answer}
How many game modes are there in a multiplayer video game?,SELECT (COUNT(?sub) AS ?value ) { ?sub wdt:P404 wd:Q6895044 }
Which head quarters of Miss International is next to Chiba Prefecture?,SELECT ?answer WHERE { wd:Q475660 wdt:P159 ?answer . ?answer wdt:P47 wd:Q80011}
What was Verona's population in 1981?,"SELECT ?obj WHERE { wd:Q2028 p:P1082 ?s . ?s ps:P1082 ?obj . ?s pq:P585 ?x filter(contains(YEAR(?x),'1981')) }"
Who is Rodrigo Duterte's father?,select distinct ?sbj where { ?sbj wdt:P22 wd:Q457786 . ?sbj wdt:P31 wd:Q5 }
"Who is the daughter-in-law of Frederick III, Holy Roman Emperor, whose sister or brother is Friedrich von Brandenburg-Ansbach?",SELECT ?answer WHERE { wd:Q150966 wdt:P1038 ?answer . ?answer wdt:P3373 wd:Q1463615}
What is the human population or location of narrative or white teeth?,SELECT ?answer WHERE { wd:Q866980 wdt:P840 ?X . ?X wdt:P1082 ?answer}
"Name a royal rank in Ancient Egypt that contains the word ""pharaoh"" in its name","SELECT DISTINCT ?sbj ?sbj_label WHERE { ?sbj wdt:P31 wd:Q355567 . ?sbj wdt:P1001 wd:Q11768 . ?sbj rdfs:label ?sbj_label . FILTER(CONTAINS(lcase(?sbj_label), 'pharaoh')) . FILTER (lang(?sbj_label) = 'en') } LIMIT 25"
What is the number for Moses Malone when he played for the Houston Rockets?,SELECT ?value WHERE { wd:Q316179 p:P54 ?s . ?s ps:P54 wd:Q161345 . ?s pq:P1618 ?value}
What is {studied by} the {manifestation of} of {Human_body} ?,SELECT ?ans_1 ?ans_2 WHERE { wd:Q23852 wdt:P2579 ?ans_1 . wd:Q23852 wdt:P1557 ?ans_2 }
How many categories combine topics of Pereira?,SELECT (COUNT(?sub) AS ?value ) { ?sub wdt:P971 wd:Q51111 }
tell me chartered company starts with c,"SELECT DISTINCT ?sbj ?sbj_label WHERE { ?sbj wdt:P31 wd:Q162157 . ?sbj rdfs:label ?sbj_label . FILTER(STRSTARTS(lcase(?sbj_label), 'c')) . FILTER (lang(?sbj_label) = 'en') } LIMIT 25"
"What is the male of Adam, that has abreviated name of o?","SELECT ?answer WHERE { wd:Q70899 wdt:P21 ?answer . ?answer wdt:P1813 ?x FILTER(contains(?x,'♂'))}"
How many siblings did Edward III of England have?,SELECT (COUNT(?obj) AS ?value ) { wd:Q129247 wdt:P3373 ?obj }
How many fields of work were there in the middle ages?,SELECT (COUNT(?sub) AS ?value ) { ?sub wdt:P101 wd:Q12554 }
Which Yemen village has the largest number of females?,select ?ent where { ?ent wdt:P31 wd:Q28371991 . ?ent wdt:P1539 ?obj } ORDER BY DESC(?obj)LIMIT 5
What disciplines study Hebrew?,select distinct ?sbj where { ?sbj wdt:P2578 wd:Q9288 . ?sbj wdt:P31 wd:Q11862829 }
What countries speak english?,select distinct ?sbj where { ?sbj wdt:P37 wd:Q1860 . ?sbj wdt:P31 wd:Q202686 }
When was Natalia Makarova nominated for the Laurence Olivier Award for Best Actress in a Musical?,SELECT ?value WHERE { wd:Q267796 p:P1411 ?s . ?s ps:P1411 wd:Q6500775 . ?s pq:P585 ?value}
Who is the member of Münster since 1993-0-0?,"SELECT ?obj WHERE { wd:Q2742 p:P463 ?s . ?s ps:P463 ?obj . ?s pq:P580 ?x filter(contains(YEAR(?x),'1993')) }"
Who was Franz Schubert's student?,select distinct ?obj where { wd:Q7312 wdt:P1066 ?obj . ?obj wdt:P31 wd:Q5 }
Which medical subfield studies cancer?,select distinct ?obj where { wd:Q12078 wdt:P1995 ?obj . ?obj wdt:P31 wd:Q930752 }
Name the Wikimedia categorization for the employees of the Princeton University organization.,select distinct ?obj where { wd:Q21578 wdt:P4195 ?obj . ?obj wdt:P31 wd:Q4167836 }
When was Anthony Munoz joined as a member to USC Trojans football team?,SELECT ?value WHERE { wd:Q504859 p:P54 ?s . ?s ps:P54 wd:Q7866357 . ?s pq:P580 ?value}
How many executives held by the capital state {Romania} ?,SELECT (COUNT(?obj) AS ?value ) { wd:Q218 wdt:P1906 ?obj }
"""What is {is in the principal area of} of {Flevoland}, whose {member of} is {Australia Group} ?""",SELECT ?answer WHERE { wd:Q707 wdt:P131 ?answer . ?answer wdt:P463 wd:Q782942}
Who are the cast members of Die Hard,select distinct ?obj where { wd:Q105598 wdt:P161 ?obj . ?obj wdt:P31 wd:Q5 }
Who studied the musical score Mozart's Requiem?,SELECT ?answer WHERE { wd:Q207875 wdt:P86 ?X . ?X wdt:P802 ?answer}
What award did Barbara Cook receive in 1955?,"SELECT ?obj WHERE { wd:Q2883930 p:P166 ?s . ?s ps:P166 ?obj . ?s pq:P585 ?x filter(contains(YEAR(?x),'1955')) }"
What art exhibition was Vincent van Gogh a participant in?,select distinct ?sbj where { ?sbj wdt:P710 wd:Q5582 . ?sbj wdt:P31 wd:Q667276 }
When did Bill Russell receive the NBA most valuable player award?,SELECT ?value WHERE { wd:Q242185 p:P166 ?s . ?s ps:P166 wd:Q222047 . ?s pq:P585 ?value}
Is Estadio do Maracana a home venue?,SELECT (COUNT(?sub) AS ?value ) { ?sub wdt:P115 wd:Q155174 }
How many mountains classifications are there in the {Chris Froome} ?,SELECT (COUNT(?sub) AS ?value ) { ?sub wdt:P4320 wd:Q319591 }
What is the quasar with the highest redshift whose discoverer or inventor is William Herschel?,select ?ent where { ?ent wdt:P31 wd:Q83373 . ?ent wdt:P1090 ?obj . ?ent wdt:P61 wd:Q14277 } ORDER BY DESC(?obj)LIMIT 5
What year was Nicki Minaj  nominated a Grammy Award for the Album of the year?,SELECT ?value WHERE { wd:Q162202 p:P1411 ?s . ?s ps:P1411 wd:Q904528 . ?s pq:P585 ?value}
Who is Elizabeth II's proxy in Canada?,SELECT ?value WHERE { wd:Q9682 p:P39 ?s . ?s ps:P39 wd:Q14931511 . ?s pq:P1393 ?value}
When did Perpignan start as twinned administrative body as Tyre?,SELECT ?value WHERE { wd:Q6730 p:P190 ?s . ?s ps:P190 wd:Q82070 . ?s pq:P580 ?value}
What award did Brokeback Mountain receive in the 78th Academy Awards?,SELECT ?obj WHERE { wd:Q160618 p:P166 ?s . ?s ps:P166 ?obj . ?s pq:P805 wd:Q319132 }
What is a type of food or dish that starts with the letter t?,"SELECT DISTINCT ?sbj ?sbj_label WHERE { ?sbj wdt:P31 wd:Q19861951 . ?sbj rdfs:label ?sbj_label . FILTER(STRSTARTS(lcase(?sbj_label), 't')) . FILTER (lang(?sbj_label) = 'en') } LIMIT 25"
Who is the wife of Pierre Curie that is married him in Sceaux?,SELECT ?obj WHERE { wd:Q37463 p:P26 ?s . ?s ps:P26 ?obj . ?s pq:P2842 wd:Q370498 }
What is the category for employees of the organization and the member of of Yale_University ?,SELECT ?ans_1 ?ans_2 WHERE { wd:Q49112 wdt:P4195 ?ans_1 . wd:Q49112 wdt:P463 ?ans_2 }
"What was the cause of Lady Godiva's death on September 10, 1067?","SELECT ?value WHERE { wd:Q106077 p:P570 ?s . ?s ps:P570 ?x filter(contains(YEAR(?x),'1067')) . ?s pq:P1480 ?value}"
How many {handles} are there for {The Night Watch}?,SELECT (COUNT(?obj) AS ?value ) { wd:Q219831 wdt:P1184 ?obj }
For what work did W.H. Auden receive the Pulitzer Prize for Poetry?,SELECT ?value WHERE { wd:Q178698 p:P166 ?s . ?s ps:P166 wd:Q2117891 . ?s pq:P1686 ?value}
What has Jon Landau of Avatar fame been nominated for?,SELECT ?obj WHERE { wd:Q24871 p:P1411 ?s . ?s ps:P1411 ?obj . ?s pq:P2453 wd:Q132451 }
Who gave the{established by} of {resting place} of {Arkadi Suvorov} ?,SELECT ?answer WHERE { wd:Q4445142 wdt:P119 ?X . ?X wdt:P112 ?answer}
What position does the nominee for 'One Ok Rock' currently hold?,SELECT ?answer WHERE { wd:Q1072736 wdt:P1411 ?X . ?X wdt:P1346 ?answer}
Who is the husband of the costume designer from The Fuller Brush Girl?,SELECT ?answer WHERE { wd:Q3604163 wdt:P2515 ?X . ?X wdt:P26 ?answer}
What sports team was Viv Richards a member of until 1977-0-0?,"SELECT ?obj WHERE { wd:Q738016 p:P54 ?s . ?s ps:P54 ?obj . ?s pq:P582 ?x filter(contains(YEAR(?x),'1977')) }"
"What is the { start time } for { Arthur Wellesley, 1st Duke of Wellington } as { Prime Minister of the United Kingdom }?",SELECT ?value WHERE { wd:Q131691 p:P39 ?s . ?s ps:P39 wd:Q14211 . ?s pq:P580 ?value}
What time zone is Salerno located in at UTC+02:00?,SELECT ?value WHERE { wd:Q1083 p:P421 ?s . ?s ps:P421 wd:Q6723 . ?s pq:P1264 ?value}
Which is the game mode that contains the word versus in it's name?,"SELECT DISTINCT ?sbj ?sbj_label WHERE { ?sbj wdt:P31 wd:Q1971694 . ?sbj rdfs:label ?sbj_label . FILTER(CONTAINS(lcase(?sbj_label), 'versus')) . FILTER (lang(?sbj_label) = 'en') } LIMIT 25"
"What association football league that starts with the letter ""s"" is organized by the Italian Football Federation?","SELECT DISTINCT ?sbj ?sbj_label WHERE { ?sbj wdt:P31 wd:Q15991303 . ?sbj wdt:P664 wd:Q201897 . ?sbj rdfs:label ?sbj_label . FILTER(STRSTARTS(lcase(?sbj_label), 's')) . FILTER (lang(?sbj_label) = 'en') } LIMIT 25"
What is DRTL?,SELECT ?answer WHERE { wd:Q133279 wdt:P654 ?X . ?X wdt:P461 ?answer}
who is the {mother} for {Will Smith} that has {child} as {Willow Smith} ?,SELECT ?value WHERE { wd:Q40096 p:P40 ?s . ?s ps:P40 wd:Q298209 . ?s pq:P25 ?value}
Who is the family and father of Rollo?,SELECT ?ans_1 ?ans_2 WHERE { wd:Q273773 wdt:P53 ?ans_1 . wd:Q273773 wdt:P22 ?ans_2 }
What were people born in the Ottoman Empire called?,select distinct ?sbj where { ?sbj wdt:P27 wd:Q12560 . ?sbj wdt:P31 wd:Q5 }
Which programming language did Grace Hopper create?,select distinct ?sbj where { ?sbj wdt:P287 wd:Q11641 . ?sbj wdt:P31 wd:Q9143 }
How many crystal systems are in an amorphous solid?,SELECT (COUNT(?sub) AS ?value ) { ?sub wdt:P556 wd:Q103382 }
What is the home venue of the New York Yankees?,SELECT (COUNT(?obj) AS ?value ) { wd:Q213417 wdt:P115 ?obj }
Who gave the {speakers of language} of {second language} of {Juan Sebastián Elcano} ?,SELECT ?answer WHERE { wd:Q201510 wdt:P1412 ?X . ?X wdt:P1098 ?answer}
Which album has Ellen DeGeneres produced?,select distinct ?sbj where { ?sbj wdt:P162 wd:Q483325 . ?sbj wdt:P31 wd:Q482994 }
What is the award with the lowest maximum age whose for work is landscape architecture?,select ?ent where { ?ent wdt:P31 wd:Q618779 . ?ent wdt:P4135 ?obj . ?ent wdt:P1686 wd:Q47844} ORDER BY ASC(?obj)LIMIT 5
Where did Jessica Alba get married where Cash Garner Warren was the spouse?,SELECT ?value WHERE { wd:Q44077 p:P26 ?s . ?s ps:P26 wd:Q924620 . ?s pq:P2842 ?value}
What was located in the territory of Orenburg until 1782?,"SELECT ?obj WHERE { wd:Q5337 p:P131 ?s . ?s ps:P131 ?obj . ?s pq:P582 ?x filter(contains(YEAR(?x),'1782')) }"
"What city and division did James, son of Alphaeus die?",SELECT ?answer WHERE { wd:Q44047 wdt:P20 ?X . ?X wdt:P150 ?answer}
"Who did Alejandro Sanz marry on May 26, 2012?","SELECT ?obj WHERE { wd:Q276170 p:P26 ?s . ?s ps:P26 ?obj . ?s pq:P580 ?x filter(contains(YEAR(?x),'2012')) }"
Which bridge is upstream of the London bridge,select distinct ?obj where { wd:Q130206 wdt:P2673 ?obj . ?obj wdt:P31 wd:Q1055465 }
How much market capitalization are for JPMorgan Chase?,SELECT (COUNT(?obj) AS ?value ) { wd:Q192314 wdt:P2226 ?obj }
What is the governor of the citizens of Barbara Stanwyck ?,SELECT ?answer WHERE { wd:Q94002 wdt:P27 ?X . ?X wdt:P6 ?answer}
When did Lisbon become the capital of the Portuguese Empire?,SELECT ?value WHERE { wd:Q200464 p:P36 ?s . ?s ps:P36 wd:Q597 . ?s pq:P580 ?value}
How many captains are there for the Montreal Canadiens?,SELECT (COUNT(?obj) AS ?value ) { wd:Q188143 wdt:P634 ?obj }
Who was the person behind the sponsorship of Vincent van Gogh,select distinct ?obj where { wd:Q5582 wdt:P859 ?obj . ?obj wdt:P31 wd:Q5 }
What is the literary work that stars The Cider House Rules?,SELECT ?answer WHERE { wd:Q648977 wdt:P161 ?X . ?X wdt:P800 ?answer}
Who began the International Olympic Committee?,select distinct ?obj where { wd:Q40970 wdt:P112 ?obj . ?obj wdt:P31 wd:Q5 }
Who is the person with the lowest score in ski jumping.,select ?ent where { ?ent wdt:P31 wd:Q5 . ?ent wdt:P2415 ?obj . ?ent wdt:P641 wd:Q7718} ORDER BY ASC(?obj)LIMIT 5
What is the statistical system for Hebrew,select distinct ?sbj where { ?sbj wdt:P37 wd:Q9288 . ?sbj wdt:P31 wd:Q55456485 }
What was Ludwig van Beethoven a student of and who was a student?,SELECT ?ans_1 ?ans_2 WHERE { wd:Q255 wdt:P1066 ?ans_1 . wd:Q255 wdt:P802 ?ans_2 }
who major works of coined of rubik’s tangle?,SELECT ?answer WHERE { wd:Q2171608 wdt:P61 ?X . ?X wdt:P800 ?answer}
How many armaments are pistols?,SELECT (COUNT(?sub) AS ?value ) { ?sub wdt:P520 wd:Q1907525 }
"When did Pavel Nakhimov receive the Order of St. George, 2nd class award?",SELECT ?value WHERE { wd:Q345365 p:P166 ?s . ?s ps:P166 wd:Q14905807 . ?s pq:P585 ?value}
What Canadian river has its discharge located in Whitefield?,SELECT ?obj WHERE { wd:Q597753 p:P2225 ?s . ?s ps:P2225 ?obj . ?s pq:P276 wd:Q2380417 }
Who first described the element osmium and was born in Selby?,SELECT ?answer WHERE { wd:Q751 wdt:P61 ?answer . ?answer wdt:P19 wd:Q527846}
Who created the fictional universe of Doctor Doom?,SELECT ?ans_1 ?ans_2 WHERE { wd:Q430178 wdt:P170 ?ans_1 . wd:Q430178 wdt:P1080 ?ans_2 }
Who played the wife of Basil Fawlty?,SELECT ?answer WHERE { wd:Q1766187 wdt:P26 ?X . ?X wdt:P1441 ?answer}
"When was Charles VI, Holy Roman Emperor, the King of Hungary?",SELECT ?value WHERE { wd:Q150665 p:P39 ?s . ?s ps:P39 wd:Q6412254 . ?s pq:P580 ?value}
What is the name of the county seat of Herat that was disestablished in 1-1-1507?,"SELECT ?answer WHERE { wd:Q45313 wdt:P1376 ?answer . ?answer wdt:P576 ?x FILTER(contains(YEAR(?x),'1507'))}"
"What award did Gherman Titov receive on August 9, 1961?","SELECT ?obj WHERE { wd:Q152298 p:P166 ?s . ?s ps:P166 ?obj . ?s pq:P585 ?x filter(contains(YEAR(?x),'1961')) }"
WHICH IS THE HUMAN WITH THE MAX POINTS FOR,select ?ent where { ?ent wdt:P31 wd:Q5 . ?ent wdt:P1358 ?obj } ORDER BY DESC(?obj)LIMIT 5
What is the Class II combustible liquid with the highest autoignition temperature?,select ?ent where { ?ent wdt:P31 wd:Q21009057 . ?ent wdt:P2199 ?obj } ORDER BY DESC(?obj)LIMIT 5
"What condition starts with the letter ""t""?","SELECT DISTINCT ?sbj ?sbj_label WHERE { ?sbj wdt:P31 wd:Q813912 . ?sbj rdfs:label ?sbj_label . FILTER(STRSTARTS(lcase(?sbj_label), 't')) . FILTER (lang(?sbj_label) = 'en') } LIMIT 25"
Tell me the organization that has the anthem of Anthem of Europe and contains the word community in it's name?,"SELECT DISTINCT ?sbj ?sbj_label WHERE { ?sbj wdt:P31 wd:Q43229 . ?sbj wdt:P85 wd:Q11993 . ?sbj rdfs:label ?sbj_label . FILTER(CONTAINS(lcase(?sbj_label), 'community')) . FILTER (lang(?sbj_label) = 'en') } LIMIT 25"
What is a superpower that starts with the letter w.,"SELECT DISTINCT ?sbj ?sbj_label WHERE { ?sbj wdt:P31 wd:Q1047698 . ?sbj rdfs:label ?sbj_label . FILTER(STRSTARTS(lcase(?sbj_label), 'w')) . FILTER (lang(?sbj_label) = 'en') } LIMIT 25"
What kind of characters are in Ghost Trick: Phantom Detective?,SELECT ?answer WHERE { wd:Q2629796 wdt:P674 ?X . ?X wdt:P4743 ?answer}
The Passion of Joan of Arc script was originally written in what language?,SELECT ?answer WHERE { wd:Q51520 wdt:P364 ?X . ?X wdt:P282 ?answer}
who  is the  sexuality of musician  Jump?,SELECT ?answer WHERE { wd:Q746665 wdt:P175 ?X . ?X wdt:P91 ?answer}
When was The Big Bang Theory nominated for a Primetime Emmy?,SELECT ?value WHERE { wd:Q8539 p:P1411 ?s . ?s ps:P1411 wd:Q17010286 . ?s pq:P585 ?value}
WHICH HAS INFLUENCE OF POTRAIT OF HEY JUDE,SELECT ?answer WHERE { wd:Q607742 wdt:P175 ?X . ?X wdt:P737 ?answer}
Who is the {inner planet} for {parent astronomical body} of {International Space Station},select distinct ?obj where { wd:Q25271 wdt:P397 ?obj . ?obj wdt:P31 wd:Q3504248 }
What country sent the largest team to the 2019 Winter Paralypics?,select ?ent where { ?ent wdt:P31 wd:Q46195901 . ?ent wdt:P2103 ?obj . ?ent wdt:P1344 wd:Q487313 } ORDER BY DESC(?obj)LIMIT 5
who madhhab for religion of druze?,select distinct ?obj where { wd:Q163943 wdt:P140 ?obj . ?obj wdt:P31 wd:Q209928 }
"Where are the medals of Humphry Davy, who were won by Manne Siegbahn?",SELECT ?answer WHERE { wd:Q131761 wdt:P166 ?answer . ?answer wdt:P1346 wd:Q170741}
Who is the role model of Anthony Giddens and Baron Giddens?,SELECT ?answer WHERE { wd:Q220008 wdt:P737 ?X . ?X wdt:P101 ?answer}
At what time has Allan Nevins received the Bancroft Prize ?,SELECT ?value WHERE { wd:Q3380712 p:P166 ?s . ?s ps:P166 wd:Q724144 . ?s pq:P585 ?value}
"If I am looking for people associated with the voivodeship of Lusaka, is it correct to write Category:People from Lusaka Province?",SELECT ?answer WHERE { wd:Q3881 wdt:P131 ?answer . ?answer wdt:P1792 wd:Q8740956}
Name the color film with the fewest episodes .,select ?ent where { ?ent wdt:P31 wd:Q11424 . ?ent wdt:P1113 ?obj . ?ent wdt:P462 wd:Q22006653. } ORDER BY ASC(?obj)LIMIT 5
Who  is married to Cheryl Tiegs in the year 1981?,"SELECT ?obj WHERE { wd:Q2408009 p:P26 ?s . ?s ps:P26 ?obj . ?s pq:P580 ?x filter(contains(YEAR(?x),'1981')) }"
Who is the active mayor of Johann Gottlieb Fichte?,SELECT ?answer WHERE { wd:Q102585 wdt:P937 ?X . ?X wdt:P6 ?answer}
Who wrote the sequel to The Glory?,SELECT ?answer WHERE { wd:Q7736826 wdt:P155 ?X . ?X wdt:P50 ?answer}
which is award received of judith anderson that is point time is 1948?,"SELECT ?obj WHERE { wd:Q230415 p:P166 ?s . ?s ps:P166 ?obj . ?s pq:P585 ?x filter(contains(YEAR(?x),'1948')) }"
Who was the spouse of Honoré de Balzac in the year 1850?,"SELECT ?obj WHERE { wd:Q9711 p:P26 ?s . ?s ps:P26 ?obj . ?s pq:P580 ?x filter(contains(YEAR(?x),'1850')) }"
What award did Gyorgy Ligeta receive on 2000-0-0?,"SELECT ?obj WHERE { wd:Q154331 p:P166 ?s . ?s ps:P166 ?obj . ?s pq:P585 ?x filter(contains(YEAR(?x),'2000')) }"
"Which tram-train, with the maximum capacity, is normally used as ERROR1?",select ?ent where { ?ent wdt:P31 wd:Q844054 . ?ent wdt:P3872 ?obj . ?ent wdt:P3438 wd:Q1487246 } ORDER BY DESC(?obj)LIMIT 5
What is Julie Andrews' blood type and voice type?,SELECT ?ans_1 ?ans_2 WHERE { wd:Q161819 wdt:P1853 ?ans_1 . wd:Q161819 wdt:P412 ?ans_2 }
Mention the language spoken and understood by L. Ron Hubbard,SELECT ?answer WHERE { wd:Q216896 wdt:P1412 ?X . ?X wdt:P1098 ?answer}
WHAT IS THE ZIPCODE OF ALUMNUS OF HOBEY BAKER,SELECT ?answer WHERE { wd:Q1348425 wdt:P69 ?X . ?X wdt:P281 ?answer}
What is found in species of the human genome that has the common name of Menneske?,"SELECT ?answer WHERE { wd:Q720988 wdt:P703 ?answer . ?answer wdt:P1843 ?x FILTER(contains(?x,'Menneske'))}"
Who performed as Boris Godunuv on 1/27/1874?,"SELECT ?value WHERE { wd:Q386846 p:P1191 ?s . ?s ps:P1191 ?x filter(contains(YEAR(?x),'1874')) . ?s pq:P161 ?value}"
"What product, made from raspberry, has the common name Малина?","SELECT ?answer WHERE { wd:Q13179 wdt:P1582 ?answer . ?answer wdt:P1843 ?x FILTER(contains(?x,'Малина'))}"
What are the superseded scientific theory which start with the letter v,"SELECT DISTINCT ?sbj ?sbj_label WHERE { ?sbj wdt:P31 wd:Q4115113 . ?sbj rdfs:label ?sbj_label . FILTER(STRSTARTS(lcase(?sbj_label), 'v')) . FILTER (lang(?sbj_label) = 'en') } LIMIT 25"
How do you write in Korean?,select distinct ?sbj where { ?sbj wdt:P495 wd:Q18097 . ?sbj wdt:P31 wd:Q8192 }
"""Where is {Christian name} of {Henry Vaughan}, which has {said to be different from} is {Heinrich} ?""",SELECT ?answer WHERE { wd:Q545363 wdt:P735 ?answer . ?answer wdt:P460 wd:Q2018484}
For what temperature does sulfur dioxide has 3.2 vapor pressure?,"SELECT ?value WHERE { wd:Q5282 p:P2119 ?s . ?s ps:P2119 ?x filter(contains(?x,'3.2')) . ?s pq:P2076 ?value}"
Tell me the point in time for Pierre de Fermat has academic degree as Bachelor of Laws?,SELECT ?value WHERE { wd:Q75655 p:P512 ?s . ?s ps:P512 wd:Q798137 . ?s pq:P585 ?value}
What maintenance is connected with Tochigi Prefecturual Road Route 175?,SELECT ?answer WHERE { wd:Q11535385 wdt:P2789 ?X . ?X wdt:P126 ?answer}
What is the full name of this Lucy and Ricky Ricardo musician?,"SELECT ?answer WHERE { wd:Q6698594 wdt:P175 ?answer . ?answer wdt:P1477 ?x FILTER(contains(?x,'Lucille Désirée Ball'))}"
What does {Moses} {Tengri} {come from}?,SELECT ?answer WHERE { wd:Q1989744 wdt:P186 ?answer . ?answer wdt:P138 wd:Q2481517}
Who gave the{co-founder} of {software publisher} of {The Fall of Kelvin Walker: A Fable of the Sixties} ?,SELECT ?answer WHERE { wd:Q7733205 wdt:P123 ?X . ?X wdt:P112 ?answer}
What was the area of the Indian ocean in 1982?,"SELECT ?obj WHERE { wd:Q1239 p:P2046 ?s . ?s ps:P2046 ?obj . ?s pq:P585 ?x filter(contains(YEAR(?x),'1982')) }"
Where is the governmental capital of Ujjinakoppa?,SELECT ?answer WHERE { wd:Q7878225 wdt:P131 ?X . ?X wdt:P36 ?answer}
How many medicals tests are tested for the {cough} ?,SELECT (COUNT(?sub) AS ?value ) { ?sub wdt:P2175 wd:Q35805 }
Complete information for the GCFC2 gene.,SELECT ?answer WHERE { wd:Q18302702 wdt:P688 ?X . ?X wdt:P681 ?answer}
how many legislators are in tokugawa shogunate?,SELECT (COUNT(?sub) AS ?value ) { ?sub wdt:P467 wd:Q205662 }
Which high school(s) are located in Milwaukee?,select distinct ?sbj where { ?sbj wdt:P131 wd:Q37836 . ?sbj wdt:P31 wd:Q9826 }
How has the candidate Donald Trump sparked controversy?,select distinct ?sbj where { ?sbj wdt:P710 wd:Q22686 . ?sbj wdt:P31 wd:Q1255828 }
Which sour apple cultivar has the shortest shelf life?,select ?ent where { ?ent wdt:P31 wd:Q15731356 . ?ent wdt:P4218 ?obj . ?ent wdt:P1552 wd:Q2795949} ORDER BY ASC(?obj)LIMIT 5
For what work Robert Altman has nominated for Academy award for best director?,SELECT ?value WHERE { wd:Q55163 p:P1411 ?s . ?s ps:P1411 wd:Q103360 . ?s pq:P1686 ?value}
What is the role model of the doctoral supervisor of Carl Neumann?,SELECT ?answer WHERE { wd:Q77313 wdt:P184 ?X . ?X wdt:P737 ?answer}
Which is the genetic association that regulates the molecular biology of HSA-MIR-7110-3p?,SELECT ?answer WHERE { wd:Q27594530 wdt:P128 ?X . ?X wdt:P2293 ?answer}
Which is {member of} {sovereign state} of {province of China} ?,SELECT ?answer WHERE { wd:Q1615742 wdt:P17 ?X . ?X wdt:P463 ?answer}
What magnets does the Large Hadron Collider use?,select distinct ?obj where { wd:Q40605 wdt:P2283 ?obj . ?obj wdt:P31 wd:Q50002046 }
When Michael Ellis DeBakey was awarded as Lomonosov Gold Medal?,SELECT ?value WHERE { wd:Q335003 p:P166 ?s . ?s ps:P166 wd:Q1340199 . ?s pq:P585 ?value}
Tell me which Web API contains the word xmlhttprequest in its name,"SELECT DISTINCT ?sbj ?sbj_label WHERE { ?sbj wdt:P31 wd:Q20202982 . ?sbj rdfs:label ?sbj_label . FILTER(CONTAINS(lcase(?sbj_label), 'xmlhttprequest')) . FILTER (lang(?sbj_label) = 'en') } LIMIT 25"
Tell me the legislative bodies are there for France?,SELECT (COUNT(?obj) AS ?value ) { wd:Q142 wdt:P194 ?obj }
Tell me the newspaper that has English as language of work and contains the word tribune in it's name?,"SELECT DISTINCT ?sbj ?sbj_label WHERE { ?sbj wdt:P31 wd:Q11032 . ?sbj wdt:P407 wd:Q1860 . ?sbj rdfs:label ?sbj_label . FILTER(CONTAINS(lcase(?sbj_label), 'tribune')) . FILTER (lang(?sbj_label) = 'en') } LIMIT 25"
How many people did Queen Victoria commemorate?,SELECT (COUNT(?sub) AS ?value ) { ?sub wdt:P547 wd:Q9439 }
"Name the flavored tea named after Charles Grey that contains the word ""earl"" in its name","SELECT DISTINCT ?sbj ?sbj_label WHERE { ?sbj wdt:P31 wd:Q3526264 . ?sbj wdt:P138 wd:Q294662 . ?sbj rdfs:label ?sbj_label . FILTER(CONTAINS(lcase(?sbj_label), 'earl')) . FILTER (lang(?sbj_label) = 'en') } LIMIT 25"
"Where was General Electric formed and who is it's current owner?
'",SELECT ?ans_1 ?ans_2 WHERE { wd:Q54173 wdt:P740 ?ans_1 . wd:Q54173 wdt:P1830 ?ans_2 }
What is in the Indian reservation of twin cities of Panama City?,SELECT ?answer WHERE { wd:Q3306 wdt:P190 ?X . ?X wdt:P131 ?answer}
TELL ME COMMUNICATIONS PROTOCOL WHICH START WITH THE LETTER Z,"SELECT DISTINCT ?sbj ?sbj_label WHERE { ?sbj wdt:P31 wd:Q132364 . ?sbj rdfs:label ?sbj_label . FILTER(STRSTARTS(lcase(?sbj_label), 'z')) . FILTER (lang(?sbj_label) = 'en') } LIMIT 25"
What are the origins of lynching that were started in the Colony of Virginia?,SELECT ?answer WHERE { wd:Q486775 wdt:P138 ?answer . ?answer wdt:P19 wd:Q1070529}
In what year did John XXIII receive a Balzan Prize?,SELECT ?value WHERE { wd:Q23873 p:P166 ?s . ?s ps:P166 wd:Q628457 . ?s pq:P585 ?value}
What taxon is the veal?,SELECT ?answer WHERE { wd:Q957434 wdt:P1582 ?X . ?X wdt:P1672 ?answer}
Who is the life partner in the musical score by Etudes Boreales?,SELECT ?answer WHERE { wd:Q5405084 wdt:P86 ?X . ?X wdt:P451 ?answer}
Who is noble family of has mother of Iziaslav I of Kiev ?,SELECT ?answer WHERE { wd:Q332516 wdt:P25 ?X . ?X wdt:P53 ?answer}
"What is the {death location} of {John Hancock}, which has the {sister city} of {Johannesburg}?",SELECT ?answer WHERE { wd:Q6237556 wdt:P20 ?answer . ?answer wdt:P190 wd:Q34647}
who won by of prize received of john le carré ?,SELECT ?answer WHERE { wd:Q209641 wdt:P166 ?X . ?X wdt:P1346 ?answer}
"Name the position that Frederick North, who passed away on December 19, 1783, held.","SELECT ?obj WHERE { wd:Q312593 p:P39 ?s . ?s ps:P39 ?obj . ?s pq:P582 ?x filter(contains(YEAR(?x),'1783')) }"
What is the diplomatic relation that comes from screamo?,SELECT ?answer WHERE { wd:Q11363 wdt:P495 ?X . ?X wdt:P530 ?answer}
What is the aspect of the president in History of Tonga?,SELECT ?answer WHERE { wd:Q1075000 wdt:P1269 ?X . ?X wdt:P35 ?answer}
Which is the natural language which starts with the letter t?,"SELECT DISTINCT ?sbj ?sbj_label WHERE { ?sbj wdt:P31 wd:Q33742 . ?sbj rdfs:label ?sbj_label . FILTER(STRSTARTS(lcase(?sbj_label), 't')) . FILTER (lang(?sbj_label) = 'en') } LIMIT 25"
Tell me the basic emotion which contains the word trust in their name!,"SELECT DISTINCT ?sbj ?sbj_label WHERE { ?sbj wdt:P31 wd:Q16748867 . ?sbj rdfs:label ?sbj_label . FILTER(CONTAINS(lcase(?sbj_label), 'trust')) . FILTER (lang(?sbj_label) = 'en') } LIMIT 25"
How many people are in the Labour Party?,SELECT (COUNT(?obj) AS ?value ) { wd:Q9630 wdt:P2124 ?obj }
Which is the infectious disease that has effect on bacteria?,select distinct ?obj where { wd:Q10876 wdt:P1542 ?obj . ?obj wdt:P31 wd:Q18123741 }
What are the political philosophy which start with the letter w,"SELECT DISTINCT ?sbj ?sbj_label WHERE { ?sbj wdt:P31 wd:Q179805 . ?sbj rdfs:label ?sbj_label . FILTER(STRSTARTS(lcase(?sbj_label), 'w')) . FILTER (lang(?sbj_label) = 'en') } LIMIT 25"
Which cooperative bank has the most employees?,select ?ent where { ?ent wdt:P31 wd:Q3277997 . ?ent wdt:P1128 ?obj } ORDER BY DESC(?obj)LIMIT 5
Who was the manager of the team Jimmy Carruth played for?,SELECT ?answer WHERE { wd:Q5315831 wdt:P54 ?X . ?X wdt:P286 ?answer}
"On 1-1-1678 William Petty, 2nd Earl of Shelburne founded what party membership","SELECT ?answer WHERE { wd:Q312573 wdt:P102 ?answer . ?answer wdt:P571 ?x FILTER(contains(YEAR(?x),'1678'))}"
Who were J. R. R. Tolkien's parents?,select distinct ?obj where { wd:Q892 wdt:P3205 ?obj . ?obj wdt:P31 wd:Q5 }
Mention the striking painting work of John the Baptist,select distinct ?obj where { wd:Q40662 wdt:P1299 ?obj . ?obj wdt:P31 wd:Q3305213 }
"""Which Science, that studies deformation, has a  history in The History of Engineering?""",SELECT ?answer WHERE { wd:Q2672013 wdt:P2579 ?answer . ?answer wdt:P2184 wd:Q5867819}
When did Bergen stop being controlled by a union between Sweden and Norway?,SELECT ?value WHERE { wd:Q26793 p:P17 ?s . ?s ps:P17 wd:Q62589 . ?s pq:P582 ?value}
How many nicknames are for {Larry Bird} ?,SELECT (COUNT(?obj) AS ?value ) { wd:Q190152 wdt:P1449 ?obj }
How many basic forms of government are there in Syria?,SELECT (COUNT(?obj) AS ?value ) { wd:Q858 wdt:P122 ?obj }
Which Dow Jones Industrial Average member has the least liabilities ?,select ?ent where { ?ent wdt:P31 wd:Q891723 . ?ent wdt:P2138 ?obj . ?ent wdt:P361 wd:Q180816. } ORDER BY ASC(?obj)LIMIT 5
"What is the name of this isolated human group that contain the word ""wenrohronon"" in their name ?","SELECT DISTINCT ?sbj ?sbj_label WHERE { ?sbj wdt:P31 wd:Q3117863 . ?sbj rdfs:label ?sbj_label . FILTER(CONTAINS(lcase(?sbj_label), 'wenrohronon')) . FILTER (lang(?sbj_label) = 'en') } LIMIT 25"
Who gave the{typology} of {language native} of {Uyghur people} ?,SELECT ?answer WHERE { wd:Q46118 wdt:P103 ?X . ?X wdt:P4132 ?answer}
What is the academic discipline of lambda calculus?,SELECT ?answer WHERE { wd:Q242028 wdt:P61 ?X . ?X wdt:P101 ?answer}
"In 1930, what was the capital of Türkmenabat?","SELECT ?obj WHERE { wd:Q487684 p:P1376 ?s . ?s ps:P1376 ?obj . ?s pq:P582 ?x filter(contains(YEAR(?x),'1930')) }"
What is part of constellation to parent body of HD 74156 c ?,SELECT ?answer WHERE { wd:Q1074570 wdt:P397 ?X . ?X wdt:P59 ?answer}
"Name an hill in Asia that contains the word ""ridges"" in its name","SELECT DISTINCT ?sbj ?sbj_label WHERE { ?sbj wdt:P31 wd:Q54050 . ?sbj wdt:P30 wd:Q48 . ?sbj rdfs:label ?sbj_label . FILTER(CONTAINS(lcase(?sbj_label), 'ridges')) . FILTER (lang(?sbj_label) = 'en') } LIMIT 25"
Space Invaders is the developer of which video game?,select distinct ?obj where { wd:Q220665 wdt:P178 ?obj . ?obj wdt:P31 wd:Q1137109 }
Who was a student of Warren Buffett?,select distinct ?obj where { wd:Q47213 wdt:P1066 ?obj . ?obj wdt:P31 wd:Q5 }
What region of Semey was founded in 1838?,"SELECT ?obj WHERE { wd:Q61944 p:P131 ?s . ?s ps:P131 ?obj . ?s pq:P580 ?x filter(contains(YEAR(?x),'1838')) }"
Which voting round had the most abstentions?,select ?ent where { ?ent wdt:P31 wd:Q24097670 . ?ent wdt:P5043 ?obj } ORDER BY DESC(?obj)LIMIT 5
What are the list of characters for the Doctor Who} ?,SELECT (COUNT(?obj) AS ?value ) { wd:Q34316 wdt:P1881 ?obj }
Who was Betty White's husband ?,select distinct ?obj where { wd:Q373895 wdt:P26 ?obj . ?obj wdt:P31 wd:Q5 }
When did David Robinson become Sports Illustrated Sportsperson of the Year?,SELECT ?value WHERE { wd:Q211876 p:P166 ?s . ?s ps:P166 wd:Q1653207 . ?s pq:P585 ?value}
"When was Peggy Ashcroft the spouse of Jeremy Hutchinson, the Baron Hutchinson of Lullington?",SELECT ?value WHERE { wd:Q230832 p:P26 ?s . ?s ps:P26 wd:Q1374545 . ?s pq:P582 ?value}
Which award was Kiefer Sutherland nominated for in 2002?,"SELECT ?obj WHERE { wd:Q103946 p:P1411 ?s . ?s ps:P1411 ?obj . ?s pq:P585 ?x filter(contains(YEAR(?x),'2002')) }"
How many movements are for The Internationale ?,SELECT (COUNT(?obj) AS ?value ) { wd:Q49617 wdt:P135 ?obj }
"Who wrote the script to ""The fault in Our Stars",SELECT ?answer WHERE { wd:Q14704171 wdt:P1877 ?X . ?X wdt:P737 ?answer}
How many editors are there for Vogue magazine?,SELECT (COUNT(?obj) AS ?value ) { wd:Q6351976 wdt:P98 ?obj }
In which year Fredrik Bajer was nominated for Nobel Peace Prize award?,SELECT ?value WHERE { wd:Q191016 p:P1411 ?s . ?s ps:P1411 wd:Q35637 . ?s pq:P585 ?value}
WHO INFORMED THE HUSBAND OF MARY PRIESTLEY?,SELECT ?answer WHERE { wd:Q12735109 wdt:P26 ?X . ?X wdt:P737 ?answer}
Does Mao Zedong has health problem of ICD-9-CM?,SELECT ?answer WHERE { wd:Q5816 wdt:P1050 ?X . ?X wdt:P1692 ?answer}
Which is the songwriter of the Symphony No.3?,SELECT ?answer WHERE { wd:Q157489 wdt:P86 ?X . ?X wdt:P485 ?answer}
Which is the brand for the product which is produced by The Coca-Cola Company?,select distinct ?obj where { wd:Q3295867 wdt:P1056 ?obj . ?obj wdt:P31 wd:Q431289 }
Who developed the Hughes H-4 Hercules?,SELECT ?answer WHERE { wd:Q667443 wdt:P178 ?X . ?X wdt:P1050 ?answer}
Which municipalites of Jiangsu have dialing code 511?,"SELECT ?answer WHERE { wd:Q16963 wdt:P150 ?answer . ?answer wdt:P473 ?x FILTER(contains(?x,'511'))}"
Tell me religious concept whose name has the word yojana in it.,"SELECT DISTINCT ?sbj ?sbj_label WHERE { ?sbj wdt:P31 wd:Q23847174 . ?sbj rdfs:label ?sbj_label . FILTER(CONTAINS(lcase(?sbj_label), 'yojana')) . FILTER (lang(?sbj_label) = 'en') } LIMIT 25"
Which is {cases} of {language used} in {Ismail Kadare} ?,SELECT ?answer WHERE { wd:Q179695 wdt:P1412 ?X . ?X wdt:P2989 ?answer}
Tell me the space station with start point in Baikonur Cosmodrome Site 200 and that contains the word salyut in it's name?,"SELECT DISTINCT ?sbj ?sbj_label WHERE { ?sbj wdt:P31 wd:Q25956 . ?sbj wdt:P1427 wd:Q4365460 . ?sbj rdfs:label ?sbj_label . FILTER(CONTAINS(lcase(?sbj_label), 'salyut')) . FILTER (lang(?sbj_label) = 'en') } LIMIT 25"
Who is the crew of Cosmonaut Michael Fincke?,SELECT ?answer WHERE { wd:Q362261 wdt:P450 ?X . ?X wdt:P1029 ?answer}
What is a Tigers main food source?,SELECT ?obj WHERE { wd:Q19939 p:P1034 ?s . ?s ps:P1034 ?obj . ?s pq:P1480 wd:Q5727902 }
What or whom was a major cause of the beginning of World War II?,select distinct ?sbj where { ?sbj wdt:P607 wd:Q362 . ?sbj wdt:P31 wd:Q5 }
What Phil Dawson play as a  team member?,SELECT ?answer WHERE { wd:Q3378763 wdt:P54 ?X . ?X wdt:P641 ?answer}
Give the reason for Knights Templar demolished in the year 1312?,"SELECT ?value WHERE { wd:Q41300 p:P576 ?s . ?s ps:P576 ?x filter(contains(YEAR(?x),'1312')) . ?s pq:P642 ?value}"
What are the Stellar wind which start with the letter s,"SELECT DISTINCT ?sbj ?sbj_label WHERE { ?sbj wdt:P31 wd:Q654396 . ?sbj rdfs:label ?sbj_label . FILTER(STRSTARTS(lcase(?sbj_label), 's')) . FILTER (lang(?sbj_label) = 'en') } LIMIT 25"
What political part does Silvio Berlusconi represent,select distinct ?sbj where { ?sbj wdt:P210 wd:Q11860 . ?sbj wdt:P31 wd:Q7278 }
how many are influenced by maimonides?,SELECT (COUNT(?obj) AS ?value ) { wd:Q127398 wdt:P737 ?obj }
Who is guilty for Paris Hilton's My New BFF being presented?,SELECT ?answer WHERE { wd:Q1513736 wdt:P371 ?X . ?X wdt:P1399 ?answer}
What monumental paintings did Michel de Montaigne create?,SELECT ?answer WHERE { wd:Q18180821 wdt:P170 ?X . ?X wdt:P800 ?answer}
who biblical canon for edition or translation  of Septuagint?,select distinct ?obj where { wd:Q29334 wdt:P629 ?obj . ?obj wdt:P31 wd:Q51623 }
Who is the husband and child of Anthony Dryden Marshall,SELECT ?answer WHERE { wd:Q4772424 wdt:P22 ?X . ?X wdt:P26 ?answer}
What is economic branch  member of  Leroy Merlin ?,SELECT ?answer WHERE { wd:Q889624 wdt:P463 ?X . ?X wdt:P452 ?answer}
Who formed the Rammstein brand,SELECT ?answer WHERE { wd:Q25177 wdt:P264 ?X . ?X wdt:P112 ?answer}
Tell me the programming paradigm which starts with letter p!,"SELECT DISTINCT ?sbj ?sbj_label WHERE { ?sbj wdt:P31 wd:Q188267 . ?sbj rdfs:label ?sbj_label . FILTER(STRSTARTS(lcase(?sbj_label), 'p')) . FILTER (lang(?sbj_label) = 'en') } LIMIT 25"
What is the sacred language that became Hebrew ?,select distinct ?obj where { wd:Q33513 wdt:P1269 ?obj . ?obj wdt:P31 wd:Q839470 }
What is the death location of Vercingetorix that has borders with Mentana?,SELECT ?answer WHERE { wd:Q178953 wdt:P20 ?answer . ?answer wdt:P47 wd:Q242942}
For what play was Maureen Stapleton nominated for the Tony Award for Best Featured Actress in a Play?,SELECT ?value WHERE { wd:Q230841 p:P1411 ?s . ?s ps:P1411 wd:Q627778 . ?s pq:P805 ?value}
Which item is rallied similar to a car?,SELECT ?answer WHERE { wd:Q7856 wdt:P2283 ?answer . ?answer wdt:P460 wd:Q1144312}
Which is the film character of the husband of Princess Leia?,select distinct ?sbj where { ?sbj wdt:P26 wd:Q51797 . ?sbj wdt:P31 wd:Q15773347 }
Where did Artemisia Gentileschi work on 1-1-1610?,"SELECT ?obj WHERE { wd:Q212657 p:P937 ?s . ?s ps:P937 ?obj . ?s pq:P580 ?x filter(contains(YEAR(?x),'1610')) }"
How many titles are published by the British Medical Journal?,SELECT (COUNT(?obj) AS ?value ) { wd:Q546003 wdt:P1476 ?obj }
Who is the person from the People's Republic of China that has the most century breaks?,select ?ent where { ?ent wdt:P31 wd:Q5 . ?ent wdt:P4912 ?obj . ?ent wdt:P27 wd:Q148 } ORDER BY DESC(?obj)LIMIT 5
What themes are developed by the Biblical story of Noah?,select distinct ?sbj where { ?sbj wdt:P3342 wd:Q81422 . ?sbj wdt:P31 wd:Q1406161 }
At what end time did Adolphe Thiers give up his position held as the head of government in France?,SELECT ?value WHERE { wd:Q5738 p:P39 ?s . ?s ps:P39 wd:Q15135541 . ?s pq:P582 ?value}
What is the role played by the characters in Crash Bandicoot N. Sane Trilogy?,SELECT ?answer WHERE { wd:Q26698531 wdt:P674 ?X . ?X wdt:P2868 ?answer}
"Name a chemical element located in the UK that contains the word ""strontium"" in its name","SELECT DISTINCT ?sbj ?sbj_label WHERE { ?sbj wdt:P31 wd:Q11344 . ?sbj wdt:P189 wd:Q145 . ?sbj rdfs:label ?sbj_label . FILTER(CONTAINS(lcase(?sbj_label), 'strontium')) . FILTER (lang(?sbj_label) = 'en') } LIMIT 25"
which is pronunciation audio of raw material for rice flour ?,SELECT ?answer WHERE { wd:Q1269205 wdt:P186 ?X . ?X wdt:P443 ?answer}
"What animation technique starts with the letter ""s""?","SELECT DISTINCT ?sbj ?sbj_label WHERE { ?sbj wdt:P31 wd:Q3516833 . ?sbj rdfs:label ?sbj_label . FILTER(STRSTARTS(lcase(?sbj_label), 's')) . FILTER (lang(?sbj_label) = 'en') } LIMIT 25"
What is Isiah Thomas' team position and specialty and participation?,SELECT ?ans_1 ?ans_2 WHERE { wd:Q298512 wdt:P413 ?ans_1 . wd:Q298512 wdt:P1344 ?ans_2 }
For what pharmaceutical product is niacin the active ingredient?,select distinct ?obj where { wd:Q134658 wdt:P3780 ?obj . ?obj wdt:P31 wd:Q28885102 }
"What sovereign state starts with the letter ""y""?","SELECT DISTINCT ?sbj ?sbj_label WHERE { ?sbj wdt:P31 wd:Q3624078 . ?sbj rdfs:label ?sbj_label . FILTER(STRSTARTS(lcase(?sbj_label), 'y')) . FILTER (lang(?sbj_label) = 'en') } LIMIT 25"
What is the award first described by the Manchester Small-Scale Experimental Machine?,SELECT ?answer WHERE { wd:Q514818 wdt:P61 ?X . ?X wdt:P166 ?answer}
Who gave the {painters} of {series} of {Bash} ?,SELECT ?answer WHERE { wd:Q16243529 wdt:P179 ?X . ?X wdt:P170 ?answer}
Who is the daughter in the musical The Beat That My Heart Skipped,SELECT ?answer WHERE { wd:Q931671 wdt:P86 ?X . ?X wdt:P40 ?answer}
What is the current edition of Hamlet?,select distinct ?obj where { wd:Q41567 wdt:P747 ?obj . ?obj wdt:P31 wd:Q3331189 }
Who has the craft of songwriter and is the lyricist of Dixie?,SELECT ?answer WHERE { wd:Q1231722 wdt:P676 ?answer . ?answer wdt:P106 wd:Q753110}
What are the type of business entity which start with the letter S,"SELECT DISTINCT ?sbj ?sbj_label WHERE { ?sbj wdt:P31 wd:Q1269299 . ?sbj rdfs:label ?sbj_label . FILTER(STRSTARTS(lcase(?sbj_label), 's')) . FILTER (lang(?sbj_label) = 'en') } LIMIT 25"
How many people are nominated for the {Jacqueline Wilson} ?,SELECT (COUNT(?obj) AS ?value ) { wd:Q240647 wdt:P1411 ?obj }
Who signed the Mayflower Compact and has a grave in Connecticut?,SELECT ?answer WHERE { wd:Q868502 wdt:P1891 ?answer . ?answer wdt:P119 wd:Q779}
Who narrates the series of Sephiroth?,SELECT ?answer WHERE { wd:Q649546 wdt:P1441 ?X . ?X wdt:P179 ?answer}
Tell me famine whose name has the word turnip in it.,"SELECT DISTINCT ?sbj ?sbj_label WHERE { ?sbj wdt:P31 wd:Q168247 . ?sbj rdfs:label ?sbj_label . FILTER(CONTAINS(lcase(?sbj_label), 'turnip')) . FILTER (lang(?sbj_label) = 'en') } LIMIT 25"
How many people practice tennis?,SELECT (COUNT(?obj) AS ?value ) { wd:Q847 wdt:P3095 ?obj }
"What time zone, Durrës, is located at standard time?",SELECT ?obj WHERE { wd:Q83285 p:P421 ?s . ?s ps:P421 ?obj . ?s pq:P1264 wd:Q1777301 }
What award did Gabriel Garcia Marquez received in 1982?,"SELECT ?obj WHERE { wd:Q5878 p:P166 ?s . ?s ps:P166 ?obj . ?s pq:P585 ?x filter(contains(YEAR(?x),'1982')) }"
What are the new religious movement which start with the letter syntheism,"SELECT DISTINCT ?sbj ?sbj_label WHERE { ?sbj wdt:P31 wd:Q477544 . ?sbj rdfs:label ?sbj_label . FILTER(CONTAINS(lcase(?sbj_label), 'syntheism')) . FILTER (lang(?sbj_label) = 'en') } LIMIT 25"
Tell me weekly newspaper whose name has the word es in it.,"SELECT DISTINCT ?sbj ?sbj_label WHERE { ?sbj wdt:P31 wd:Q2305295 . ?sbj rdfs:label ?sbj_label . FILTER(CONTAINS(lcase(?sbj_label), 'és')) . FILTER (lang(?sbj_label) = 'en') } LIMIT 25"
"""Which is {musical score by} of {Requiem}, where {woman} is {male} ?""",SELECT ?answer WHERE { wd:Q1356210 wdt:P86 ?answer . ?answer wdt:P21 wd:Q6581097}
Who is the student that coined the Euler-Lagrange equation?,SELECT ?answer WHERE { wd:Q875744 wdt:P61 ?X . ?X wdt:P802 ?answer}
what was the end time for Clifford Geertz has employer as University of Chicago?,SELECT ?value WHERE { wd:Q310956 p:P108 ?s . ?s ps:P108 wd:Q131252 . ?s pq:P582 ?value}
Where is Bjørnstjerne Bjørnson's burial plot in Vår Frelsers gravlund?,SELECT ?value WHERE { wd:Q46405 p:P119 ?s . ?s ps:P119 wd:Q1069938 . ?s pq:P965 ?value}
Due to what disease for anatomical location of human leg,select distinct ?sbj where { ?sbj wdt:P927 wd:Q6027402 . ?sbj wdt:P31 wd:Q12136 }
"On December 31, 2012, what were Nokia's total assets?","SELECT ?obj WHERE { wd:Q1418 p:P2403 ?s . ?s ps:P2403 ?obj . ?s pq:P585 ?x filter(contains(YEAR(?x),'2012')) }"
Mahmoud Abbas is a citizen of which country?,select distinct ?obj where { wd:Q127998 wdt:P27 ?obj . ?obj wdt:P31 wd:Q6256 }
which is prequel of colors of the secret of the black window?,SELECT ?answer WHERE { wd:Q1168051 wdt:P462 ?X . ?X wdt:P156 ?answer}
"When was Concerto for Piano and Orchestra no. 1 in E minor, op. 11 written?",SELECT ?answer WHERE { wd:Q162884 wdt:P86 ?X . ?X wdt:P569 ?answer}
Who is named after the Dahlia and also has the last name of Dahl?,SELECT ?answer WHERE { wd:Q130918 wdt:P138 ?answer . ?answer wdt:P734 wd:Q1158580}
When did Peter FitzSimons join the Australia national rugby union team?,SELECT ?value WHERE { wd:Q3376570 p:P54 ?s . ?s ps:P54 wd:Q622443 . ?s pq:P580 ?value}
Name the cause and effect of Hepatitis.,SELECT ?ans_1 ?ans_2 WHERE { wd:Q131742 wdt:P828 ?ans_1 . wd:Q131742 wdt:P1542 ?ans_2 }
Mention the medicinal specialty maintained by positive regulation of hypersensitivity,SELECT ?answer WHERE { wd:Q21102285 wdt:P128 ?X . ?X wdt:P1995 ?answer}
Tell me the sister city of the death place of Adolph Sulyomi-Schulmann,SELECT ?answer WHERE { wd:Q1292341 wdt:P20 ?X . ?X wdt:P190 ?answer}
How many destinations does Voyager 2 have?,SELECT (COUNT(?obj) AS ?value ) { wd:Q48475 wdt:P1444 ?obj }
What is the genetic association of Maleria,select distinct ?sbj where { ?sbj wdt:P2293 wd:Q12156 . ?sbj wdt:P31 wd:Q7187 }
Tell me phase change whose name has the word sublimation in it.,"SELECT DISTINCT ?sbj ?sbj_label WHERE { ?sbj wdt:P31 wd:Q185357 . ?sbj rdfs:label ?sbj_label . FILTER(CONTAINS(lcase(?sbj_label), 'sublimation')) . FILTER (lang(?sbj_label) = 'en') } LIMIT 25"
When did Lili Darvas become the spouse of Ferenc Molnár ?,SELECT ?value WHERE { wd:Q296809 p:P26 ?s . ?s ps:P26 wd:Q762952 . ?s pq:P580 ?value}
Who is {champ} of {prize awarded} {Lily Tomlin} ?,SELECT ?answer WHERE { wd:Q229271 wdt:P166 ?X . ?X wdt:P1346 ?answer}
What award Vicente Aleixandre received in the year 1969?,"SELECT ?obj WHERE { wd:Q134644 p:P166 ?s . ?s ps:P166 ?obj . ?s pq:P585 ?x filter(contains(YEAR(?x),'1969')) }"
When did Roberto Carlos start at the Brazil national football team?,SELECT ?value WHERE { wd:Q429039 p:P54 ?s . ?s ps:P54 wd:Q83459 . ?s pq:P580 ?value}
Who was the copyright owner for Felix the Cat in the year 1985?,"SELECT ?obj WHERE { wd:Q692603 p:P3931 ?s . ?s ps:P3931 ?obj . ?s pq:P580 ?x filter(contains(YEAR(?x),'1985')) }"
What municipality shares a border with Ottawa?,select distinct ?obj where { wd:Q1930 wdt:P47 ?obj . ?obj wdt:P31 wd:Q15210668 }
Which high-voltage direct current power line has the highest voltage?,select ?ent where { ?ent wdt:P31 wd:Q370607 . ?ent wdt:P2436 ?obj } ORDER BY DESC(?obj)LIMIT 5
What product is made by P-26B Peashooter?,SELECT ?answer WHERE { wd:Q15139430 wdt:P176 ?X . ?X wdt:P1056 ?answer}
Which is the language of the writing system of the Arabic alphabet?,select distinct ?sbj where { ?sbj wdt:P282 wd:Q8196 . ?sbj wdt:P31 wd:Q34770 }
Who replaced Jan Karol Chodkiewicz as the Great Hetman of Lithuania?,SELECT ?value WHERE { wd:Q540840 p:P39 ?s . ?s ps:P39 wd:Q4479783 . ?s pq:P1366 ?value}
Which is {antonym of} {main topic of list} {List of wars involving Rwanda} ?,SELECT ?answer WHERE { wd:Q6644990 wdt:P360 ?X . ?X wdt:P461 ?answer}
Who did Barbara Walters marry in 1963?,"SELECT ?obj WHERE { wd:Q231417 p:P26 ?s . ?s ps:P26 ?obj . ?s pq:P580 ?x filter(contains(YEAR(?x),'1963')) }"
What are the characters of Joshua who is the deity of Jehovah's Witnesses?,SELECT ?answer WHERE { wd:Q47680 wdt:P674 ?answer . ?answer wdt:P1049 wd:Q35269}
What is the denomination of the accused of Yemeni Civil War ?,SELECT ?answer WHERE { wd:Q19686631 wdt:P710 ?X . ?X wdt:P140 ?answer}
What number of theft convictions exist?,SELECT (COUNT(?sub) AS ?value ) { ?sub wdt:P1399 wd:Q2727213 }
business entity in Russia,SELECT ?answer WHERE { wd:Q172957 wdt:P176 ?answer . ?answer wdt:P1454 wd:Q134161}
What is the data controller (GDPR) of the product of Uber rideshare service that starts with the letter u?,"SELECT DISTINCT ?sbj ?sbj_label WHERE { ?sbj wdt:P31 wd:Q59859818 . ?sbj wdt:P1056 wd:Q61058590 . ?sbj rdfs:label ?sbj_label . FILTER(STRSTARTS(lcase(?sbj_label), 'u')) . FILTER (lang(?sbj_label) = 'en') } LIMIT 25"
Where in Essex can we find Sarah Miles' birthplace?,SELECT ?obj WHERE { wd:Q231187 p:P19 ?s . ?s ps:P19 ?obj . ?s pq:P131 wd:Q23240 }
How many number of children is in the president of FIFA?,SELECT ?answer WHERE { wd:Q253414 wdt:P488 ?X . ?X wdt:P1971 ?answer}
When did Mia Farrow break up with Woody Allen?,SELECT ?value WHERE { wd:Q202725 p:P451 ?s . ?s ps:P451 wd:Q25089 . ?s pq:P582 ?value}
Which award did Roland Matthes receive when he competed in the Men's 200 metre backstroke at the 1968 Summer Olympics?,SELECT ?value WHERE { wd:Q163055 p:P1344 ?s . ?s ps:P1344 wd:Q7656466 . ?s pq:P166 ?value}
How many sports are in the country of Brunei?,SELECT (COUNT(?sub) AS ?value ) { ?sub wdt:P1532 wd:Q921 }
"What is the language of Paul V. Hindenburg, that is dative case?",SELECT ?answer WHERE { wd:Q2667 wdt:P1412 ?answer . ?answer wdt:P2989 wd:Q145599}
Where in Italy was Carla Bruni born??,SELECT ?obj WHERE { wd:Q143945 p:P19 ?s . ?s ps:P19 ?obj . ?s pq:P17 wd:Q38 }
Who is the head of government of Auckland?,select distinct ?obj where { wd:Q37100 wdt:P6 ?obj . ?obj wdt:P31 wd:Q5 }
How many muscles work on the clavicle?,SELECT (COUNT(?obj) AS ?value ) { wd:Q16343 wdt:P3491 ?obj }
Do you know that Stiftung that was founded by the late Ingvar Kamprad?,select distinct ?sbj where { ?sbj wdt:P112 wd:Q216932 . ?sbj wdt:P31 wd:Q18631230 }
"What monotypic taxon contains the word ""trogloraptoridae"" in its name?","SELECT DISTINCT ?sbj ?sbj_label WHERE { ?sbj wdt:P31 wd:Q310890 . ?sbj rdfs:label ?sbj_label . FILTER(CONTAINS(lcase(?sbj_label), 'trogloraptoridae')) . FILTER (lang(?sbj_label) = 'en') } LIMIT 25"
Tell me London borough whose name has the word london in it.,"SELECT DISTINCT ?sbj ?sbj_label WHERE { ?sbj wdt:P31 wd:Q211690 . ?sbj rdfs:label ?sbj_label . FILTER(CONTAINS(lcase(?sbj_label), 'london')) . FILTER (lang(?sbj_label) = 'en') } LIMIT 25"
What is the name of a private not for profit educational institution that starts with the letter u.,"SELECT DISTINCT ?sbj ?sbj_label WHERE { ?sbj wdt:P31 wd:Q23002054 . ?sbj rdfs:label ?sbj_label . FILTER(STRSTARTS(lcase(?sbj_label), 'u')) . FILTER (lang(?sbj_label) = 'en') } LIMIT 25"
Who is the {human} for {father} of {Alexander Graham Bell},select distinct ?obj where { wd:Q34286 wdt:P22 ?obj . ?obj wdt:P31 wd:Q5 }
Who was the spouse of Sándor Petőfi in 1847?,"SELECT ?obj WHERE { wd:Q81219 p:P26 ?s . ?s ps:P26 ?obj . ?s pq:P580 ?x filter(contains(YEAR(?x),'1847')) }"
How many original networks are there for the {China Central Television} ?,SELECT (COUNT(?sub) AS ?value ) { ?sub wdt:P449 wd:Q207936 }
"Who was Maurice Merleau-Ponty  studying under, that was born at Bar-le-Duc?",SELECT ?answer WHERE { wd:Q212639 wdt:P1066 ?answer . ?answer wdt:P19 wd:Q185721}
Who was the member of the sports team of Gordon Banks until 1-1-1959?,"SELECT ?obj WHERE { wd:Q213879 p:P54 ?s . ?s ps:P54 ?obj . ?s pq:P582 ?x filter(contains(YEAR(?x),'1959')) }"
When did Baden-Wurttemberg start in West Germany?,SELECT ?value WHERE { wd:Q985 p:P131 ?s . ?s ps:P131 wd:Q713750 . ?s pq:P580 ?value}
Which field  work of Edward Howard-Vyse ?,SELECT ?answer WHERE { wd:Q5343516 wdt:P106 ?X . ?X wdt:P425 ?answer}
For what work has Orelsan received an award for a video clip?,SELECT ?value WHERE { wd:Q2813374 p:P166 ?s . ?s ps:P166 wd:Q16682573 . ?s pq:P1686 ?value}
Which infectious disease has the highest prevalence?,select ?ent where { ?ent wdt:P31 wd:Q18123741 . ?ent wdt:P1193 ?obj } ORDER BY DESC(?obj)LIMIT 5
In how many fields of work is Mikhail Lomonosov active?,SELECT (COUNT(?obj) AS ?value ) { wd:Q58720 wdt:P101 ?obj }
What is {NATO code for grade} of {public office} of {Jebe} ?,SELECT ?answer WHERE { wd:Q1346632 wdt:P39 ?X . ?X wdt:P1611 ?answer}
How does it emulates in the {PlayStation} ?,SELECT (COUNT(?sub) AS ?value ) { ?sub wdt:P4043 wd:Q10677 }
"Of those treated by nadolol, who has died from Bumpy Johnson?",SELECT ?answer WHERE { wd:Q1332591 wdt:P509 ?answer . ?answer wdt:P2176 wd:Q424952}
Who is the co-founder of the university that Scott McCartney attended?,SELECT ?answer WHERE { wd:Q7436800 wdt:P69 ?X . ?X wdt:P112 ?answer}
Which country Paul von Hindenburg was the head of state of?,select distinct ?sbj where { ?sbj wdt:P35 wd:Q2667 . ?sbj wdt:P31 wd:Q3024240 }
What award did Jean-Claude Killy receive in Alpine skiing at the 1968 Winter Olympics - Men's downhill?,SELECT ?value WHERE { wd:Q11485 p:P1344 ?s . ?s ps:P1344 wd:Q1005563 . ?s pq:P166 ?value}
What are the thoracic disease which start with the letter s,"SELECT DISTINCT ?sbj ?sbj_label WHERE { ?sbj wdt:P31 wd:Q18553676 . ?sbj rdfs:label ?sbj_label . FILTER(STRSTARTS(lcase(?sbj_label), 's')) . FILTER (lang(?sbj_label) = 'en') } LIMIT 25"
What is the name of the fictional universe described in the cycle of Calpamos ?,SELECT ?answer WHERE { wd:Q26996374 wdt:P1080 ?X . ?X wdt:P1445 ?answer}
What key event is written about in the Comprehensive Guide to the Country of Durham (1892 edition)?,SELECT ?answer WHERE { wd:Q53574467 wdt:P50 ?X . ?X wdt:P793 ?answer}
What part of the German Democratic Republic has Sorbian as an official language?,SELECT ?value WHERE { wd:Q16957 p:P37 ?s . ?s ps:P37 wd:Q25442 . ?s pq:P518 ?value}
"What place is located at co-ordinates of 58.625, at the outflow of the Vattern?","SELECT ?answer WHERE { wd:Q188195 wdt:P201 ?answer . ?answer wdt:P625 ?x FILTER(contains(?x,'58.625'))}"
When did Henry Steele Commager receive his education from the University of Chicago ?,SELECT ?value WHERE { wd:Q3785004 p:P69 ?s . ?s ps:P69 wd:Q131252 . ?s pq:P580 ?value}
who  is the written work for notable work of hillary Clinton?,select distinct ?obj where { wd:Q6294 wdt:P800 ?obj . ?obj wdt:P31 wd:Q47461344 }
When was Carl Banks employed by the Walt Disney Company?,SELECT ?value WHERE { wd:Q11941 p:P108 ?s . ?s ps:P108 wd:Q2216535 . ?s pq:P580 ?value}
"What was the population of Hobart on August 9, 2016?","SELECT ?obj WHERE { wd:Q40191 p:P1082 ?s . ?s ps:P1082 ?obj . ?s pq:P585 ?x filter(contains(YEAR(?x),'2016')) }"
Who replaced James Stanhope as Chancellor of the Exchequer?,SELECT ?value WHERE { wd:Q332603 p:P39 ?s . ?s ps:P39 wd:Q531471 . ?s pq:P1365 ?value}
How many are given the name Joseph?,SELECT (COUNT(?sub) AS ?value ) { ?sub wdt:P735 wd:Q145746 }
"Appointed by John Dryden, who held the position as Poet Laureate of the United Kingdom?",SELECT ?value WHERE { wd:Q213355 p:P39 ?s . ?s ps:P39 wd:Q877838 . ?s pq:P748 ?value}
Who are rhe sons of Emperor Wu of Jin whose surname is Sima?,SELECT ?answer WHERE { wd:Q7356 wdt:P40 ?answer . ?answer wdt:P734 wd:Q592176}
How are called the people living around Baghdad?,SELECT ?answer WHERE { wd:Q1530 wdt:P1376 ?X . ?X wdt:P1082 ?answer}
What is the period of time point in time} for {DJ Jazzy Jeff & The Fresh Prince has been nominated for Soul Train Music Award for Best R&B/Soul or Rap Music Video ?,SELECT ?value WHERE { wd:Q1154136 p:P1411 ?s . ?s ps:P1411 wd:Q7564367 . ?s pq:P585 ?value}
Which musician of Deck the Hallas awarded the nomination for MTV Video Music Award in Online Artist catagory?,SELECT ?answer WHERE { wd:Q2287842 wdt:P175 ?answer . ?answer wdt:P1411 wd:Q821166}
What was the population of East Flanders in 2016?,"SELECT ?obj WHERE { wd:Q1114 p:P1082 ?s . ?s ps:P1082 ?obj . ?s pq:P585 ?x filter(contains(YEAR(?x),'2016')) }"
When was the 'OkayAfrica 100 Women' award received by Chimamanda Ngozi Adichie?,SELECT ?value WHERE { wd:Q230141 p:P166 ?s . ?s ps:P166 wd:Q54889438 . ?s pq:P585 ?value}
What nationality Go Seigen has since 1914-6-12?,"SELECT ?obj WHERE { wd:Q541005 p:P27 ?s . ?s ps:P27 ?obj . ?s pq:P580 ?x filter(contains(YEAR(?x),'1914')) }"
What are the ancient city which start with the letter z,"SELECT DISTINCT ?sbj ?sbj_label WHERE { ?sbj wdt:P31 wd:Q15661340 . ?sbj rdfs:label ?sbj_label . FILTER(STRSTARTS(lcase(?sbj_label), 'z')) . FILTER (lang(?sbj_label) = 'en') } LIMIT 25"
What is the taxon rank of Spider and who is Spider's parent taxon?,SELECT ?ans_1 ?ans_2 WHERE { wd:Q1357 wdt:P105 ?ans_1 . wd:Q1357 wdt:P171 ?ans_2 }
how many honors does dame have?,SELECT (COUNT(?sub) AS ?value ) { ?sub wdt:P511 wd:Q901407 }
How many people are commanded by Konstantin Rokossovsky?,SELECT (COUNT(?obj) AS ?value ) { wd:Q40482 wdt:P598 ?obj }
In what year did Antoine de Saint-Exupery receive the National Book Award for Nonfiction?,SELECT ?value WHERE { wd:Q2908 p:P166 ?s . ?s ps:P166 wd:Q3873147 . ?s pq:P585 ?value}
When did Dimitar Nikolov become head of government of Burgas?,SELECT ?value WHERE { wd:Q6509 p:P6 ?s . ?s ps:P6 wd:Q224746 . ?s pq:P580 ?value}
Who is the founder of physical geography that was awarded Honorary citizen of Berlin?,SELECT ?answer WHERE { wd:Q52107 wdt:P112 ?answer . ?answer wdt:P166 wd:Q15124573}
"What is the military rank of Kim Jong-un, the commander of Korean People's Army?",SELECT ?obj WHERE { wd:Q56226 p:P410 ?s . ?s ps:P410 ?obj . ?s pq:P598 wd:Q240670 }
How many pieces has Claudio Abbado conducted?,SELECT (COUNT(?sub) AS ?value ) { ?sub wdt:P3300 wd:Q151608 }
what is the type of kinship for William the Conqueror has relative as Edward the Confessor?,SELECT ?value WHERE { wd:Q37594 p:P1038 ?s . ?s ps:P1038 wd:Q130005 . ?s pq:P1039 ?value}
What s Lorenz Hart's ISCO profession code?,SELECT ?answer WHERE { wd:Q725828 wdt:P106 ?X . ?X wdt:P952 ?answer}
Tell me the relationship that exists between Johann Sebastian Bach and Johann Jacob Bach,SELECT ?value WHERE { wd:Q1339 p:P3373 ?s . ?s ps:P3373 wd:Q539427 . ?s pq:P1039 ?value}
What is the date of the end of the writers of The Prophet?,SELECT ?answer WHERE { wd:Q1196302 wdt:P50 ?X . ?X wdt:P570 ?answer}
Who co-founded the prize that was awarded to Alfred Charles Ernest Franquet de Franqueville?,SELECT ?answer WHERE { wd:Q2835014 wdt:P166 ?X . ?X wdt:P112 ?answer}
How many landing locations are near the Pacific Ocean?,SELECT (COUNT(?sub) AS ?value ) { ?sub wdt:P1158 wd:Q98 }
"What is the partner town of Bogota, which is also Enrique Inglesias's location of birth?",SELECT ?answer WHERE { wd:Q47122 wdt:P19 ?answer . ?answer wdt:P190 wd:Q2841}
Which is {managed by} {cosmonaut mission} of {Oleg Novitskiy} ?,SELECT ?answer WHERE { wd:Q963226 wdt:P450 ?X . ?X wdt:P137 ?answer}
WHICH IS ARRODISSEMENTS OF COUNTRY SEAT FOE YAREN DISTRICT,SELECT ?answer WHERE { wd:Q31026 wdt:P1376 ?X . ?X wdt:P150 ?answer}
When did Istanbul have a population of 14657434?,"SELECT ?value WHERE { wd:Q406 p:P1082 ?s . ?s ps:P1082 ?x filter(contains(?x,'14657434')) . ?s pq:P585 ?value}"
Which is the Norse deity that is partner of Odin?,select distinct ?obj where { wd:Q43610 wdt:P451 ?obj . ?obj wdt:P31 wd:Q16513881 }
"""Which is {plays} of {cricket ball}, whose {has proponent} is {cricketer} ?""",SELECT ?answer WHERE { wd:Q1139973 wdt:P641 ?answer . ?answer wdt:P3095 wd:Q12299841}
Who commissioned the Taj Mehal,select distinct ?obj where { wd:Q9141 wdt:P88 ?obj . ?obj wdt:P31 wd:Q5 }
"What is Guerrillerico Heroico's motif, whose death date is 1967-10-9?","SELECT ?answer WHERE { wd:Q498216 wdt:P180 ?answer . ?answer wdt:P570 ?x FILTER(contains(YEAR(?x),'1967'))}"
What conflict is depicted is Raising the Flag on Iwo Jima?,SELECT ?answer WHERE { wd:Q117693 wdt:P180 ?X . ?X wdt:P607 ?answer}
Where in the Kingdom of Italy was the birthplace of Anna Magnani?,SELECT ?obj WHERE { wd:Q56011 p:P19 ?s . ?s ps:P19 ?obj . ?s pq:P17 wd:Q172579 }
What is the distance of Paris-Charles de Gaulle Airport with runway as 09L/27R?,"SELECT ?value WHERE { wd:Q46280 p:P529 ?s . ?s ps:P529 ?x filter(contains(?x,'09L/27R')) . ?s pq:P2043 ?value}"
What is the nationality of Emmanuel Macron ?,select distinct ?obj where { wd:Q3052772 wdt:P27 ?obj . ?obj wdt:P31 wd:Q3624078 }
Who is C. V. Raman's doctor,select distinct ?sbj where { ?sbj wdt:P184 wd:Q60429 . ?sbj wdt:P31 wd:Q5 }
When did August Wilson get nominated for the Drama Desk Award for Outstanding Play?,SELECT ?value WHERE { wd:Q764812 p:P1411 ?s . ?s ps:P1411 wd:Q5305720 . ?s pq:P585 ?value}
"Who are the authors of The Republic, whose school is Platonism?",SELECT ?answer WHERE { wd:Q123397 wdt:P50 ?answer . ?answer wdt:P135 wd:Q193589}
What territory was Wrocław a part of during 1138?,"SELECT ?obj WHERE { wd:Q1799 p:P131 ?s . ?s ps:P131 ?obj . ?s pq:P580 ?x filter(contains(YEAR(?x),'1138')) }"
In what neighborhood did Nikos Kazantzakis die?,SELECT ?answer WHERE { wd:Q214622 wdt:P20 ?X . ?X wdt:P150 ?answer}
Give the name of the taxon with the lowest chromosome quantity whose progenitor is Passifloraceae.,select ?ent where { ?ent wdt:P31 wd:Q16521 . ?ent wdt:P5230 ?obj . ?ent wdt:P171 wd:Q157164} ORDER BY ASC(?obj)LIMIT 5
Who is the {human} for {student} of {Francis Bacon},select distinct ?sbj where { ?sbj wdt:P802 wd:Q37388 . ?sbj wdt:P31 wd:Q5 }
How many lines are connecting the Acela Express} ?,SELECT (COUNT(?sub) AS ?value ) { ?sub wdt:P81 wd:Q481759 }
Tell me mineral supergroup whose name has the word tourmalines in it.,"SELECT DISTINCT ?sbj ?sbj_label WHERE { ?sbj wdt:P31 wd:Q3977918 . ?sbj rdfs:label ?sbj_label . FILTER(CONTAINS(lcase(?sbj_label), 'tourmalines')) . FILTER (lang(?sbj_label) = 'en') } LIMIT 25"
How is October signed in Catalan Sign Language?,SELECT ?obj WHERE { wd:Q124 p:P2919 ?s . ?s ps:P2919 ?obj . ?s pq:P407 wd:Q35768 }
What political party is Julian Assange a member of?,select distinct ?obj where { wd:Q360 wdt:P102 ?obj . ?obj wdt:P31 wd:Q7278 }
What are the municipalities in the History of Northern Ireland?,SELECT ?answer WHERE { wd:Q1468953 wdt:P1269 ?X . ?X wdt:P150 ?answer}
"In the region where the King James Version was published, what was the big event?",SELECT ?answer WHERE { wd:Q623398 wdt:P291 ?X . ?X wdt:P793 ?answer}
which binary relation starts with the letter s,"SELECT DISTINCT ?sbj ?sbj_label WHERE { ?sbj wdt:P31 wd:Q130901 . ?sbj rdfs:label ?sbj_label . FILTER(STRSTARTS(lcase(?sbj_label), 's')) . FILTER (lang(?sbj_label) = 'en') } LIMIT 25"
What is a facet of the history of the city of Amsterdam?,select distinct ?sbj where { ?sbj wdt:P1269 wd:Q727 . ?sbj wdt:P31 wd:Q28747937 }
When was Eric Piolle the the Head of Government of Grenoble?,SELECT ?value WHERE { wd:Q1289 p:P6 ?s . ?s ps:P6 wd:Q16007948 . ?s pq:P580 ?value}
What method is used to determine the total fertility rate of Morocco as 2.691?,"SELECT ?value WHERE { wd:Q1028 p:P4841 ?s . ?s ps:P4841 ?x filter(contains(?x,'2.691')) . ?s pq:P459 ?value}"
When did the Cossack Hetmanate cease being a vassal of the Ottoman Empire?,SELECT ?value WHERE { wd:Q212439 p:P31 ?s . ?s ps:P31 wd:Q2560551 . ?s pq:P582 ?value}
What medals are the leader of Alfredo Di Stefano?,SELECT ?answer WHERE { wd:Q164546 wdt:P166 ?X . ?X wdt:P1346 ?answer}
Who is the {sibling} and the {child} of {Vlad_the_Impaler} ?,SELECT ?ans_1 ?ans_2 WHERE { wd:Q43715 wdt:P3373 ?ans_1 . wd:Q43715 wdt:P40 ?ans_2 }
"What mechanical property of materials starts with the letter ""y""?","SELECT DISTINCT ?sbj ?sbj_label WHERE { ?sbj wdt:P31 wd:Q5725005 . ?sbj rdfs:label ?sbj_label . FILTER(STRSTARTS(lcase(?sbj_label), 'y')) . FILTER (lang(?sbj_label) = 'en') } LIMIT 25"
Sarah Silverman stars in which animated film?,select distinct ?sbj where { ?sbj wdt:P725 wd:Q229013 . ?sbj wdt:P31 wd:Q202866 }
When did Edward Coke receive the National Book Award for Nonfiction?,SELECT ?value WHERE { wd:Q332435 p:P166 ?s . ?s ps:P166 wd:Q3873147 . ?s pq:P585 ?value}
gsdfhgdfh,"SELECT ?answer WHERE { wd:Q1149738 wdt:P676 ?answer . ?answer wdt:P1477 ?x FILTER(contains(?x,'Antonio Romero Márquez'))}"
What are the unary operation that starts with s,"SELECT DISTINCT ?sbj ?sbj_label WHERE { ?sbj wdt:P31 wd:Q657596 . ?sbj rdfs:label ?sbj_label . FILTER(STRSTARTS(lcase(?sbj_label), 's')) . FILTER (lang(?sbj_label) = 'en') } LIMIT 25"
How many composers worked on Fantasia?,SELECT (COUNT(?obj) AS ?value ) { wd:Q943192 wdt:P86 ?obj }
What award did Costa-Gavras receive for his work on Missing?,SELECT ?obj WHERE { wd:Q296698 p:P166 ?s . ?s ps:P166 ?obj . ?s pq:P1686 wd:Q400985 }
What was the population of Ulyanovsk in 2016?,"SELECT ?obj WHERE { wd:Q5627 p:P1082 ?s . ?s ps:P1082 ?obj . ?s pq:P585 ?x filter(contains(YEAR(?x),'2016')) }"
What is the queen of the land} of Bahia Toco Largo Lake ?,SELECT ?answer WHERE { wd:Q7356830 wdt:P17 ?X . ?X wdt:P35 ?answer}
Name the  psychoactive drug made from Papaver somniferum that starts with letter O,"SELECT DISTINCT ?sbj ?sbj_label WHERE { ?sbj wdt:P31 wd:Q3706669 . ?sbj wdt:P1582 wd:Q131584 . ?sbj rdfs:label ?sbj_label . FILTER(STRSTARTS(lcase(?sbj_label), 'o')) . FILTER (lang(?sbj_label) = 'en') } LIMIT 25"
When was Bob Paisley a member of Bishop Auckland F.C.?,SELECT ?value WHERE { wd:Q314436 p:P54 ?s . ?s ps:P54 wd:Q4917491 . ?s pq:P582 ?value}
When was Celine Dion made an Officer of the National Order of Quebec?,SELECT ?value WHERE { wd:Q5105 p:P166 ?s . ?s ps:P166 wd:Q15464524 . ?s pq:P585 ?value}
What is had underlying cause of main events of deadliest aviation incident in Argentina ?,SELECT ?answer WHERE { wd:Q20005847 wdt:P793 ?X . ?X wdt:P828 ?answer}
What are the historical ethnical group which start with the letter xiongnu,"SELECT DISTINCT ?sbj ?sbj_label WHERE { ?sbj wdt:P31 wd:Q4204501 . ?sbj rdfs:label ?sbj_label . FILTER(CONTAINS(lcase(?sbj_label), 'xiongnu')) . FILTER (lang(?sbj_label) = 'en') } LIMIT 25"
Who is the graduate of the sculptor of Red & Black?,SELECT ?answer WHERE { wd:Q27894648 wdt:P170 ?X . ?X wdt:P69 ?answer}
What volume of quantity declared as world ocean?,SELECT ?obj WHERE { wd:Q715269 p:P2234 ?s . ?s ps:P2234 ?obj . ?s pq:P1480 wd:Q54836621 }
What is Cincinatti's twinned administrative body and administrative jurisdictional entity?,SELECT ?ans_1 ?ans_2 WHERE { wd:Q43196 wdt:P190 ?ans_1 . wd:Q43196 wdt:P131 ?ans_2 }
Which infectious disease is caused by Staphylococcus aureus?,select distinct ?sbj where { ?sbj wdt:P828 wd:Q188121 . ?sbj wdt:P31 wd:Q18123741 }
What is the election to the Parliament of Catalonia with the lowest eligible voters whose candidate is Socialists' Party of Catalonia?,select ?ent where { ?ent wdt:P31 wd:Q5116010 . ?ent wdt:P1867 ?obj . ?ent wdt:P726 wd:Q2055003. } ORDER BY ASC(?obj)LIMIT 5
Which awards has Angela Lansbury recieved?,select distinct ?obj where { wd:Q206856 wdt:P166 ?obj . ?obj wdt:P31 wd:Q618779 }
What is the standard deviation of the Classification of Instructional Programs ID?,SELECT ?answer WHERE { wd:Q159375 wdt:P1269 ?X . ?X wdt:P2357 ?answer}
Which inventor or discoverer with the profession of astronomer discovered 90377 Sedna?,SELECT ?answer WHERE { wd:Q15610 wdt:P61 ?answer . ?answer wdt:P106 wd:Q11063}
"""Which is {has towns} of {Rio Grande do Sul}, that has {STD code} is {54} ?""","SELECT ?answer WHERE { wd:Q40030 wdt:P150 ?answer . ?answer wdt:P473 ?x FILTER(contains(?x,'54'))}"
Who was Francisco Goya's student?,select distinct ?sbj where { ?sbj wdt:P1066 wd:Q5432 . ?sbj wdt:P31 wd:Q5 }
What was Aki Kaurismaki nominated for in the year 1990?,"SELECT ?obj WHERE { wd:Q276186 p:P1411 ?s . ?s ps:P1411 ?obj . ?s pq:P585 ?x filter(contains(YEAR(?x),'1990')) }"
What is  translation for originating source of Lê dynasty ?,SELECT ?answer WHERE { wd:Q10800789 wdt:P248 ?X . ?X wdt:P747 ?answer}
"Species. See text. Cupressus is one of several genera within the family Cupressaceae that have the common name cypress; for the others, see cypress. It is considered a polyphyletic group. Based on genetic and morphological analysis, the genus Cupressus is found in the subfamily Cupressoideae.",SELECT ?answer WHERE { wd:Q146911 wdt:P171 ?X . ?X wdt:P105 ?answer}
What city in New York County is the birth city of Jon Finkel?,SELECT ?answer WHERE { wd:Q6270695 wdt:P19 ?answer . ?answer wdt:P150 wd:Q500416}
Name the stratovolcano of highest topographic prominence in the South American continent.,select ?ent where { ?ent wdt:P31 wd:Q169358 . ?ent wdt:P2660 ?obj . ?ent wdt:P30 wd:Q18 } ORDER BY DESC(?obj)LIMIT 5
Who had the title of Mary in the Spanish Empire?,select distinct ?obj where { wd:Q80702 wdt:P417 ?obj . ?obj wdt:P31 wd:Q1509831 }
In which house did James Watt die?,select distinct ?obj where { wd:Q9041 wdt:P20 ?obj . ?obj wdt:P31 wd:Q3947 }
"Who is native to the British English area, that has diplomatic relation to Russia?",SELECT ?answer WHERE { wd:Q7979 wdt:P2341 ?answer . ?answer wdt:P530 wd:Q159}
TELL ME VEGETATION ZONE WHOSE NAME HAS THE WORD TAIGA IN IT,"SELECT DISTINCT ?sbj ?sbj_label WHERE { ?sbj wdt:P31 wd:Q2083910 . ?sbj rdfs:label ?sbj_label . FILTER(CONTAINS(lcase(?sbj_label), 'taiga')) . FILTER (lang(?sbj_label) = 'en') } LIMIT 25"
Who is Quentin Tarantino's partner?,select distinct ?obj where { wd:Q3772 wdt:P451 ?obj . ?obj wdt:P31 wd:Q5 }
What aircraft hijacking caused the War on Terror?,select distinct ?obj where { wd:Q185729 wdt:P1478 ?obj . ?obj wdt:P31 wd:Q898712 }
Which wine-producing region has the highest production rate ?,select ?ent where { ?ent wdt:P31 wd:Q2140699 . ?ent wdt:P2197 ?obj . ?ent wdt:P31 wd:Q2140699 } ORDER BY DESC(?obj)LIMIT 5
What is the taxon rank of Fennel and what award did Fennel receive?,SELECT ?ans_1 ?ans_2 WHERE { wd:Q43511 wdt:P105 ?ans_1 . wd:Q43511 wdt:P166 ?ans_2 }
What part of the stomach is the venous return connected to?,SELECT ?answer WHERE { wd:Q1029907 wdt:P2789 ?X . ?X wdt:P2289 ?answer}
What is {population} of {Los Lagos Region} where {determination method} is {census} ?,SELECT ?obj WHERE { wd:Q2178 p:P1082 ?s . ?s ps:P1082 ?obj . ?s pq:P459 wd:Q39825 }
What is the professional term for Rugby?,select distinct ?obj where { wd:Q5378 wdt:P3095 ?obj . ?obj wdt:P31 wd:Q28640 }
What position did Fridtjof Nansen hold starting 1922?,"SELECT ?obj WHERE { wd:Q72292 p:P39 ?s . ?s ps:P39 ?obj . ?s pq:P580 ?x filter(contains(YEAR(?x),'1922')) }"
What is the postal index number of where Brad Pitt lives?,SELECT ?answer WHERE { wd:Q35332 wdt:P551 ?X . ?X wdt:P281 ?answer}
Give me the statement is subject for Annette Bening has nominated for as Academy Award for Best Actress ?,SELECT ?value WHERE { wd:Q190602 p:P1411 ?s . ?s ps:P1411 wd:Q103618 . ?s pq:P805 ?value}
What is the graduate of Smita Patil whose year incorporated is 1857-7-18?,"SELECT ?answer WHERE { wd:Q467960 wdt:P69 ?answer . ?answer wdt:P571 ?x FILTER(contains(YEAR(?x),'1857'))}"
What are the {transliteration for the {Zhongshan} ?,SELECT (COUNT(?obj) AS ?value ) { wd:Q59223 wdt:P2440 ?obj }
What is notable about the border of Utah and Wyoming?,SELECT ?value WHERE { wd:Q829 p:P47 ?s . ?s ps:P47 wd:Q1214 . ?s pq:P805 ?value}
Who gave the  {summit} of {system of mountains} of {Stevens Pass} ?,SELECT ?answer WHERE { wd:Q3494853 wdt:P4552 ?X . ?X wdt:P610 ?answer}
Tell me the business of the stock exchange of the New York Stock Exchange that contains the word wabtec in it's name?,"SELECT DISTINCT ?sbj ?sbj_label WHERE { ?sbj wdt:P31 wd:Q4830453 . ?sbj wdt:P414 wd:Q13677 . ?sbj rdfs:label ?sbj_label . FILTER(CONTAINS(lcase(?sbj_label), 'wabtec')) . FILTER (lang(?sbj_label) = 'en') } LIMIT 25"
What book by Siegfried has the famous work Tristan und Isolde?,SELECT ?answer WHERE { wd:Q333146 wdt:P87 ?answer . ?answer wdt:P800 wd:Q1324254}
When did Shivaji and Sakavaarbai become married?,SELECT ?value WHERE { wd:Q239505 p:P26 ?s . ?s ps:P26 wd:Q7402864 . ?s pq:P580 ?value}
Name the award received by George Boole in 1844,"SELECT ?obj WHERE { wd:Q134661 p:P166 ?s . ?s ps:P166 ?obj . ?s pq:P585 ?x filter(contains(YEAR(?x),'1844')) }"
When did Johnny Carson start as the presenter for The Tonight Show?,SELECT ?value WHERE { wd:Q1338655 p:P371 ?s . ?s ps:P371 wd:Q310819 . ?s pq:P580 ?value}
What position did Valentin Gomez Farias hold until year 1833?,"SELECT ?obj WHERE { wd:Q358534 p:P39 ?s . ?s ps:P39 ?obj . ?s pq:P582 ?x filter(contains(YEAR(?x),'1833')) }"
Which is the Public Eye Award for the winner of Walmart?,select distinct ?sbj where { ?sbj wdt:P1346 wd:Q483551 . ?sbj wdt:P31 wd:Q1317937 }
What is the sister of the Johanna of Castile's child?,SELECT ?answer WHERE { wd:Q171136 wdt:P22 ?X . ?X wdt:P3373 ?answer}
Which is the seat of the radio station of Prime News?,SELECT ?answer WHERE { wd:Q7243328 wdt:P449 ?X . ?X wdt:P159 ?answer}
"Name a university affiliated to Purdue University that contains the word ""Purdue"" in its name","SELECT DISTINCT ?sbj ?sbj_label WHERE { ?sbj wdt:P31 wd:Q615150 . ?sbj wdt:P1416 wd:Q929715 . ?sbj rdfs:label ?sbj_label . FILTER(CONTAINS(lcase(?sbj_label), 'purdue')) . FILTER (lang(?sbj_label) = 'en') } LIMIT 25"
Who is {sons} and {daughter of} {Odysseus} ?,SELECT ?answer WHERE { wd:Q47231 wdt:P22 ?X . ?X wdt:P40 ?answer}
What is the end time for Vidkun Quisling who has a spouse as Alexandra Voronin?,SELECT ?value WHERE { wd:Q151364 p:P26 ?s . ?s ps:P26 wd:Q21157946 . ?s pq:P582 ?value}
What award did Darya Domracheve receive as a participant in the 2018 Winter Olympic - Women's Relay Biathlon?,SELECT ?value WHERE { wd:Q209193 p:P1344 ?s . ?s ps:P1344 wd:Q47155505 . ?s pq:P166 ?value}
"What language did Mary, Queen of Hungary speak?",SELECT ?answer WHERE { wd:Q154412 wdt:P103 ?answer . ?answer wdt:P5110 wd:Q51929447}
What pop art has Q48460 influenced?,SELECT ?answer WHERE { wd:Q134147 wdt:P737 ?X . ?X wdt:P1036 ?answer}
which country in Beersheba  has am end time of 1917-10-31?,"SELECT ?obj WHERE { wd:Q41843 p:P17 ?s . ?s ps:P17 ?obj . ?s pq:P582 ?x filter(contains(YEAR(?x),'1917')) }"
,select distinct ?obj where { wd:Q65 wdt:P47 ?obj . ?obj wdt:P31 wd:Q123705 }
Tell me sport discipline whose name has the word  wheelchair in it.,"SELECT DISTINCT ?sbj ?sbj_label WHERE { ?sbj wdt:P31 wd:Q2312410 . ?sbj rdfs:label ?sbj_label . FILTER(CONTAINS(lcase(?sbj_label), 'wheelchair')) . FILTER (lang(?sbj_label) = 'en') } LIMIT 25"
What is the bibliography of the  PhD advisor to Karl Herzfeld?,SELECT ?answer WHERE { wd:Q84763 wdt:P184 ?X . ?X wdt:P800 ?answer}
What differs from extrusion if an instrument that's played has tension?,SELECT ?answer WHERE { wd:Q139143 wdt:P1889 ?answer . ?answer wdt:P2283 wd:Q908584}
What is the history of the science of language  and family?,SELECT ?answer WHERE { wd:Q25295 wdt:P2579 ?X . ?X wdt:P2184 ?answer}
What significant event is proportionate to 0.001 Russian ruble?,"SELECT ?obj WHERE { wd:Q41044 p:P793 ?s . ?s ps:P793 ?obj . ?s pq:P1107 ?x filter(contains(?x,'0.001')) }"
When did Ginger Lynn receive an AVN Award?,SELECT ?value WHERE { wd:Q233596 p:P166 ?s . ?s ps:P166 wd:Q824540 . ?s pq:P585 ?value}
what was the starting point by seville?,SELECT (COUNT(?sub) AS ?value ) { ?sub wdt:P1427 wd:Q8717 }
What exchange does the designer of x86 use?,SELECT ?answer WHERE { wd:Q182933 wdt:P287 ?X . ?X wdt:P414 ?answer}
What are the national cuisine which start with the letter m,"SELECT DISTINCT ?sbj ?sbj_label WHERE { ?sbj wdt:P31 wd:Q1968435 . ?sbj rdfs:label ?sbj_label . FILTER(STRSTARTS(lcase(?sbj_label), 'm')) . FILTER (lang(?sbj_label) = 'en') } LIMIT 25"
What oil drop experiment is the ASME Medal named for?  What is the prize awarded?,SELECT ?answer WHERE { wd:Q649803 wdt:P138 ?answer . ?answer wdt:P166 wd:Q3298662}
What is the capital of the is in the city  of Jauca?,SELECT ?answer WHERE { wd:Q13736489 wdt:P131 ?X . ?X wdt:P36 ?answer}
What is the language official of World Baseball Softball Confederation whose typology is nominative–accusative language?,SELECT ?answer WHERE { wd:Q11362472 wdt:P37 ?answer . ?answer wdt:P4132 wd:Q178435}
What award did Joseph E. Stiglitz receive at the start of 1979?,"SELECT ?obj WHERE { wd:Q18430 p:P166 ?s . ?s ps:P166 ?obj . ?s pq:P585 ?x filter(contains(YEAR(?x),'1979')) }"
Which major did Kenneth Arrow achieve at Columbia University?,SELECT ?value WHERE { wd:Q192592 p:P69 ?s . ?s ps:P69 wd:Q49088 . ?s pq:P812 ?value}
What is the type of taxon parent of Felidae?,SELECT ?answer WHERE { wd:Q25265 wdt:P171 ?X . ?X wdt:P105 ?answer}
How many cites were there for Dracula?,SELECT (COUNT(?obj) AS ?value ) { wd:Q41542 wdt:P2860 ?obj }
What was Adlai Stevenson II nominated for in the year 1965?,"SELECT ?obj WHERE { wd:Q311719 p:P1411 ?s . ?s ps:P1411 ?obj . ?s pq:P585 ?x filter(contains(YEAR(?x),'1965')) }"
What is music genre of comes before  I mine øjne ?,SELECT ?answer WHERE { wd:Q3791021 wdt:P156 ?X . ?X wdt:P136 ?answer}
What is copy of products for Arcadia Machine & Tool ?,SELECT ?answer WHERE { wd:Q4034274 wdt:P1056 ?X . ?X wdt:P144 ?answer}
What event of the Ottoman wars in Europe is located on earth at 41.0?,"SELECT ?answer WHERE { wd:Q698985 wdt:P710 ?answer . ?answer wdt:P625 ?x FILTER(contains(?x,'41.0'))}"
What award was Dianne Wiest nominated for at the 67th Academy Awards?,SELECT ?obj WHERE { wd:Q217573 p:P1411 ?s . ?s ps:P1411 ?obj . ?s pq:P805 wd:Q857001 }
How many Targets are by banks?,SELECT (COUNT(?sub) AS ?value ) { ?sub wdt:P533 wd:Q22687 }
"What is made of an orange cartoon cat, that has gender is boy?",SELECT ?answer WHERE { wd:Q72533 wdt:P170 ?answer . ?answer wdt:P21 wd:Q6581097}
"What sports team did athlete Marco van Basten leave after Jan. 1st, 1987?","SELECT ?obj WHERE { wd:Q483629 p:P54 ?s . ?s ps:P54 ?obj . ?s pq:P582 ?x filter(contains(YEAR(?x),'1987')) }"
What is {based on} and the {named after} of {Watt} ?,SELECT ?ans_1 ?ans_2 WHERE { wd:Q25236 wdt:P144 ?ans_1 . wd:Q25236 wdt:P138 ?ans_2 }
What are dog breed which start with the letter w,"SELECT DISTINCT ?sbj ?sbj_label WHERE { ?sbj wdt:P31 wd:Q39367 . ?sbj rdfs:label ?sbj_label . FILTER(STRSTARTS(lcase(?sbj_label), 'w')) . FILTER (lang(?sbj_label) = 'en') } LIMIT 25"
Where was Jerry Lewis born and what caused his death?,SELECT ?ans_1 ?ans_2 WHERE { wd:Q294927 wdt:P509 ?ans_1 . wd:Q294927 wdt:P19 ?ans_2 }
How many programming languages are made by Perl?,SELECT (COUNT(?sub) AS ?value ) { ?sub wdt:P277 wd:Q42478 }
Which career chemist developed radium?,SELECT ?answer WHERE { wd:Q1128 wdt:P61 ?answer . ?answer wdt:P106 wd:Q593644}
"When was the Hyogo Prefecture first known as ""Western Australia""?",SELECT ?value WHERE { wd:Q130290 p:P190 ?s . ?s ps:P190 wd:Q3206 . ?s pq:P580 ?value}
What is award received of Robert Fisk that is point in time is 2000-0-0 ?,"SELECT ?obj WHERE { wd:Q310900 p:P166 ?s . ?s ps:P166 ?obj . ?s pq:P585 ?x filter(contains(YEAR(?x),'2000')) }"
Who studies professional canoeing?,SELECT ?answer WHERE { wd:Q20856109 wdt:P3095 ?X . ?X wdt:P425 ?answer}
"What is the correct way to say ""ecology"" in German?",SELECT ?obj WHERE { wd:Q7150 p:P443 ?s . ?s ps:P443 ?obj . ?s pq:P407 wd:Q188 }
where is the country and writing system of Punjabi_language?,SELECT ?ans_1 ?ans_2 WHERE { wd:Q58635 wdt:P17 ?ans_1 . wd:Q58635 wdt:P282 ?ans_2 }
When did Robert Mueller start as the United States Deputy Attorney General?,SELECT ?value WHERE { wd:Q715156 p:P39 ?s . ?s ps:P39 wd:Q1364289 . ?s pq:P580 ?value}
What is the diplomatic relation of Cambodia whose national anthem is Hatikvah?,SELECT ?answer WHERE { wd:Q424 wdt:P530 ?answer . ?answer wdt:P85 wd:Q130865}
Who is the relative and what is the role of Dirk Nowitzki?,SELECT ?ans_1 ?ans_2 WHERE { wd:Q44068 wdt:P1038 ?ans_1 . wd:Q44068 wdt:P413 ?ans_2 }
Who is the founder of Tamara Ecclestone working for?,SELECT ?answer WHERE { wd:Q2465450 wdt:P108 ?X . ?X wdt:P112 ?answer}
What award did Henry Shefflin receive in 2006?,"SELECT ?obj WHERE { wd:Q967636 p:P166 ?s . ?s ps:P166 ?obj . ?s pq:P585 ?x filter(contains(YEAR(?x),'2006')) }"
Name an athlete competing in long jump,select distinct ?sbj where { ?sbj wdt:P2416 wd:Q170737 . ?sbj wdt:P31 wd:Q5 }
When did Pamplona become the capital of Navarre?,SELECT ?value WHERE { wd:Q10282 p:P1376 ?s . ?s ps:P1376 wd:Q4018 . ?s pq:P580 ?value}
Tell me the extreme murder ?,select ?ent where { ?ent wdt:P31 wd:Q132821 . ?ent wdt:P1120 ?obj } ORDER BY DESC(?obj)LIMIT 5
What is Watt based on the way to measure the physical quantity?,SELECT ?ans_1 ?ans_2 WHERE { wd:Q25236 wdt:P111 ?ans_1 . wd:Q25236 wdt:P144 ?ans_2 }
Anna Netrebko has how many roles?,SELECT (COUNT(?obj) AS ?value ) { wd:Q78516 wdt:P453 ?obj }
When did Jose Luis Chila start playing for C.A Velez Sarsfield?,SELECT ?value WHERE { wd:Q216312 p:P54 ?s . ?s ps:P54 wd:Q215163 . ?s pq:P580 ?value}
When was Yukio Mishima nominated for a Nobel Prize in Literature?,SELECT ?value WHERE { wd:Q134456 p:P1411 ?s . ?s ps:P1411 wd:Q37922 . ?s pq:P585 ?value}
"What twinned administrative body of Cuenca began on March 14, 2000?","SELECT ?obj WHERE { wd:Q54886 p:P190 ?s . ?s ps:P190 ?obj . ?s pq:P580 ?x filter(contains(YEAR(?x),'2000')) }"
Which political party was Imre Nagy a member in 1948?,"SELECT ?obj WHERE { wd:Q177917 p:P102 ?s . ?s ps:P102 ?obj . ?s pq:P580 ?x filter(contains(YEAR(?x),'1948')) }"
Name a parent taxon of Spinacia oleracea,select distinct ?obj where { wd:Q81464 wdt:P171 ?obj . ?obj wdt:P31 wd:Q16521 }
Who replaced Maurice Maeterlink as member of Belgium Royal Academy of French language and literature?,SELECT ?value WHERE { wd:Q49747 p:P463 ?s . ?s ps:P463 wd:Q2166029 . ?s pq:P1366 ?value}
When Camille Pissarro ended to work at Netherlands?,SELECT ?value WHERE { wd:Q134741 p:P937 ?s . ?s ps:P937 wd:Q55 . ?s pq:P582 ?value}
What is a cinematic technique that starts with the letter t.,"SELECT DISTINCT ?sbj ?sbj_label WHERE { ?sbj wdt:P31 wd:Q1001378 . ?sbj rdfs:label ?sbj_label . FILTER(STRSTARTS(lcase(?sbj_label), 't')) . FILTER (lang(?sbj_label) = 'en') } LIMIT 25"
Andrei Tarkovsky won the Golden Lion award for what work?,SELECT ?value WHERE { wd:Q853 p:P166 ?s . ?s ps:P166 wd:Q209459 . ?s pq:P1686 ?value}
What position did John Nance Garner lose in 1933?,"SELECT ?obj WHERE { wd:Q298991 p:P39 ?s . ?s ps:P39 ?obj . ?s pq:P582 ?x filter(contains(YEAR(?x),'1933')) }"
In what field was Romy Schneider nominated for the César Award for Best Actress?,SELECT ?value WHERE { wd:Q78469 p:P1411 ?s . ?s ps:P1411 wd:Q24241 . ?s pq:P1686 ?value}
Which record label signed Janet Jackson?,select distinct ?obj where { wd:Q131324 wdt:P264 ?obj . ?obj wdt:P31 wd:Q18127 }
What are the causes that produce the embryo?,SELECT ?answer WHERE { wd:Q33196 wdt:P155 ?X . ?X wdt:P1542 ?answer}
What is the name of the airline that operated Airbus A300?,select distinct ?sbj where { ?sbj wdt:P121 wd:Q6437 . ?sbj wdt:P31 wd:Q46970 }
Chronic Obstructive Pulmonary Disease falls into which health speciality and which drug is used for its treatment?,SELECT ?ans_1 ?ans_2 WHERE { wd:Q199804 wdt:P1995 ?ans_1 . wd:Q199804 wdt:P2176 ?ans_2 }
Victor Hugo is the father to how many individuals?,SELECT (COUNT(?sub) AS ?value ) { ?sub wdt:P22 wd:Q535 }
How would you spell meat pie using the international phonetic alphabet?,SELECT ?answer WHERE { wd:Q5367573 wdt:P186 ?X . ?X wdt:P443 ?answer}
What tennis awards has Billie Jean King won?,select distinct ?obj where { wd:Q54527 wdt:P2522 ?obj . ?obj wdt:P31 wd:Q46190676 }
When did Akita start in twinned administrative body at St. Cloud,SELECT ?value WHERE { wd:Q17139 p:P190 ?s . ?s ps:P190 wd:Q736834 . ?s pq:P580 ?value}
"Using a map point of 47.0, what is the William Thomas Stead's place of death?","SELECT ?answer WHERE { wd:Q288301 wdt:P20 ?answer . ?answer wdt:P625 ?x FILTER(contains(?x,'47.0'))}"
Which religious group is the largest within Christianity?,select distinct ?sbj where { ?sbj wdt:P2184 wd:Q235329 . ?sbj wdt:P31 wd:Q6957341 }
Who is the contributor(s) responsible for creating Mickey Mouse?,SELECT ?ans_1 ?ans_2 WHERE { wd:Q11934 wdt:P767 ?ans_1 . wd:Q11934 wdt:P1441 ?ans_2 }
What are the major literary works in English?,select distinct ?sbj where { ?sbj wdt:P407 wd:Q1860 . ?sbj wdt:P31 wd:Q7725634 }
Which London District Line staion has the least number of passengers,select ?ent where { ?ent wdt:P31 wd:Q14562709 . ?ent wdt:P3872 ?obj . ?ent wdt:P81 wd:Q211265} ORDER BY ASC(?obj)LIMIT 5
What is the gender and religion of Alan Watts?,SELECT ?ans_1 ?ans_2 WHERE { wd:Q354867 wdt:P21 ?ans_1 . wd:Q354867 wdt:P140 ?ans_2 }
"What is the archive with the  most data size whose owned by is  Wikimedia Foundation, Inc.?",select ?ent where { ?ent wdt:P31 wd:Q166118 . ?ent wdt:P3575 ?obj . ?ent wdt:P127 wd:Q180 } ORDER BY DESC(?obj)LIMIT 5
Which American citizen has spent the least amount of time in space?,select ?ent where { ?ent wdt:P31 wd:Q5 . ?ent wdt:P2873 ?obj . ?ent wdt:P27 wd:Q30} ORDER BY ASC(?obj)LIMIT 5
For which work did Alan Jay Lerner win Best Writing and Adapted Screenplay at the Academy Awards for?,SELECT ?value WHERE { wd:Q961893 p:P166 ?s . ?s ps:P166 wd:Q107258 . ?s pq:P805 ?value}
What ilocation to takes part of Stanislav Cherchesov ?,SELECT ?answer WHERE { wd:Q699557 wdt:P1344 ?X . ?X wdt:P276 ?answer}
What are the neighborhood  which start with the letter z,"SELECT DISTINCT ?sbj ?sbj_label WHERE { ?sbj wdt:P31 wd:Q123705 . ?sbj rdfs:label ?sbj_label . FILTER(STRSTARTS(lcase(?sbj_label), 'z')) . FILTER (lang(?sbj_label) = 'en') } LIMIT 25"
Where is Sindh geographically located,select distinct ?obj where { wd:Q37211 wdt:P2633 ?obj . ?obj wdt:P31 wd:Q46865913 }
Who gave the{academic discipline} of {mentor} of {Hermann Lotze} ?,SELECT ?answer WHERE { wd:Q57684 wdt:P1066 ?X . ?X wdt:P101 ?answer}
What written work is the foundational text of Esperanto?,select distinct ?obj where { wd:Q143 wdt:P457 ?obj . ?obj wdt:P31 wd:Q47461344 }
What are the conjecture which start with the letter problem,"SELECT DISTINCT ?sbj ?sbj_label WHERE { ?sbj wdt:P31 wd:Q319141 . ?sbj rdfs:label ?sbj_label . FILTER(CONTAINS(lcase(?sbj_label), 'problem')) . FILTER (lang(?sbj_label) = 'en') } LIMIT 25"
how many member active in for Lysander Spooner ?,SELECT ?answer WHERE { wd:Q538091 wdt:P937 ?X . ?X wdt:P463 ?answer}
"""Who is {songwriter} of {Symphonie Fantastique}, which has {plays} is {guitar} ?""",SELECT ?answer WHERE { wd:Q462313 wdt:P86 ?answer . ?answer wdt:P1303 wd:Q6607}
"Who was the presenter for Meet the Press starting on September 16, 1984?","SELECT ?obj WHERE { wd:Q1543066 p:P371 ?s . ?s ps:P371 ?obj . ?s pq:P580 ?x filter(contains(YEAR(?x),'1984')) }"
What award did Amnesty International receive in 1988?,"SELECT ?obj WHERE { wd:Q42970 p:P166 ?s . ?s ps:P166 ?obj . ?s pq:P585 ?x filter(contains(YEAR(?x),'1988')) }"
Where in Père Lachaise Cemetery is Jean-François Champollion buried?,SELECT ?value WHERE { wd:Q260 p:P119 ?s . ?s ps:P119 wd:Q311 . ?s pq:P965 ?value}
What is the ranking of Russia at the FIFA World Cup?,select ?ent where { ?ent wdt:P31 wd:Q7381959 . ?ent wdt:P1352 ?obj } ORDER BY DESC(?obj)LIMIT 5
who is the father and child of Vince_McMahon?,SELECT ?ans_1 ?ans_2 WHERE { wd:Q44430 wdt:P22 ?ans_1 . wd:Q44430 wdt:P40 ?ans_2 }
"Which is the {languages spoken, written or signed} and the {native language} of {Pope_Francis} ?",SELECT ?ans_1 ?ans_2 WHERE { wd:Q450675 wdt:P1412 ?ans_1 . wd:Q450675 wdt:P103 ?ans_2 }
How many crew members for the film Ub Iwerks} ?,SELECT (COUNT(?sub) AS ?value ) { ?sub wdt:P3092 wd:Q336424 }
Who is affiliated with NYU?,select distinct ?sbj where { ?sbj wdt:P1416 wd:Q49210 . ?sbj wdt:P31 wd:Q5 }
"What what is divide and conquer algorithm discoverer or inventor Tony Hoare  
 and also which starts with letter q","SELECT DISTINCT ?sbj ?sbj_label WHERE { ?sbj wdt:P31 wd:Q671298 . ?sbj wdt:P61 wd:Q92602 . ?sbj rdfs:label ?sbj_label . FILTER(STRSTARTS(lcase(?sbj_label), 'q')) . FILTER (lang(?sbj_label) = 'en') } LIMIT 25"
Where is Clara Schumann buried in Alter Friedhof?,SELECT ?value WHERE { wd:Q132232 p:P119 ?s . ?s ps:P119 wd:Q318822 . ?s pq:P625 ?value}
What is the sexual orientation and sex or gender of Little Richard?,SELECT ?ans_1 ?ans_2 WHERE { wd:Q82222 wdt:P91 ?ans_1 . wd:Q82222 wdt:P21 ?ans_2 }
Which is the university and college sports club that represents Georgia Institute of Technology?,select distinct ?sbj where { ?sbj wdt:P1268 wd:Q864855 . ?sbj wdt:P31 wd:Q2367225 }
tell  me class of instruments which name has  the word instrument in it,"SELECT DISTINCT ?sbj ?sbj_label WHERE { ?sbj wdt:P31 wd:Q1254773 . ?sbj rdfs:label ?sbj_label . FILTER(CONTAINS(lcase(?sbj_label), 'instrument')) . FILTER (lang(?sbj_label) = 'en') } LIMIT 25"
"Name a city that contains the word ""milwaukee "" in its name","SELECT DISTINCT ?sbj ?sbj_label WHERE { ?sbj wdt:P31 wd:Q15221304 . ?sbj wdt:P237 wd:Q7440568 . ?sbj rdfs:label ?sbj_label . FILTER(CONTAINS(lcase(?sbj_label), 'milwaukee')) . FILTER (lang(?sbj_label) = 'en') } LIMIT 25"
Where are the headquarters of Yuriy Tselykh's team located?,SELECT ?answer WHERE { wd:Q8061738 wdt:P54 ?X . ?X wdt:P159 ?answer}
When did Cesar Franck become a citizen of the United Kingdom of the Netherlands?,SELECT ?value WHERE { wd:Q50187 p:P27 ?s . ?s ps:P27 wd:Q15864 . ?s pq:P580 ?value}
What is the location of the PricewaterhouseCoopers headquarters that has a SE1 2RT postal code?,"SELECT ?obj WHERE { wd:Q488048 p:P159 ?s . ?s ps:P159 ?obj . ?s pq:P281 ?x filter(contains(?x,'SE1 2RT')) }"
Tell me psychoactive drug  whose name has the word opium  in it.,"SELECT DISTINCT ?sbj ?sbj_label WHERE { ?sbj wdt:P31 wd:Q3706669 . ?sbj rdfs:label ?sbj_label . FILTER(CONTAINS(lcase(?sbj_label), 'opium')) . FILTER (lang(?sbj_label) = 'en') } LIMIT 25"
How many are executive produced by Sydney Pollack?,SELECT (COUNT(?sub) AS ?value ) { ?sub wdt:P1431 wd:Q51522 }
Who is the mascot of Alan I. Bigel's faculty?,SELECT ?answer WHERE { wd:Q4706930 wdt:P69 ?X . ?X wdt:P822 ?answer}
What is the {aspect of history} that {follows} {apartheid}?,select distinct ?sbj where { ?sbj wdt:P155 wd:Q11409 . ?sbj wdt:P31 wd:Q17524420 }
what was the baku population in the year 1979?,"SELECT ?obj WHERE { wd:Q9248 p:P1082 ?s . ?s ps:P1082 ?obj . ?s pq:P585 ?x filter(contains(YEAR(?x),'1979')) }"
did john grisham have a degree in law in the University of mississippi school of law?,SELECT ?value WHERE { wd:Q106465 p:P69 ?s . ?s ps:P69 wd:Q14693404 . ?s pq:P512 ?value}
How do you pronounce Georges Pompidous name? It's French.,SELECT ?obj WHERE { wd:Q2185 p:P443 ?s . ?s ps:P443 ?obj . ?s pq:P407 wd:Q150 }
Who is the director and executive producer of Breaking Bad?,SELECT ?ans_1 ?ans_2 WHERE { wd:Q1079 wdt:P57 ?ans_1 . wd:Q1079 wdt:P1431 ?ans_2 }
What are the sculptors of Patrick's Staycation/ Walking the Plankton ?,SELECT ?answer WHERE { wd:Q29565419 wdt:P179 ?X . ?X wdt:P170 ?answer}
When was Dmitry Medvedev the First Deputy Chairman of the Government of the Russian Federation?,SELECT ?value WHERE { wd:Q23530 p:P39 ?s . ?s ps:P39 wd:Q1965788 . ?s pq:P580 ?value}
"How was Lemmy Kilmister, who was taking the prescription drug hydroxyurea, murdered?",SELECT ?answer WHERE { wd:Q309926 wdt:P509 ?answer . ?answer wdt:P2176 wd:Q212272}
"""Which is {marry} of {Cassiopeia}, who {has son} is {Andromeda} ?""",SELECT ?answer WHERE { wd:Q207681 wdt:P26 ?answer . ?answer wdt:P40 wd:Q161582}
What civic building contains the word house in its name?,"SELECT DISTINCT ?sbj ?sbj_label WHERE { ?sbj wdt:P31 wd:Q52177058 . ?sbj rdfs:label ?sbj_label . FILTER(CONTAINS(lcase(?sbj_label), 'house')) . FILTER (lang(?sbj_label) = 'en') } LIMIT 25"
Give me the series ordinal for Chuck Berry has given name as Anderson ?,SELECT ?value WHERE { wd:Q5921 p:P735 ?s . ?s ps:P735 wd:Q16274894 . ?s pq:P1545 ?value}
Name a country where people speak english and that starts with letter z,"SELECT DISTINCT ?sbj ?sbj_label WHERE { ?sbj wdt:P31 wd:Q6256 . ?sbj wdt:P37 wd:Q1860 . ?sbj rdfs:label ?sbj_label . FILTER(STRSTARTS(lcase(?sbj_label), 'z')) . FILTER (lang(?sbj_label) = 'en') } LIMIT 25"
What is the performer and occupation of Merlin,SELECT ?ans_1 ?ans_2 WHERE { wd:Q188044 wdt:P175 ?ans_1 . wd:Q188044 wdt:P106 ?ans_2 }
What is taxon parent symbol of Utah?,SELECT ?answer WHERE { wd:Q829 wdt:P2238 ?X . ?X wdt:P171 ?answer}
Which spacecraft Alan Shepard used in his astronaut mission?,select distinct ?obj where { wd:Q174979 wdt:P450 ?obj . ?obj wdt:P31 wd:Q7217761 }
"Tell me me a ethnic group whose name consist of the word ""sioux"" and whose language used Sioux","SELECT DISTINCT ?sbj ?sbj_label WHERE { ?sbj wdt:P31 wd:Q41710 . ?sbj wdt:P2936 wd:Q13268 . ?sbj rdfs:label ?sbj_label . FILTER(CONTAINS(lcase(?sbj_label), 'sioux')) . FILTER (lang(?sbj_label) = 'en') } LIMIT 25"
"In 1967, what city was the twinned administrative body of Skopje?","SELECT ?obj WHERE { wd:Q384 p:P190 ?s . ?s ps:P190 ?obj . ?s pq:P580 ?x filter(contains(YEAR(?x),'1967')) }"
What does the native language of Alberto Dines sound like?,SELECT ?answer WHERE { wd:Q682556 wdt:P103 ?X . ?X wdt:P443 ?answer}
What product was built by Asus ZenWatch 3?,SELECT ?answer WHERE { wd:Q30161124 wdt:P176 ?X . ?X wdt:P1056 ?answer}
"""Who is {born at} of {Tim Berners-Lee}, which has {PIN Code} is {UB} ?""","SELECT ?answer WHERE { wd:Q80 wdt:P19 ?answer . ?answer wdt:P281 ?x FILTER(contains(?x,'UB'))}"
Who was Rosa Luxemburg's spouse until 1903?,"SELECT ?obj WHERE { wd:Q7231 p:P26 ?s . ?s ps:P26 ?obj . ?s pq:P582 ?x filter(contains(YEAR(?x),'1903')) }"
Who became Secretary-General of the United Nations on 10th April 1953?,"SELECT ?obj WHERE { wd:Q81066 p:P1308 ?s . ?s ps:P1308 ?obj . ?s pq:P580 ?x filter(contains(YEAR(?x),'1953')) }"
Which is the {continent} and the {time period} of {Roman_Republic} ?,SELECT ?ans_1 ?ans_2 WHERE { wd:Q17167 wdt:P30 ?ans_1 . wd:Q17167 wdt:P2348 ?ans_2 }
At what position did Alp Arslan replace Tughrill?,SELECT ?obj WHERE { wd:Q200193 p:P39 ?s . ?s ps:P39 ?obj . ?s pq:P1365 wd:Q144565 }
What other brand uses components manufacturerd by Intel ?,select distinct ?sbj where { ?sbj wdt:P176 wd:Q248 . ?sbj wdt:P31 wd:Q431289 }
Who is Garrison of Indiana University Bloomington residing in Monroe County?,SELECT ?answer WHERE { wd:Q1079140 wdt:P159 ?answer . ?answer wdt:P131 wd:Q512699}
What is the birth place of Antonius Pius which is located in the administrative territorial entity of Lanuvium?,SELECT ?value WHERE { wd:Q1429 p:P19 ?s . ?s ps:P19 wd:Q2832670 . ?s pq:P131 ?value}
WHICH IS THE MOTIVATION PARTY OF WARSAW PACT INVASION OF CZECHOSLOVAKIA,SELECT ?answer WHERE { wd:Q1773668 wdt:P710 ?X . ?X wdt:P1451 ?answer}
what is work location of theo van doesburg that is point in time is 1929-1-1?,"SELECT ?obj WHERE { wd:Q160422 p:P937 ?s . ?s ps:P937 ?obj . ?s pq:P585 ?x filter(contains(YEAR(?x),'1929')) }"
What is the prevalence of tuberculosis?,SELECT (COUNT(?obj) AS ?value ) { wd:Q12204 wdt:P1193 ?obj }
Which  member of party of Klaus Gärtner ?,SELECT ?answer WHERE { wd:Q1745154 wdt:P102 ?X . ?X wdt:P463 ?answer}
What team did Sourav Ganguly play for starting in 2005?,"SELECT ?obj WHERE { wd:Q561487 p:P54 ?s . ?s ps:P54 ?obj . ?s pq:P580 ?x filter(contains(YEAR(?x),'2005')) }"
When did Gottlob Frege acquire his academic degree in habilitation.,SELECT ?value WHERE { wd:Q60028 p:P512 ?s . ?s ps:P512 wd:Q308678 . ?s pq:P585 ?value}
TELL ME DOG WHOSE NAME HAS THE WORD ULK IN IT,"SELECT DISTINCT ?sbj ?sbj_label WHERE { ?sbj wdt:P31 wd:Q144 . ?sbj rdfs:label ?sbj_label . FILTER(CONTAINS(lcase(?sbj_label), 'ulk')) . FILTER (lang(?sbj_label) = 'en') } LIMIT 25"
What engine family has the highest compression ratio?,select ?ent where { ?ent wdt:P31 wd:Q15057020 . ?ent wdt:P1247 ?obj } ORDER BY DESC(?obj)LIMIT 5
which language that starts with u,"SELECT DISTINCT ?sbj ?sbj_label WHERE { ?sbj wdt:P31 wd:Q34770 . ?sbj rdfs:label ?sbj_label . FILTER(STRSTARTS(lcase(?sbj_label), 'u')) . FILTER (lang(?sbj_label) = 'en') } LIMIT 25"
Which is the Brit Humes's faculty that has been founded by Thomas Jefferson?,SELECT ?answer WHERE { wd:Q2245635 wdt:P69 ?answer . ?answer wdt:P112 wd:Q11812}
"What location is adjacent to the city of Mandaue, that contains the state of Zapatera?",SELECT ?answer WHERE { wd:Q1889017 wdt:P47 ?answer . ?answer wdt:P150 wd:Q26821340}
What is the customer service management tool used by Verizon?,select distinct ?sbj where { ?sbj wdt:P156 wd:Q467752 . ?sbj wdt:P31 wd:Q6881511 }
What work is Lewis Mumford nominated for is it the National Book Award for Nonfiction?,SELECT ?value WHERE { wd:Q469888 p:P1411 ?s . ?s ps:P1411 wd:Q3873147 . ?s pq:P1686 ?value}
Give the highest attendance of the sports season?,select ?ent where { ?ent wdt:P31 wd:Q27020041 . ?ent wdt:P1110 ?obj } ORDER BY DESC(?obj)LIMIT 5
When did John Hume end his position held as Member of the Parliament of Norther Ireland?,SELECT ?value WHERE { wd:Q193630 p:P39 ?s . ?s ps:P39 wd:Q19462434 . ?s pq:P582 ?value}
what is w3c recommendation starts with x,"SELECT DISTINCT ?sbj ?sbj_label WHERE { ?sbj wdt:P31 wd:Q2661442 . ?sbj rdfs:label ?sbj_label . FILTER(STRSTARTS(lcase(?sbj_label), 'x')) . FILTER (lang(?sbj_label) = 'en') } LIMIT 25"
Who is the editor of Wikipedia?,select distinct ?obj where { wd:Q52 wdt:P98 ?obj . ?obj wdt:P31 wd:Q177634 }
What is the population of England in 2015?,"SELECT ?obj WHERE { wd:Q21 p:P1082 ?s . ?s ps:P1082 ?obj . ?s pq:P585 ?x filter(contains(YEAR(?x),'2015')) }"
Which is the one responsible commander for John Ledyard's headed branch,SELECT ?answer WHERE { wd:Q718690 wdt:P241 ?X . ?X wdt:P4791 ?answer}
How many engines does the Airbus A320 have ?,SELECT (COUNT(?obj) AS ?value ) { wd:Q6475 wdt:P516 ?obj }
What is the typology of the language spoken by Graham Greene?,SELECT ?answer WHERE { wd:Q128560 wdt:P1412 ?X . ?X wdt:P4132 ?answer}
"""What is {main topic} of {bardo}, which {founded in} is {Bodh Gaya} ?""",SELECT ?answer WHERE { wd:Q256585 wdt:P1269 ?answer . ?answer wdt:P740 wd:Q176767}
Who speaks the same language of George Michael?,SELECT ?answer WHERE { wd:Q130311 wdt:P1412 ?X . ?X wdt:P5110 ?answer}
Which is published in the series of Shin Megami Tensei: Devil Survivor?,SELECT ?answer WHERE { wd:Q945187 wdt:P179 ?X . ?X wdt:P400 ?answer}
Who are the students of Lee Strasberg whose death place is Westport?,SELECT ?answer WHERE { wd:Q297945 wdt:P802 ?answer . ?answer wdt:P20 wd:Q586762}
"What uses language from Mary Wollstonecraft, which has the label in original language of Deutsch?","SELECT ?answer WHERE { wd:Q101638 wdt:P1412 ?answer . ?answer wdt:P1705 ?x FILTER(contains(?x,'Deutsch'))}"
Who was Michael Faraday's teacher ?,select distinct ?sbj where { ?sbj wdt:P802 wd:Q8750 . ?sbj wdt:P31 wd:Q5 }
What manga is written in Japanese?,select distinct ?sbj where { ?sbj wdt:P407 wd:Q5287 . ?sbj wdt:P31 wd:Q8274 }
"""Where is {narrative set in} of {Lolita}, whichhas {diplomatic relation} is {Guyana} ?""",SELECT ?answer WHERE { wd:Q127149 wdt:P840 ?answer . ?answer wdt:P530 wd:Q734}
Whose professional harpsichordist's namesake was the Goldberg Variations named after?,SELECT ?answer WHERE { wd:Q213728 wdt:P138 ?answer . ?answer wdt:P106 wd:Q5371902}
Who is the student of Louis Pasteur?,select distinct ?obj where { wd:Q529 wdt:P802 ?obj . ?obj wdt:P31 wd:Q5 }
What finish did Voyager 1 have with planet Chaldene?,SELECT ?answer WHERE { wd:Q48469 wdt:P1444 ?answer . ?answer wdt:P398 wd:Q17035}
"What was the population of Damietta Governorate on November 17, 1986?","SELECT ?obj WHERE { wd:Q30644 p:P1082 ?s . ?s ps:P1082 ?obj . ?s pq:P585 ?x filter(contains(YEAR(?x),'1986')) }"
When did Sheikh Mujibur Rahman become president of Bangladesh?,SELECT ?value WHERE { wd:Q191375 p:P39 ?s . ?s ps:P39 wd:Q596123 . ?s pq:P580 ?value}
what is the stock price of the ING group?,"SELECT ?obj WHERE { wd:Q645708 p:P414 ?s . ?s ps:P414 ?obj . ?s pq:P249 ?x filter(contains(?x,'ING')) }"
What are the road type which start with the letter w,"SELECT DISTINCT ?sbj ?sbj_label WHERE { ?sbj wdt:P31 wd:Q7860962 . ?sbj rdfs:label ?sbj_label . FILTER(STRSTARTS(lcase(?sbj_label), 'w')) . FILTER (lang(?sbj_label) = 'en') } LIMIT 25"
how many records are held for pole vaulting?,SELECT (COUNT(?sub) AS ?value ) { ?sub wdt:P1000 wd:Q185027 }
What film series does Plane Daffy star in?,SELECT ?answer WHERE { wd:Q7201002 wdt:P179 ?X . ?X wdt:P161 ?answer}
"What is the uncertainty that corresponds to tritium, which has a mass excess of 14949.8?","SELECT ?value WHERE { wd:Q54389 p:P2160 ?s . ?s ps:P2160 ?x filter(contains(?x,'14949.8')) . ?s pq:P2571 ?value}"
What website does Isaak Babel have archived at the Hoover Institution Library and Archives?,SELECT ?value WHERE { wd:Q49080 p:P485 ?s . ?s ps:P485 wd:Q5898813 . ?s pq:P856 ?value}
WHICH IS THE WEB SEARCH ENGINE THAT STARTS WITH Y,"SELECT DISTINCT ?sbj ?sbj_label WHERE { ?sbj wdt:P31 wd:Q4182287 . ?sbj rdfs:label ?sbj_label . FILTER(STRSTARTS(lcase(?sbj_label), 'y')) . FILTER (lang(?sbj_label) = 'en') } LIMIT 25"
Name a science award conferred by Columbia Universit that starts with letter P,"SELECT DISTINCT ?sbj ?sbj_label WHERE { ?sbj wdt:P31 wd:Q11448906 . ?sbj wdt:P1027 wd:Q49088 . ?sbj rdfs:label ?sbj_label . FILTER(STRSTARTS(lcase(?sbj_label), 'p')) . FILTER (lang(?sbj_label) = 'en') } LIMIT 25"
What is won by the honorary titles of The Settlers of Catan?,SELECT ?answer WHERE { wd:Q17271 wdt:P166 ?X . ?X wdt:P1346 ?answer}
Oleg Davydov played what instrument for what sport?,SELECT ?answer WHERE { wd:Q920635 wdt:P641 ?X . ?X wdt:P2283 ?answer}
Who are the writers mentioned in Bertie the Bus?,SELECT ?answer WHERE { wd:Q4895666 wdt:P1441 ?X . ?X wdt:P50 ?answer}
What are the currency  which start with the letter yen,"SELECT DISTINCT ?sbj ?sbj_label WHERE { ?sbj wdt:P31 wd:Q8142 . ?sbj rdfs:label ?sbj_label . FILTER(CONTAINS(lcase(?sbj_label), 'yen')) . FILTER (lang(?sbj_label) = 'en') } LIMIT 25"
What is Sindh's head of government's public office for office?,select distinct ?obj where { wd:Q37211 wdt:P1313 ?obj . ?obj wdt:P31 wd:Q294414 }
What is the Q48460 of the place of incorporation of Guns N’ Roses ?,SELECT ?answer WHERE { wd:Q11895 wdt:P740 ?X . ?X wdt:P1036 ?answer}
Who is the {member of political party} and the {country of citizenship} of {Joe_Arpaio} ?,SELECT ?ans_1 ?ans_2 WHERE { wd:Q1372167 wdt:P102 ?ans_1 . wd:Q1372167 wdt:P27 ?ans_2 }
What's the date of death for Petrarch?,"SELECT ?obj WHERE { wd:Q1401 p:P570 ?s . ?s ps:P570 ?obj . ?s pq:P1326 ?x filter(contains(YEAR(?x),'1374')) }"
What is pronunciation audio of plays of kayak ?,SELECT ?answer WHERE { wd:Q179246 wdt:P641 ?X . ?X wdt:P443 ?answer}
What is the edition of this religious book of King James?,select distinct ?obj where { wd:Q623398 wdt:P629 ?obj . ?obj wdt:P31 wd:Q179461 }
What is the name of the shrine dedicated to Tokugawa Ieyasu?,select distinct ?sbj where { ?sbj wdt:P825 wd:Q171977 . ?sbj wdt:P31 wd:Q845945 }
When is Philo's birthday.,SELECT ?obj WHERE { wd:Q189597 p:P569 ?s . ?s ps:P569 ?obj . ?s pq:P1480 wd:Q5727902 }
"In 2003, how many out-of-school children were located in Chad?","SELECT ?obj WHERE { wd:Q657 p:P2573 ?s . ?s ps:P2573 ?obj . ?s pq:P585 ?x filter(contains(YEAR(?x),'2003')) }"
Who is {manager/director} of {European Southern Observatory} where {end time} is {1974-1-1} ?,"SELECT ?obj WHERE { wd:Q151991 p:P1037 ?s . ?s ps:P1037 ?obj . ?s pq:P582 ?x filter(contains(YEAR(?x),'1974')) }"
Which {subject has role} and the {significant drug interaction} of {Amphetamine} ?,SELECT ?ans_1 ?ans_2 WHERE { wd:Q179452 wdt:P2868 ?ans_1 . wd:Q179452 wdt:P769 ?ans_2 }
What is The Fleet of the Service Branch of Robert D. Russ?,SELECT ?answer WHERE { wd:Q7343340 wdt:P241 ?X . ?X wdt:P121 ?answer}
Which Doctor Zhivago writer has been honored with the Medal of Defense of Moscow?,SELECT ?answer WHERE { wd:Q206870 wdt:P50 ?answer . ?answer wdt:P166 wd:Q1069798}
What is number of out of school children continent of dvaravati?,SELECT ?answer WHERE { wd:Q1268307 wdt:P30 ?X . ?X wdt:P2573 ?answer}
How many directors are by Asia Argento?,SELECT (COUNT(?sub) AS ?value ) { ?sub wdt:P57 wd:Q232052 }
Which is the leading group unit of Guy Demel's team?,SELECT ?answer WHERE { wd:Q354919 wdt:P54 ?X . ?X wdt:P118 ?answer}
What is the Hanseatic city with the highest vehicles per capita (1000) whose category of associated people is Category:People from Lübeck?,select ?ent where { ?ent wdt:P31 wd:Q707813 . ?ent wdt:P5167 ?obj . ?ent wdt:P1792 wd:Q8741076 } ORDER BY DESC(?obj)LIMIT 5
What is the Victoria Cross awarded for?,select distinct ?obj where { wd:Q219578 wdt:P3729 ?obj . ?obj wdt:P31 wd:Q18328097 }
"How are Sophia of Hanover and Elizabeth Charlotte, Princess Palatine related?",SELECT ?value WHERE { wd:Q57224 p:P1038 ?s . ?s ps:P1038 wd:Q57221 . ?s pq:P1039 ?value}
For what role was Timothy Hutton nominated for an Academy Award for Best Supporting Actor?,SELECT ?value WHERE { wd:Q310324 p:P1411 ?s . ?s ps:P1411 wd:Q106291 . ?s pq:P805 ?value}
What is the partner spouse of Brigitte_Bardot ?,SELECT ?ans_1 ?ans_2 WHERE { wd:Q36268 wdt:P451 ?ans_1 . wd:Q36268 wdt:P26 ?ans_2 }
What animated film did Ellen DeGeneres do voice acting?,select distinct ?sbj where { ?sbj wdt:P725 wd:Q483325 . ?sbj wdt:P31 wd:Q202866 }
give me the coordinates of the river mouth of the river Ganges.,SELECT ?obj WHERE { wd:Q5089 p:P625 ?s . ?s ps:P625 ?obj . ?s pq:P518 wd:Q1233637 }
When  did the Characters of mentioned in Batman ?,SELECT ?answer WHERE { wd:Q2695156 wdt:P1441 ?X . ?X wdt:P674 ?answer}
How many people are on the New York Yankees?,SELECT (COUNT(?sub) AS ?value ) { ?sub wdt:P466 wd:Q213417 }
What science studies symmetry breaking?,SELECT ?answer WHERE { wd:Q903282 wdt:P2579 ?X . ?X wdt:P1036 ?answer}
Who founded and created Instagram?,SELECT ?ans_1 ?ans_2 WHERE { wd:Q209330 wdt:P170 ?ans_1 . wd:Q209330 wdt:P112 ?ans_2 }
What award did Maggie Smith win on 4/9/1979?,"SELECT ?obj WHERE { wd:Q172653 p:P166 ?s . ?s ps:P166 ?obj . ?s pq:P585 ?x filter(contains(YEAR(?x),'1979')) }"
What are the regions of the sovereign state of Baoting Li and Miao Autonomous County?,SELECT ?answer WHERE { wd:Q807080 wdt:P17 ?X . ?X wdt:P150 ?answer}
Who is nominated for Xuxa that is point in time is 2012-0-0?,"SELECT ?obj WHERE { wd:Q275939 p:P1411 ?s . ?s ps:P1411 ?obj . ?s pq:P585 ?x filter(contains(YEAR(?x),'2012')) }"
"Who is the member of Olivier Messiaen, whose longitude is -73.9469","SELECT ?answer WHERE { wd:Q151593 wdt:P463 ?answer . ?answer wdt:P625 ?x FILTER(contains(?x,'-73.9469'))}"
What do the stars on the United States of America symbolize?,SELECT ?value WHERE { wd:Q42537 p:P180 ?s . ?s ps:P180 wd:Q372254 . ?s pq:P4878 ?value}
Who edited the movie The Birth of a Nation ?,select distinct ?obj where { wd:Q220394 wdt:P1040 ?obj . ?obj wdt:P31 wd:Q5 }
What part did Mark Skaife play in 1926 24 Hours of Le Mans?,SELECT ?answer WHERE { wd:Q963937 wdt:P1344 ?answer . ?answer wdt:P793 wd:Q216349}
Where could you find Gothic art that was created no later than the year 1200?,"SELECT ?obj WHERE { wd:Q46825 p:P17 ?s . ?s ps:P17 ?obj . ?s pq:P582 ?x filter(contains(YEAR(?x),'1200')) }"
What effects and benefits does Limestone provide?,SELECT ?ans_1 ?ans_2 WHERE { wd:Q23757 wdt:P1542 ?ans_1 . wd:Q23757 wdt:P166 ?ans_2 }
Who participated in the conflict of Central Powers that preceded World War II?,SELECT ?answer WHERE { wd:Q152283 wdt:P607 ?answer . ?answer wdt:P156 wd:Q362}
What are the warfare which start with the letter w,"SELECT DISTINCT ?sbj ?sbj_label WHERE { ?sbj wdt:P31 wd:Q12786121 . ?sbj rdfs:label ?sbj_label . FILTER(STRSTARTS(lcase(?sbj_label), 'w')) . FILTER (lang(?sbj_label) = 'en') } LIMIT 25"
Is there a monument dedicated to the Iroquois tribe?,select distinct ?obj where { wd:Q68518 wdt:P1299 ?obj . ?obj wdt:P31 wd:Q4989906 }
What country shares a border with Iran and Afghanistan?,SELECT ?value WHERE { wd:Q794 p:P47 ?s . ?s ps:P47 wd:Q889 . ?s pq:P805 ?value}
WHICH  SPORTS IS SUCCEDED  ON 1993 RALLY GB,SELECT ?answer WHERE { wd:Q6361563 wdt:P156 ?X . ?X wdt:P641 ?answer}
What is the type of government in the state of Norfolk?,SELECT ?answer WHERE { wd:Q23109 wdt:P17 ?X . ?X wdt:P122 ?answer}
What was the population of Azerbaijan in 1994?,"SELECT ?obj WHERE { wd:Q227 p:P1082 ?s . ?s ps:P1082 ?obj . ?s pq:P585 ?x filter(contains(YEAR(?x),'1994')) }"
What is the characters of the appears in of Stacy Warner ?,SELECT ?answer WHERE { wd:Q2737645 wdt:P1441 ?X . ?X wdt:P674 ?answer}
Who gave the {formula} of {source material} of {pencil} ?,SELECT ?answer WHERE { wd:Q14674 wdt:P186 ?X . ?X wdt:P274 ?answer}
What is the Czechoslovakia member that has maxime of Союз мира и социализма?,"SELECT ?answer WHERE { wd:Q33946 wdt:P463 ?answer . ?answer wdt:P1451 ?x FILTER(contains(?x,'Союз мира и социализма'))}"
who is the country code top-level domain for top-level Internet domain  of German Democratic Republic?,select distinct ?obj where { wd:Q16957 wdt:P78 ?obj . ?obj wdt:P31 wd:Q42032 }
How many work locations are by Bangkok?,SELECT (COUNT(?sub) AS ?value ) { ?sub wdt:P937 wd:Q1861 }
When is the establishment date and where is the location of death of Ptolemy I Soter?,SELECT ?answer WHERE { wd:Q168261 wdt:P20 ?X . ?X wdt:P571 ?answer}
When did the Isle of Wight stop being a country in the Kingdom of England?,SELECT ?value WHERE { wd:Q9679 p:P17 ?s . ?s ps:P17 wd:Q179876 . ?s pq:P582 ?value}
tell me city of iran contains the word zaviyeh in their name,"SELECT DISTINCT ?sbj ?sbj_label WHERE { ?sbj wdt:P31 wd:Q56557504 . ?sbj rdfs:label ?sbj_label . FILTER(CONTAINS(lcase(?sbj_label), 'zaviyeh')) . FILTER (lang(?sbj_label) = 'en') } LIMIT 25"
When was Leonardo DiCaprio nominated for the Academy Award for Best Actor.,SELECT ?value WHERE { wd:Q38111 p:P1411 ?s . ?s ps:P1411 wd:Q103916 . ?s pq:P585 ?value}
What is the distance of Jupiter from the Sun?,SELECT ?obj WHERE { wd:Q319 p:P2243 ?s . ?s ps:P2243 ?obj . ?s pq:P2210 wd:Q525 }
"What is the death location, whose partner city is Jakarta, of Samuel Butler?",SELECT ?answer WHERE { wd:Q258766 wdt:P20 ?answer . ?answer wdt:P190 wd:Q3630}
Who are the inhabitants that comes from of Lost?,SELECT ?answer WHERE { wd:Q23567 wdt:P495 ?X . ?X wdt:P1082 ?answer}
What empire starts with the letter m?,"SELECT DISTINCT ?sbj ?sbj_label WHERE { ?sbj wdt:P31 wd:Q48349 . ?sbj rdfs:label ?sbj_label . FILTER(STRSTARTS(lcase(?sbj_label), 'm')) . FILTER (lang(?sbj_label) = 'en') } LIMIT 25"
How many different political ideas are in socialism?,SELECT (COUNT(?sub) AS ?value ) { ?sub wdt:P1142 wd:Q7272 }
Name the Character role played by Yunjin Kim as a cast in Lost?,SELECT ?value WHERE { wd:Q23567 p:P161 ?s . ?s ps:P161 wd:Q229389 . ?s pq:P453 ?value}
Which second language did Paul van Dyk study?,SELECT ?answer WHERE { wd:Q77034 wdt:P1412 ?X . ?X wdt:P4132 ?answer}
What is a contestant in the work of Walter Blakely?,SELECT ?answer WHERE { wd:Q28812083 wdt:P1441 ?X . ?X wdt:P161 ?answer}
Who is the {skyscraper} for {based on} of {Flatiron Building},select distinct ?sbj where { ?sbj wdt:P144 wd:Q220728 . ?sbj wdt:P31 wd:Q11303 }
Who is the {voice dubber} of the {Professor}?,SELECT ?answer WHERE { wd:Q28528264 wdt:P1441 ?X . ?X wdt:P725 ?answer}
What countries are part of the European Union?,select distinct ?obj where { wd:Q458 wdt:P150 ?obj . ?obj wdt:P31 wd:Q3624078 }
In what year was Franz Hasiba elected the second mayor deputy of Graz?,SELECT ?value WHERE { wd:Q13298 p:P6 ?s . ?s ps:P6 wd:Q1379391 . ?s pq:P580 ?value}
What town is near where Yi Sun-sin was born.,SELECT ?answer WHERE { wd:Q50184 wdt:P19 ?X . ?X wdt:P190 ?answer}
Which taxon has the highest frequency of audible sound?,select ?ent where { ?ent wdt:P31 wd:Q16521 . ?ent wdt:P3465 ?obj } ORDER BY DESC(?obj)LIMIT 5
Who was John Stuart Mill's stepparent?,select distinct ?sbj where { ?sbj wdt:P3448 wd:Q50020 . ?sbj wdt:P31 wd:Q5 }
What denomination in the Durrani Empire has a history in Islam?,SELECT ?answer WHERE { wd:Q467627 wdt:P140 ?answer . ?answer wdt:P2184 wd:Q642379}
When was Hartmut Mehdorn appointed a director at Deutsche Bahn?,SELECT ?value WHERE { wd:Q9322 p:P1037 ?s . ?s ps:P1037 wd:Q91984 . ?s pq:P580 ?value}
Which {endemic to} and the {parent taxon} of {Tasmanian_devil} ?,SELECT ?ans_1 ?ans_2 WHERE { wd:Q134964 wdt:P183 ?ans_1 . wd:Q134964 wdt:P171 ?ans_2 }
WHO IS THE TREND ROLE MODEL OF BUCKMINSTER FULLER?,SELECT ?answer WHERE { wd:Q102289 wdt:P737 ?X . ?X wdt:P135 ?answer}
who is co-founder for moveable object location of Justice of Brutus ?,SELECT ?answer WHERE { wd:Q28798249 wdt:P276 ?X . ?X wdt:P112 ?answer}
What time zone is the continent of Levant?,SELECT ?answer WHERE { wd:Q81483 wdt:P30 ?X . ?X wdt:P421 ?answer}
What is the form of government in the place where death metal originated?,SELECT ?answer WHERE { wd:Q483251 wdt:P495 ?X . ?X wdt:P122 ?answer}
What was Maggie Cheung's statement of subject when she was nominated for the Cesar Award for Best Actress?,SELECT ?value WHERE { wd:Q234778 p:P1411 ?s . ?s ps:P1411 wd:Q24241 . ?s pq:P805 ?value}
What is {developed} and {published on} {Need for Speed} ?,SELECT ?answer WHERE { wd:Q55679 wdt:P400 ?X . ?X wdt:P178 ?answer}
What town is twinned with 2NE1?,SELECT ?answer WHERE { wd:Q171885 wdt:P740 ?X . ?X wdt:P190 ?answer}
Name someone who graduated from McGill University,select distinct ?sbj where { ?sbj wdt:P1416 wd:Q201492 . ?sbj wdt:P31 wd:Q5 }
Which country for crime has a different from contravention?,SELECT ?value WHERE { wd:Q83267 p:P1889 ?s . ?s ps:P1889 wd:Q2995853 . ?s pq:P17 ?value}
"What award did Edwin Hubble receive on January 1st, 1939?","SELECT ?obj WHERE { wd:Q43027 p:P166 ?s . ?s ps:P166 ?obj . ?s pq:P585 ?x filter(contains(YEAR(?x),'1939')) }"
How many saints have obtained canonization status?,SELECT (COUNT(?sub) AS ?value ) { ?sub wdt:P411 wd:Q43115 }
What is landscape made of from Still Life with Apples?,SELECT ?answer WHERE { wd:Q3873325 wdt:P180 ?X . ?X wdt:P1582 ?answer}
Where is the Cleveland Stock Exchange located?,select distinct ?sbj where { ?sbj wdt:P159 wd:Q37320 . ?sbj wdt:P31 wd:Q11691 }
Name the shortest wheelbased Sport motorcycle,select ?ent where { ?ent wdt:P31 wd:Q23866334 . ?ent wdt:P3039 ?obj . ?ent wdt:P279 wd:Q1339146. } ORDER BY ASC(?obj)LIMIT 5
What is the taxonomy and study of trees?,SELECT ?ans_1 ?ans_2 WHERE { wd:Q10884 wdt:P2579 ?ans_1 . wd:Q10884 wdt:P1672 ?ans_2 }
WHAT IS GEOLOGICAL SUPEREON THAT STARTS WITH P,"SELECT DISTINCT ?sbj ?sbj_label WHERE { ?sbj wdt:P31 wd:Q15398983 . ?sbj rdfs:label ?sbj_label . FILTER(STRSTARTS(lcase(?sbj_label), 'p')) . FILTER (lang(?sbj_label) = 'en') } LIMIT 25"
In what country and location did the Battle of the Somme take place?,SELECT ?ans_1 ?ans_2 WHERE { wd:Q132568 wdt:P17 ?ans_1 . wd:Q132568 wdt:P276 ?ans_2 }
Who are Timur's child and father?,SELECT ?ans_1 ?ans_2 WHERE { wd:Q8462 wdt:P22 ?ans_1 . wd:Q8462 wdt:P40 ?ans_2 }
Who is the father of Norax that is the equivalent of Thoth?,SELECT ?answer WHERE { wd:Q146921 wdt:P460 ?answer . ?answer wdt:P40 wd:Q2661436}
Tell me the medication used for the treatment of post-traumatic stress disorder.,select distinct ?obj where { wd:Q202387 wdt:P2176 ?obj . ?obj wdt:P31 wd:Q12140 }
When did Raúl Castro marry Vilma Espín?,SELECT ?value WHERE { wd:Q46809 p:P26 ?s . ?s ps:P26 wd:Q466662 . ?s pq:P580 ?value}
What position in government did Franz Dobush have?,SELECT ?value WHERE { wd:Q41329 p:P6 ?s . ?s ps:P6 wd:Q1446553 . ?s pq:P39 ?value}
"What is the number of points/goals/set scored for Ali Daei, the member of sports team of Saipa F.C.?",SELECT ?value WHERE { wd:Q159622 p:P54 ?s . ?s ps:P54 wd:Q782983 . ?s pq:P1351 ?value}
When did Goldie Hawn and Gus Trikonis get married?,SELECT ?value WHERE { wd:Q188459 p:P26 ?s . ?s ps:P26 wd:Q5620782 . ?s pq:P580 ?value}
When did Brett Favre become a member of the Green Bay Packers?,SELECT ?value WHERE { wd:Q267088 p:P54 ?s . ?s ps:P54 wd:Q213837 . ?s pq:P580 ?value}
What is the type of procedure for the taxonomy of Durio,select distinct ?obj where { wd:Q2309085 wdt:P427 ?obj . ?obj wdt:P31 wd:Q16521 }
Where {faith} {has influence} on {Madonna} ?,SELECT ?answer WHERE { wd:Q1744 wdt:P737 ?X . ?X wdt:P140 ?answer}
In which twin cities was Prince Aloys Franz de Paula Maria born?,SELECT ?answer WHERE { wd:Q85538 wdt:P19 ?X . ?X wdt:P190 ?answer}
"Who is the creator of Quantum mechanics, and who was its creator?",SELECT ?ans_1 ?ans_2 WHERE { wd:Q944 wdt:P2184 ?ans_1 . wd:Q944 wdt:P170 ?ans_2 }
Tell me cave whose name has the word sesselfelsgrotte in it.,"SELECT DISTINCT ?sbj ?sbj_label WHERE { ?sbj wdt:P31 wd:Q35509 . ?sbj rdfs:label ?sbj_label . FILTER(CONTAINS(lcase(?sbj_label), 'sesselfelsgrotte')) . FILTER (lang(?sbj_label) = 'en') } LIMIT 25"
What kind of music did Antonio Aguilar form?,SELECT ?answer WHERE { wd:Q1958523 wdt:P136 ?X . ?X wdt:P571 ?answer}
When was the peseta replaced by the euro?,SELECT ?value WHERE { wd:Q4916 p:P1365 ?s . ?s ps:P1365 wd:Q189097 . ?s pq:P585 ?value}
When was Robert Frank awarded the Hasselblad Award?,SELECT ?value WHERE { wd:Q467574 p:P166 ?s . ?s ps:P166 wd:Q1324112 . ?s pq:P585 ?value}
Who replaced Arthur Fadden's held position as Prime Minister of Australia?,SELECT ?value WHERE { wd:Q23369 p:P39 ?s . ?s ps:P39 wd:Q319145 . ?s pq:P1365 ?value}
Who is informed by Dizzy Gillespie whose profession is conductor?,SELECT ?answer WHERE { wd:Q49575 wdt:P737 ?answer . ?answer wdt:P106 wd:Q158852}
When was Julius Erving awarded to the All-NBA Team?,SELECT ?value WHERE { wd:Q209921 p:P166 ?s . ?s ps:P166 wd:Q674359 . ?s pq:P585 ?value}
Who is the manager of Hans Zimmer?,select distinct ?sbj where { ?sbj wdt:P1037 wd:Q76364 . ?sbj wdt:P31 wd:Q1917775 }
Tell me the association football stadium of the structural engineer Sinclair Knight Merz which starts with the letter s?,"SELECT DISTINCT ?sbj ?sbj_label WHERE { ?sbj wdt:P31 wd:Q1154710 . ?sbj wdt:P631 wd:Q3459673 . ?sbj rdfs:label ?sbj_label . FILTER(STRSTARTS(lcase(?sbj_label), 's')) . FILTER (lang(?sbj_label) = 'en') } LIMIT 25"
What is the material used and approved by Mojito?,SELECT ?ans_1 ?ans_2 WHERE { wd:Q487338 wdt:P186 ?ans_1 . wd:Q487338 wdt:P790 ?ans_2 }
"""Which is {musical key} of {Piano Concerto}, whose {prequel is} is {D minor} ?""",SELECT ?answer WHERE { wd:Q44261 wdt:P826 ?answer . ?answer wdt:P155 wd:Q283903}
What is Robert Fumerton's battle formation?,SELECT ?answer WHERE { wd:Q7344580 wdt:P241 ?X . ?X wdt:P607 ?answer}
What is the diplomatic relation of the basin countries of the Black Sea?,SELECT ?answer WHERE { wd:Q166 wdt:P205 ?X . ?X wdt:P530 ?answer}
Who are the disciples of Christiaan Huygens who were informed by Maimonides?,SELECT ?answer WHERE { wd:Q39599 wdt:P802 ?answer . ?answer wdt:P737 wd:Q127398}
"""Which is {language official} of {Miss Universe}, where {has case} is {genitive case} ?""",SELECT ?answer WHERE { wd:Q161376 wdt:P37 ?answer . ?answer wdt:P2989 wd:Q146233}
When did Armenia become a member of the World Trade Organization?,SELECT ?value WHERE { wd:Q399 p:P463 ?s . ?s ps:P463 wd:Q7825 . ?s pq:P580 ?value}
What is the Hebrew writing system,select distinct ?obj where { wd:Q9288 wdt:P282 ?obj . ?obj wdt:P31 wd:Q185087 }
What did Jackie Stewart win in 1969?,"SELECT ?obj WHERE { wd:Q3188 p:P2522 ?s . ?s ps:P2522 ?obj . ?s pq:P585 ?x filter(contains(YEAR(?x),'1969')) }"
How much people are there in the  administrative territorial entity of Madeira?,SELECT ?answer WHERE { wd:Q26253 wdt:P131 ?X . ?X wdt:P1082 ?answer}
How many arnaments are for A-10 Thunderbolt II?,SELECT (COUNT(?obj) AS ?value ) { wd:Q192443 wdt:P520 ?obj }
What was the work of Francis Ford Coppola nominated as Academy Award for Best Director?,SELECT ?value WHERE { wd:Q56094 p:P1411 ?s . ?s ps:P1411 wd:Q103360 . ?s pq:P1686 ?value}
Where was Back to the Future (10-30-1985) published?,"SELECT ?value WHERE { wd:Q91540 p:P577 ?s . ?s ps:P577 ?x filter(contains(YEAR(?x),'1985')) . ?s pq:P291 ?value}"
A measure of Planck temperature is measured by what?,SELECT ?answer WHERE { wd:Q720055 wdt:P111 ?X . ?X wdt:P1880 ?answer}
What role Edward Burnett Tylor played to contribute to publish Dictionary of National Biography?,SELECT ?value WHERE { wd:Q141037 p:P3919 ?s . ?s ps:P3919 wd:Q1210343 . ?s pq:P2868 ?value}
Which business is owned by the Empire State Building?,select distinct ?obj where { wd:Q9188 wdt:P127 ?obj . ?obj wdt:P31 wd:Q4830453 }
What year was Edward Smith-Stanley's last year as Prime Minister of the United Kingdom?,SELECT ?value WHERE { wd:Q237829 p:P39 ?s . ?s ps:P39 wd:Q14211 . ?s pq:P582 ?value}
"What was the position held by Mahmud of Ghazn after replacing
Mohammad Ghaznavi} ?",SELECT ?obj WHERE { wd:Q189271 p:P39 ?s . ?s ps:P39 ?obj . ?s pq:P1366 wd:Q32627 }
which civil code starts with c,"SELECT DISTINCT ?sbj ?sbj_label WHERE { ?sbj wdt:P31 wd:Q1923776 . ?sbj rdfs:label ?sbj_label . FILTER(STRSTARTS(lcase(?sbj_label), 'c')) . FILTER (lang(?sbj_label) = 'en') } LIMIT 25"
In what series does Nanette Fabray play a character called Ruby?,SELECT ?value WHERE { wd:Q1291104 p:P735 ?s . ?s ps:P735 wd:Q1061262 . ?s pq:P1545 ?value}
Which organization act as subsidiary to OECD?,select distinct ?obj where { wd:Q41550 wdt:P355 ?obj . ?obj wdt:P31 wd:Q43229 }
What is the specific gravity of lemonade?,SELECT ?answer WHERE { wd:Q893 wdt:P186 ?X . ?X wdt:P2054 ?answer}
How many careers are related to poultry farming?,SELECT (COUNT(?sub) AS ?value ) { ?sub wdt:P101 wd:Q861182 }
What is persimmon's higher taxon?,SELECT ?answer WHERE { wd:Q29526 wdt:P1582 ?X . ?X wdt:P171 ?answer}
What branch of theology was studied by the Old Testament?,select distinct ?obj where { wd:Q19786 wdt:P2579 ?obj . ?obj wdt:P31 wd:Q60310061 }
When did Charles Stewart Parnell start holding the position as Member of the 24th Parliament of the United Kingdom?,SELECT ?value WHERE { wd:Q317436 p:P39 ?s . ?s ps:P39 wd:Q41582570 . ?s pq:P580 ?value}
What honors have coined the compact disc?,SELECT ?answer WHERE { wd:Q34467 wdt:P61 ?X . ?X wdt:P166 ?answer}
What is the outcome of painting of the lord Cochrane ?,SELECT ?answer WHERE { wd:Q55007610 wdt:P180 ?X . ?X wdt:P1542 ?answer}
Who is the CEO of Qantas?,select distinct ?obj where { wd:Q32491 wdt:P169 ?obj . ?obj wdt:P31 wd:Q5 }
What national holiday references The McGuire Sisters?,SELECT ?answer WHERE { wd:Q303238 wdt:P495 ?X . ?X wdt:P832 ?answer}
What are the economic policy which start with the letter t,"SELECT DISTINCT ?sbj ?sbj_label WHERE { ?sbj wdt:P31 wd:Q582577 . ?sbj rdfs:label ?sbj_label . FILTER(STRSTARTS(lcase(?sbj_label), 't')) . FILTER (lang(?sbj_label) = 'en') } LIMIT 25"
Which English unit of measurement has the highest conversion to an SI unit?,select ?ent where { ?ent wdt:P31 wd:Q16782623 . ?ent wdt:P2370 ?obj } ORDER BY DESC(?obj)LIMIT 5
What are the recurring events which start with the letter w,"SELECT DISTINCT ?sbj ?sbj_label WHERE { ?sbj wdt:P31 wd:Q15275719 . ?sbj rdfs:label ?sbj_label . FILTER(STRSTARTS(lcase(?sbj_label), 'w')) . FILTER (lang(?sbj_label) = 'en') } LIMIT 25"
In what district did Yuri Nikulin die?,SELECT ?answer WHERE { wd:Q310873 wdt:P20 ?X . ?X wdt:P150 ?answer}
Where where the rural scenes for the first Star Wars movie filmed?,SELECT ?answer WHERE { wd:Q17738 wdt:P915 ?X . ?X wdt:P150 ?answer}
What cast member plays Michelle Dessler in 24?,SELECT ?obj WHERE { wd:Q56194 p:P161 ?s . ?s ps:P161 ?obj . ?s pq:P453 wd:Q255537 }
What organization is the highest authority in snooker ?,select distinct ?obj where { wd:Q11015 wdt:P797 ?obj . ?obj wdt:P31 wd:Q11422536 }
WHO IS THE MUSICAL ARTIST OF THE FILM MINORITY?,SELECT ?answer WHERE { wd:Q2453229 wdt:P175 ?X . ?X wdt:P136 ?answer}
What are the railway tunnel which start with the letter T,"SELECT DISTINCT ?sbj ?sbj_label WHERE { ?sbj wdt:P31 wd:Q1311958 . ?sbj rdfs:label ?sbj_label . FILTER(STRSTARTS(lcase(?sbj_label), 't')) . FILTER (lang(?sbj_label) = 'en') } LIMIT 25"
Which borders of borders of Riverside have a start date of 1984-0-0?,"SELECT ?answer WHERE { wd:Q49243 wdt:P47 ?answer . ?answer wdt:P571 ?x FILTER(contains(YEAR(?x),'1984'))}"
What are theprogramming language which start with the letter x,"SELECT DISTINCT ?sbj ?sbj_label WHERE { ?sbj wdt:P31 wd:Q9143 . ?sbj rdfs:label ?sbj_label . FILTER(STRSTARTS(lcase(?sbj_label), 'x')) . FILTER (lang(?sbj_label) = 'en') } LIMIT 25"
What is { total revenue } of { Alibaba Group } that is { time point } { 2016 - 0 }?,"SELECT ?obj WHERE { wd:Q1359568 p:P2139 ?s . ?s ps:P2139 ?obj . ?s pq:P585 ?x filter(contains(YEAR(?x),'2016')) }"
Is Kuala Lumpur the state of Malaysia,select distinct ?obj where { wd:Q1865 wdt:P501 ?obj . ?obj wdt:P31 wd:Q15063586 }
When did Juan José Flores begin his term as President of Ecuador?,SELECT ?value WHERE { wd:Q554933 p:P39 ?s . ?s ps:P39 wd:Q732562 . ?s pq:P580 ?value}
Who are the alumni of the developer of Gregorian telescope?,SELECT ?answer WHERE { wd:Q742318 wdt:P61 ?X . ?X wdt:P69 ?answer}
Who are the members of the Koch family?,select distinct ?sbj where { ?sbj wdt:P53 wd:Q2896603 . ?sbj wdt:P31 wd:Q5 }
What {nomination did Dmitry Merezhkovsky receive} on the {incorporation date} {1901-0-0}?,"SELECT ?answer WHERE { wd:Q326459 wdt:P1411 ?answer . ?answer wdt:P571 ?x FILTER(contains(YEAR(?x),'1901'))}"
who top dog of martha raye ?,SELECT ?answer WHERE { wd:Q435236 wdt:P166 ?X . ?X wdt:P1346 ?answer}
Which characters of Tosca Are U  carceriere?,"SELECT ?obj WHERE { wd:Q192941 p:P674 ?s . ?s ps:P674 ?obj . ?s pq:P1705 ?x filter(contains(?x,'Un carceriere')) }"
When did Windows 10 stop running version 10.0.17134.81?,"SELECT ?value WHERE { wd:Q18168774 p:P348 ?s . ?s ps:P348 ?x filter(contains(?x,'10.0.17134.81')) . ?s pq:P582 ?value}"
What is Babirusa's taxon parent's taxonomic rank in the tribe?,SELECT ?answer WHERE { wd:Q232558 wdt:P171 ?answer . ?answer wdt:P105 wd:Q227936}
What is the spoken language of Jadwiga of Poland?,SELECT ?answer WHERE { wd:Q53449 wdt:P3373 ?X . ?X wdt:P1412 ?answer}
Which talent agency represents James Stewart?,select distinct ?sbj where { ?sbj wdt:P1268 wd:Q102462 . ?sbj wdt:P31 wd:Q5354754 }
Which chemical element of subclass period 5 has the highest density?,select ?ent where { ?ent wdt:P31 wd:Q11344 . ?ent wdt:P2054 ?obj . ?ent wdt:P279 wd:Q244982 } ORDER BY DESC(?obj)LIMIT 5
Who is the artist for the song Welcome to the Black Parade?,SELECT ?answer WHERE { wd:Q2068199 wdt:P156 ?X . ?X wdt:P175 ?answer}
How many students did Hans Hofmann have?,SELECT (COUNT(?sub) AS ?value ) { ?sub wdt:P1066 wd:Q215461 }
What was William Butler Yeats nominated for in the year 1918?,"SELECT ?obj WHERE { wd:Q40213 p:P1411 ?s . ?s ps:P1411 ?obj . ?s pq:P585 ?x filter(contains(YEAR(?x),'1918')) }"
When did C. Everett Koop stop being the Surgeon General of the United States?,SELECT ?value WHERE { wd:Q3306168 p:P39 ?s . ?s ps:P39 wd:Q1434880 . ?s pq:P582 ?value}
What the heck is Navier-Stokes equations in mathematics?,SELECT ?answer WHERE { wd:Q201321 wdt:P138 ?answer . ?answer wdt:P106 wd:Q170790}
Heterosexuality is a type of sexual orientation?,SELECT (COUNT(?sub) AS ?value ) { ?sub wdt:P91 wd:Q1035954 }
"""What is the {different than} of {waltz}, with the {movie director} of {Norbert ter Hall}?""",SELECT ?answer WHERE { wd:Q193434 wdt:P1889 ?answer . ?answer wdt:P57 wd:Q2110132}
"""Which is {language of work} of {bey}, whose {typology} is {subject–object–verb language} ?""",SELECT ?answer WHERE { wd:Q181217 wdt:P407 ?answer . ?answer wdt:P4132 wd:Q539808}
What is the observable dimension and physical quantity of bushel?,SELECT ?answer WHERE { wd:Q216658 wdt:P111 ?X . ?X wdt:P4020 ?answer}
What is the award received by Nawaz Shari by the replacement of Ghulam Mustafa Jatoi?,SELECT ?obj WHERE { wd:Q134068 p:P39 ?s . ?s ps:P39 ?obj . ?s pq:P1365 wd:Q2039548 }
What region of Lincolnshire is located in the East Midlands?,SELECT ?value WHERE { wd:Q23090 p:P131 ?s . ?s ps:P131 wd:Q47994 . ?s pq:P518 ?value}
What characters are part of the series called A Fish Called Selma?,SELECT ?answer WHERE { wd:Q2740476 wdt:P179 ?X . ?X wdt:P674 ?answer}
Explain the historical process of a polymerase chain reaction.,select distinct ?sbj where { ?sbj wdt:P1269 wd:Q176996 . ?sbj wdt:P31 wd:Q17524420 }
which isotope of Platinum has the lowest binding energy,select ?ent where { ?ent wdt:P31 wd:Q19475 . ?ent wdt:P2154 ?obj . ?ent wdt:P279 wd:Q880. } ORDER BY ASC(?obj)LIMIT 5
What is in the district of Nord-Pas-de-Calais whose member is International Hydrographic Organization?,SELECT ?answer WHERE { wd:Q16987 wdt:P131 ?answer . ?answer wdt:P463 wd:Q233611}
"What is the actress, that has received the Bodil Award for Best Actress in a Leading Role?",SELECT ?value WHERE { wd:Q42455 p:P166 ?s . ?s ps:P166 wd:Q889837 . ?s pq:P1686 ?value}
How many platforms does {x86} has?,SELECT (COUNT(?sub) AS ?value ) { ?sub wdt:P400 wd:Q182933 }
In which country is Beijing?,select distinct ?sbj where { ?sbj wdt:P150 wd:Q956 . ?sbj wdt:P31 wd:Q6256 }
Name a landmark located in the administrative territorial entity of Old Toronto that starts with letter C,"SELECT DISTINCT ?sbj ?sbj_label WHERE { ?sbj wdt:P31 wd:Q2319498 . ?sbj wdt:P131 wd:Q919169 . ?sbj rdfs:label ?sbj_label . FILTER(STRSTARTS(lcase(?sbj_label), 'c')) . FILTER (lang(?sbj_label) = 'en') } LIMIT 25"
What is the cause of Alcoholism and what is its health speciality?,SELECT ?ans_1 ?ans_2 WHERE { wd:Q15326 wdt:P828 ?ans_1 . wd:Q15326 wdt:P1995 ?ans_2 }
L-phenylalanine is encoded by?,select distinct ?obj where { wd:Q170545 wdt:P702 ?obj . ?obj wdt:P31 wd:Q165052 }
What does Paul Simon's discography mean?,select distinct ?obj where { wd:Q4028 wdt:P358 ?obj . ?obj wdt:P31 wd:Q273057 }
What is Impressionism?,select distinct ?sbj where { ?sbj wdt:P135 wd:Q40415 . ?sbj wdt:P31 wd:Q3305213 }
What countries are involved in the African Union?,select distinct ?sbj where { ?sbj wdt:P530 wd:Q7159 . ?sbj wdt:P31 wd:Q859563 }
What are thewater deity which start with the letter'y,"SELECT DISTINCT ?sbj ?sbj_label WHERE { ?sbj wdt:P31 wd:Q1916821 . ?sbj rdfs:label ?sbj_label . FILTER(STRSTARTS(lcase(?sbj_label), 'y')) . FILTER (lang(?sbj_label) = 'en') } LIMIT 25"
"Give me a country name which has economic crisis at present, that starts with an alphabet 'p'.","SELECT DISTINCT ?sbj ?sbj_label WHERE { ?sbj wdt:P31 wd:Q290178 . ?sbj rdfs:label ?sbj_label . FILTER(STRSTARTS(lcase(?sbj_label), 'p')) . FILTER (lang(?sbj_label) = 'en') } LIMIT 25"
